profile_id,resource_id,relevance
P001,R0001,1
P001,R0002,0
P001,R0003,0
P001,R0004,0
P001,R0005,1
P001,R0006,2
P001,R0007,0
P001,R0008,0
P001,R0009,0
P001,R0010,0
P001,R0011,0
P001,R0012,0
P001,R0013,0
P001,R0014,0
P001,R0015,0
P001,R0016,0
P001,R0017,0
P001,R0018,0
P001,R0019,0
P001,R0020,1
P001,R0021,0
P001,R0022,0
P001,R0023,0
P001,R0024,0
P001,R0025,0
P001,R0026,0
P001,R0027,0
P001,R0028,0
P001,R0029,0
P001,R0030,0
P001,R0031,0
P001,R0032,0
P001,R0033,1
P001,R0034,2
P001,R0035,0
P001,R0036,0
P001,R0037,0
P001,R0038,0
P001,R0039,1
P001,R0040,1
P001,R0041,2
P001,R0042,0
P001,R0043,2
P001,R0044,2
P001,R0045,2
P001,R0046,0
P001,R0047,0
P001,R0048,0
P001,R0049,0
P001,R0050,1
P001,R0051,1
P001,R0052,2
P001,R0053,1
P001,R0054,0
P001,R0055,0
P001,R0056,0
P001,R0057,0
P001,R0058,0
P001,R0059,1
P001,R0060,0
P001,R0061,0
P001,R0062,1
P001,R0063,2
P001,R0064,1
P001,R0065,1
P001,R0066,0
P001,R0067,1
P001,R0068,0
P001,R0069,0
P001,R0070,0
P001,R0071,0
P001,R0072,0
P001,R0073,0
P001,R0074,0
P001,R0075,0
P001,R0076,0
P001,R0077,0
P001,R0078,0
P001,R0079,0
P001,R0080,0
P001,R0081,1
P001,R0082,1
P001,R0083,1
P001,R0084,0
P001,R0085,0
P001,R0086,0
P001,R0087,1
P001,R0088,0
P001,R0089,0
P001,R0090,0
P001,R0091,0
P001,R0092,0
P001,R0093,0
P001,R0094,1
P001,R0095,1
P001,R0096,0
P001,R0097,0
P001,R0098,0
P001,R0099,1
P001,R0100,0
P001,R0101,0
P001,R0102,0
P001,R0103,0
P001,R0104,1
P001,R0105,1
P001,R0106,0
P001,R0107,0
P001,R0108,0
P001,R0109,1
P001,R0110,0
P001,R0111,1
P001,R0112,0
P001,R0113,0
P001,R0114,0
P001,R0115,0
P001,R0116,0
P001,R0117,0
P001,R0118,0
P001,R0119,0
P001,R0120,0
P001,R0121,2
P001,R0122,0
P001,R0123,0
P001,R0124,0
P001,R0125,1
P001,R0126,0
P001,R0127,0
P001,R0128,1
P001,R0129,0
P001,R0130,0
P001,R0131,0
P001,R0132,2
P001,R0133,0
P001,R0134,0
P001,R0135,0
P001,R0136,0
P001,R0137,2
P001,R0138,0
P001,R0139,1
P001,R0140,0
P001,R0141,1
P001,R0142,2
P001,R0143,2
P001,R0144,0
P001,R0145,0
P001,R0146,0
P001,R0147,0
P001,R0148,0
P001,R0149,0
P001,R0150,0
P001,R0151,0
P001,R0152,0
P001,R0153,0
P001,R0154,0
P001,R0155,0
P001,R0156,0
P001,R0157,0
P001,R0158,0
P001,R0159,0
P001,R0160,0
P001,R0161,0
P001,R0162,1
P001,R0163,1
P001,R0164,1
P001,R0165,0
P001,R0166,0
P001,R0167,0
P001,R0168,0
P001,R0169,0
P001,R0170,0
P001,R0171,0
P001,R0172,0
P001,R0173,1
P001,R0174,0
P001,R0175,1
P001,R0176,0
P001,R0177,2
P001,R0178,0
P001,R0179,0
P001,R0180,2
P001,R0181,0
P001,R0182,2
P001,R0183,0
P001,R0184,0
P001,R0185,0
P001,R0186,1
P001,R0187,0
P001,R0188,0
P001,R0189,2
P001,R0190,0
P001,R0191,0
P001,R0192,0
P001,R0193,2
P001,R0194,0
P001,R0195,0
P001,R0196,0
P001,R0197,2
P001,R0198,0
P001,R0199,2
P001,R0200,0
P001,R0201,0
P001,R0202,0
P001,R0203,2
P001,R0204,0
P001,R0205,0
P001,R0206,2
P001,R0207,1
P001,R0208,2
P001,R0209,0
P001,R0210,0
P001,R0211,0
P001,R0212,0
P001,R0213,0
P001,R0214,0
P001,R0215,0
P001,R0216,0
P001,R0217,0
P001,R0218,2
P001,R0219,0
P001,R0220,0
P001,R0221,0
P001,R0222,0
P001,R0223,0
P001,R0224,0
P001,R0225,0
P001,R0226,0
P001,R0227,2
P001,R0228,0
P001,R0229,0
P001,R0230,2
P001,R0231,1
P001,R0232,2
P001,R0233,2
P001,R0234,0
P001,R0235,1
P001,R0236,0
P001,R0237,1
P001,R0238,0
P001,R0239,0
P001,R0240,2
P001,R0241,2
P001,R0242,0
P001,R0243,0
P001,R0244,0
P001,R0245,0
P001,R0246,0
P001,R0247,0
P001,R0248,0
P001,R0249,0
P001,R0250,0
P001,R0251,0
P001,R0252,0
P001,R0253,0
P001,R0254,2
P001,R0255,0
P001,R0256,0
P001,R0257,0
P001,R0258,1
P001,R0259,0
P001,R0260,0
P001,R0261,0
P001,R0262,1
P001,R0263,0
P001,R0264,0
P001,R0265,1
P001,R0266,0
P001,R0267,1
P001,R0268,0
P001,R0269,0
P001,R0270,0
P001,R0271,2
P001,R0272,0
P001,R0273,0
P001,R0274,0
P001,R0275,2
P001,R0276,0
P001,R0277,0
P001,R0278,0
P001,R0279,2
P001,R0280,0
P001,R0281,0
P001,R0282,0
P001,R0283,1
P001,R0284,2
P001,R0285,2
P001,R0286,1
P001,R0287,1
P001,R0288,0
P001,R0289,1
P001,R0290,0
P001,R0291,0
P001,R0292,0
P001,R0293,1
P001,R0294,0
P001,R0295,0
P001,R0296,0
P001,R0297,0
P001,R0298,0
P001,R0299,0
P001,R0300,1
P001,R0301,0
P001,R0302,0
P001,R0303,1
P001,R0304,0
P001,R0305,0
P001,R0306,0
P001,R0307,0
P001,R0308,0
P001,R0309,0
P001,R0310,0
P001,R0311,1
P001,R0312,0
P001,R0313,0
P001,R0314,0
P001,R0315,0
P001,R0316,0
P001,R0317,2
P001,R0318,0
P001,R0319,0
P001,R0320,1
P001,R0321,0
P001,R0322,0
P001,R0323,0
P001,R0324,0
P001,R0325,2
P001,R0326,0
P001,R0327,0
P001,R0328,0
P001,R0329,0
P001,R0330,0
P001,R0331,2
P001,R0332,0
P001,R0333,0
P001,R0334,0
P001,R0335,0
P001,R0336,0
P001,R0337,0
P001,R0338,0
P001,R0339,2
P001,R0340,1
P001,R0341,1
P001,R0342,2
P001,R0343,0
P001,R0344,0
P001,R0345,0
P001,R0346,0
P001,R0347,2
P001,R0348,0
P001,R0349,2
P001,R0350,0
P001,R0351,0
P001,R0352,0
P001,R0353,0
P001,R0354,0
P001,R0355,0
P001,R0356,0
P001,R0357,0
P001,R0358,0
P001,R0359,1
P001,R0360,0
P001,R0361,0
P001,R0362,1
P001,R0363,0
P001,R0364,1
P001,R0365,2
P001,R0366,0
P001,R0367,0
P001,R0368,2
P001,R0369,0
P001,R0370,0
P001,R0371,0
P001,R0372,0
P001,R0373,0
P001,R0374,1
P001,R0375,2
P001,R0376,0
P001,R0377,0
P001,R0378,0
P001,R0379,0
P001,R0380,0
P001,R0381,0
P001,R0382,0
P001,R0383,2
P001,R0384,2
P001,R0385,0
P001,R0386,0
P001,R0387,0
P001,R0388,2
P001,R0389,0
P001,R0390,0
P001,R0391,1
P001,R0392,2
P001,R0393,0
P001,R0394,0
P001,R0395,0
P001,R0396,0
P001,R0397,1
P001,R0398,0
P001,R0399,0
P001,R0400,0
P001,R0401,0
P001,R0402,0
P001,R0403,1
P001,R0404,0
P001,R0405,1
P001,R0406,0
P001,R0407,0
P001,R0408,2
P001,R0409,1
P001,R0410,0
P001,R0411,0
P001,R0412,0
P001,R0413,0
P001,R0414,0
P001,R0415,0
P001,R0416,0
P001,R0417,0
P001,R0418,2
P001,R0419,0
P001,R0420,1
P001,R0421,1
P001,R0422,0
P001,R0423,0
P001,R0424,2
P001,R0425,0
P001,R0426,0
P001,R0427,0
P001,R0428,0
P001,R0429,0
P001,R0430,0
P001,R0431,1
P001,R0432,0
P001,R0433,0
P001,R0434,0
P001,R0435,0
P001,R0436,0
P001,R0437,2
P001,R0438,0
P001,R0439,1
P001,R0440,1
P001,R0441,0
P001,R0442,0
P001,R0443,0
P001,R0444,0
P001,R0445,2
P001,R0446,0
P001,R0447,1
P001,R0448,1
P001,R0449,0
P001,R0450,0
P001,R0451,1
P001,R0452,0
P001,R0453,0
P001,R0454,0
P001,R0455,0
P001,R0456,0
P001,R0457,0
P001,R0458,0
P001,R0459,0
P001,R0460,0
P001,R0461,0
P001,R0462,0
P001,R0463,0
P001,R0464,0
P001,R0465,0
P001,R0466,2
P001,R0467,0
P001,R0468,2
P001,R0469,0
P001,R0470,0
P001,R0471,2
P001,R0472,1
P001,R0473,0
P001,R0474,1
P001,R0475,0
P001,R0476,0
P001,R0477,0
P001,R0478,1
P001,R0479,1
P001,R0480,0
P001,R0481,0
P001,R0482,2
P001,R0483,0
P001,R0484,1
P001,R0485,0
P001,R0486,1
P001,R0487,0
P001,R0488,0
P001,R0489,1
P001,R0490,1
P001,R0491,0
P001,R0492,0
P001,R0493,0
P001,R0494,0
P001,R0495,0
P001,R0496,0
P001,R0497,2
P001,R0498,1
P001,R0499,0
P001,R0500,1
P001,R0501,1
P001,R0502,0
P001,R0503,0
P001,R0504,0
P001,R0505,2
P001,R0506,0
P001,R0507,0
P001,R0508,0
P001,R0509,0
P001,R0510,0
P001,R0511,0
P001,R0512,2
P001,R0513,0
P001,R0514,0
P001,R0515,0
P001,R0516,0
P001,R0517,2
P001,R0518,0
P001,R0519,0
P001,R0520,2
P001,R0521,0
P001,R0522,0
P001,R0523,1
P001,R0524,0
P001,R0525,0
P001,R0526,2
P001,R0527,0
P001,R0528,0
P001,R0529,1
P001,R0530,0
P001,R0531,0
P001,R0532,0
P001,R0533,0
P001,R0534,0
P001,R0535,0
P001,R0536,0
P001,R0537,1
P001,R0538,0
P001,R0539,0
P001,R0540,0
P001,R0541,0
P001,R0542,0
P001,R0543,2
P001,R0544,0
P001,R0545,0
P001,R0546,0
P001,R0547,0
P001,R0548,0
P001,R0549,0
P001,R0550,0
P001,R0551,0
P001,R0552,1
P001,R0553,0
P001,R0554,0
P001,R0555,0
P001,R0556,0
P001,R0557,1
P001,R0558,0
P001,R0559,1
P001,R0560,2
P001,R0561,0
P001,R0562,0
P001,R0563,0
P001,R0564,0
P001,R0565,0
P001,R0566,1
P001,R0567,0
P001,R0568,0
P001,R0569,0
P001,R0570,0
P001,R0571,1
P001,R0572,0
P001,R0573,0
P001,R0574,0
P001,R0575,0
P001,R0576,0
P001,R0577,2
P001,R0578,0
P001,R0579,0
P001,R0580,0
P001,R0581,0
P001,R0582,0
P001,R0583,0
P001,R0584,1
P001,R0585,1
P001,R0586,0
P001,R0587,0
P001,R0588,0
P001,R0589,0
P001,R0590,0
P001,R0591,0
P001,R0592,0
P001,R0593,0
P001,R0594,0
P001,R0595,0
P001,R0596,0
P001,R0597,0
P001,R0598,0
P001,R0599,1
P001,R0600,0
P002,R0001,1
P002,R0002,1
P002,R0003,1
P002,R0004,1
P002,R0005,1
P002,R0006,1
P002,R0007,1
P002,R0008,1
P002,R0009,1
P002,R0010,2
P002,R0011,2
P002,R0012,2
P002,R0013,1
P002,R0014,1
P002,R0015,1
P002,R0016,2
P002,R0017,2
P002,R0018,2
P002,R0019,1
P002,R0020,2
P002,R0021,1
P002,R0022,2
P002,R0023,1
P002,R0024,1
P002,R0025,2
P002,R0026,1
P002,R0027,2
P002,R0028,1
P002,R0029,1
P002,R0030,2
P002,R0031,1
P002,R0032,1
P002,R0033,2
P002,R0034,1
P002,R0035,1
P002,R0036,1
P002,R0037,1
P002,R0038,1
P002,R0039,1
P002,R0040,1
P002,R0041,1
P002,R0042,1
P002,R0043,2
P002,R0044,1
P002,R0045,1
P002,R0046,2
P002,R0047,1
P002,R0048,1
P002,R0049,1
P002,R0050,1
P002,R0051,1
P002,R0052,1
P002,R0053,1
P002,R0054,1
P002,R0055,1
P002,R0056,1
P002,R0057,2
P002,R0058,1
P002,R0059,1
P002,R0060,1
P002,R0061,1
P002,R0062,1
P002,R0063,1
P002,R0064,1
P002,R0065,1
P002,R0066,1
P002,R0067,1
P002,R0068,1
P002,R0069,1
P002,R0070,1
P002,R0071,1
P002,R0072,1
P002,R0073,1
P002,R0074,1
P002,R0075,1
P002,R0076,1
P002,R0077,1
P002,R0078,2
P002,R0079,1
P002,R0080,2
P002,R0081,1
P002,R0082,2
P002,R0083,1
P002,R0084,1
P002,R0085,1
P002,R0086,2
P002,R0087,1
P002,R0088,1
P002,R0089,1
P002,R0090,1
P002,R0091,1
P002,R0092,1
P002,R0093,1
P002,R0094,1
P002,R0095,1
P002,R0096,2
P002,R0097,1
P002,R0098,1
P002,R0099,1
P002,R0100,1
P002,R0101,1
P002,R0102,1
P002,R0103,1
P002,R0104,1
P002,R0105,1
P002,R0106,1
P002,R0107,1
P002,R0108,1
P002,R0109,1
P002,R0110,2
P002,R0111,1
P002,R0112,1
P002,R0113,1
P002,R0114,1
P002,R0115,1
P002,R0116,1
P002,R0117,2
P002,R0118,1
P002,R0119,1
P002,R0120,2
P002,R0121,1
P002,R0122,2
P002,R0123,1
P002,R0124,2
P002,R0125,1
P002,R0126,1
P002,R0127,1
P002,R0128,1
P002,R0129,1
P002,R0130,1
P002,R0131,2
P002,R0132,1
P002,R0133,1
P002,R0134,1
P002,R0135,1
P002,R0136,1
P002,R0137,1
P002,R0138,1
P002,R0139,1
P002,R0140,1
P002,R0141,1
P002,R0142,2
P002,R0143,1
P002,R0144,1
P002,R0145,1
P002,R0146,1
P002,R0147,1
P002,R0148,1
P002,R0149,1
P002,R0150,1
P002,R0151,2
P002,R0152,2
P002,R0153,1
P002,R0154,1
P002,R0155,1
P002,R0156,1
P002,R0157,1
P002,R0158,1
P002,R0159,1
P002,R0160,1
P002,R0161,2
P002,R0162,1
P002,R0163,1
P002,R0164,1
P002,R0165,1
P002,R0166,1
P002,R0167,1
P002,R0168,1
P002,R0169,1
P002,R0170,1
P002,R0171,2
P002,R0172,1
P002,R0173,1
P002,R0174,1
P002,R0175,1
P002,R0176,1
P002,R0177,2
P002,R0178,1
P002,R0179,1
P002,R0180,1
P002,R0181,1
P002,R0182,1
P002,R0183,2
P002,R0184,1
P002,R0185,1
P002,R0186,1
P002,R0187,1
P002,R0188,1
P002,R0189,1
P002,R0190,2
P002,R0191,1
P002,R0192,2
P002,R0193,1
P002,R0194,1
P002,R0195,1
P002,R0196,1
P002,R0197,1
P002,R0198,1
P002,R0199,1
P002,R0200,2
P002,R0201,1
P002,R0202,2
P002,R0203,1
P002,R0204,1
P002,R0205,1
P002,R0206,1
P002,R0207,2
P002,R0208,1
P002,R0209,1
P002,R0210,1
P002,R0211,2
P002,R0212,2
P002,R0213,1
P002,R0214,1
P002,R0215,2
P002,R0216,2
P002,R0217,1
P002,R0218,1
P002,R0219,1
P002,R0220,2
P002,R0221,1
P002,R0222,2
P002,R0223,1
P002,R0224,1
P002,R0225,1
P002,R0226,1
P002,R0227,1
P002,R0228,1
P002,R0229,2
P002,R0230,1
P002,R0231,1
P002,R0232,1
P002,R0233,1
P002,R0234,1
P002,R0235,2
P002,R0236,1
P002,R0237,1
P002,R0238,1
P002,R0239,1
P002,R0240,1
P002,R0241,1
P002,R0242,1
P002,R0243,1
P002,R0244,1
P002,R0245,1
P002,R0246,1
P002,R0247,1
P002,R0248,1
P002,R0249,2
P002,R0250,1
P002,R0251,1
P002,R0252,2
P002,R0253,1
P002,R0254,1
P002,R0255,1
P002,R0256,2
P002,R0257,2
P002,R0258,1
P002,R0259,1
P002,R0260,2
P002,R0261,1
P002,R0262,1
P002,R0263,2
P002,R0264,1
P002,R0265,1
P002,R0266,1
P002,R0267,1
P002,R0268,2
P002,R0269,1
P002,R0270,1
P002,R0271,2
P002,R0272,1
P002,R0273,1
P002,R0274,1
P002,R0275,1
P002,R0276,1
P002,R0277,1
P002,R0278,1
P002,R0279,1
P002,R0280,1
P002,R0281,2
P002,R0282,1
P002,R0283,2
P002,R0284,1
P002,R0285,1
P002,R0286,1
P002,R0287,1
P002,R0288,1
P002,R0289,1
P002,R0290,1
P002,R0291,1
P002,R0292,1
P002,R0293,1
P002,R0294,2
P002,R0295,2
P002,R0296,1
P002,R0297,2
P002,R0298,1
P002,R0299,1
P002,R0300,1
P002,R0301,1
P002,R0302,1
P002,R0303,1
P002,R0304,1
P002,R0305,1
P002,R0306,2
P002,R0307,1
P002,R0308,1
P002,R0309,2
P002,R0310,2
P002,R0311,1
P002,R0312,1
P002,R0313,2
P002,R0314,1
P002,R0315,1
P002,R0316,1
P002,R0317,1
P002,R0318,1
P002,R0319,1
P002,R0320,1
P002,R0321,1
P002,R0322,1
P002,R0323,2
P002,R0324,1
P002,R0325,1
P002,R0326,1
P002,R0327,1
P002,R0328,1
P002,R0329,1
P002,R0330,1
P002,R0331,1
P002,R0332,1
P002,R0333,1
P002,R0334,1
P002,R0335,1
P002,R0336,2
P002,R0337,1
P002,R0338,1
P002,R0339,2
P002,R0340,1
P002,R0341,1
P002,R0342,1
P002,R0343,2
P002,R0344,1
P002,R0345,1
P002,R0346,1
P002,R0347,1
P002,R0348,2
P002,R0349,1
P002,R0350,1
P002,R0351,1
P002,R0352,1
P002,R0353,1
P002,R0354,1
P002,R0355,1
P002,R0356,1
P002,R0357,2
P002,R0358,2
P002,R0359,1
P002,R0360,1
P002,R0361,1
P002,R0362,1
P002,R0363,2
P002,R0364,1
P002,R0365,1
P002,R0366,2
P002,R0367,2
P002,R0368,1
P002,R0369,1
P002,R0370,1
P002,R0371,2
P002,R0372,2
P002,R0373,1
P002,R0374,1
P002,R0375,1
P002,R0376,1
P002,R0377,1
P002,R0378,2
P002,R0379,1
P002,R0380,1
P002,R0381,1
P002,R0382,2
P002,R0383,1
P002,R0384,1
P002,R0385,1
P002,R0386,1
P002,R0387,2
P002,R0388,1
P002,R0389,1
P002,R0390,1
P002,R0391,1
P002,R0392,1
P002,R0393,1
P002,R0394,1
P002,R0395,1
P002,R0396,2
P002,R0397,1
P002,R0398,1
P002,R0399,1
P002,R0400,1
P002,R0401,1
P002,R0402,1
P002,R0403,1
P002,R0404,2
P002,R0405,1
P002,R0406,1
P002,R0407,1
P002,R0408,1
P002,R0409,1
P002,R0410,1
P002,R0411,1
P002,R0412,2
P002,R0413,1
P002,R0414,1
P002,R0415,2
P002,R0416,2
P002,R0417,1
P002,R0418,1
P002,R0419,2
P002,R0420,1
P002,R0421,1
P002,R0422,1
P002,R0423,1
P002,R0424,1
P002,R0425,1
P002,R0426,1
P002,R0427,1
P002,R0428,1
P002,R0429,1
P002,R0430,1
P002,R0431,1
P002,R0432,2
P002,R0433,1
P002,R0434,1
P002,R0435,1
P002,R0436,1
P002,R0437,1
P002,R0438,1
P002,R0439,1
P002,R0440,1
P002,R0441,1
P002,R0442,1
P002,R0443,1
P002,R0444,1
P002,R0445,1
P002,R0446,2
P002,R0447,1
P002,R0448,1
P002,R0449,1
P002,R0450,1
P002,R0451,2
P002,R0452,1
P002,R0453,1
P002,R0454,1
P002,R0455,2
P002,R0456,2
P002,R0457,1
P002,R0458,1
P002,R0459,2
P002,R0460,2
P002,R0461,1
P002,R0462,1
P002,R0463,1
P002,R0464,1
P002,R0465,1
P002,R0466,2
P002,R0467,1
P002,R0468,1
P002,R0469,1
P002,R0470,1
P002,R0471,1
P002,R0472,1
P002,R0473,2
P002,R0474,1
P002,R0475,1
P002,R0476,1
P002,R0477,1
P002,R0478,1
P002,R0479,1
P002,R0480,1
P002,R0481,1
P002,R0482,1
P002,R0483,1
P002,R0484,1
P002,R0485,2
P002,R0486,1
P002,R0487,2
P002,R0488,2
P002,R0489,1
P002,R0490,1
P002,R0491,1
P002,R0492,2
P002,R0493,2
P002,R0494,2
P002,R0495,1
P002,R0496,2
P002,R0497,2
P002,R0498,1
P002,R0499,2
P002,R0500,2
P002,R0501,1
P002,R0502,2
P002,R0503,2
P002,R0504,2
P002,R0505,1
P002,R0506,1
P002,R0507,1
P002,R0508,1
P002,R0509,2
P002,R0510,1
P002,R0511,2
P002,R0512,1
P002,R0513,1
P002,R0514,1
P002,R0515,1
P002,R0516,1
P002,R0517,1
P002,R0518,1
P002,R0519,1
P002,R0520,1
P002,R0521,1
P002,R0522,1
P002,R0523,2
P002,R0524,2
P002,R0525,1
P002,R0526,1
P002,R0527,1
P002,R0528,1
P002,R0529,1
P002,R0530,1
P002,R0531,2
P002,R0532,1
P002,R0533,2
P002,R0534,2
P002,R0535,1
P002,R0536,1
P002,R0537,1
P002,R0538,1
P002,R0539,1
P002,R0540,1
P002,R0541,1
P002,R0542,1
P002,R0543,2
P002,R0544,2
P002,R0545,1
P002,R0546,1
P002,R0547,1
P002,R0548,1
P002,R0549,1
P002,R0550,1
P002,R0551,2
P002,R0552,1
P002,R0553,2
P002,R0554,1
P002,R0555,2
P002,R0556,1
P002,R0557,1
P002,R0558,1
P002,R0559,1
P002,R0560,1
P002,R0561,1
P002,R0562,1
P002,R0563,1
P002,R0564,1
P002,R0565,1
P002,R0566,1
P002,R0567,2
P002,R0568,1
P002,R0569,1
P002,R0570,1
P002,R0571,1
P002,R0572,1
P002,R0573,1
P002,R0574,1
P002,R0575,1
P002,R0576,1
P002,R0577,2
P002,R0578,1
P002,R0579,1
P002,R0580,1
P002,R0581,2
P002,R0582,1
P002,R0583,1
P002,R0584,2
P002,R0585,1
P002,R0586,1
P002,R0587,1
P002,R0588,1
P002,R0589,1
P002,R0590,2
P002,R0591,1
P002,R0592,1
P002,R0593,1
P002,R0594,2
P002,R0595,1
P002,R0596,1
P002,R0597,1
P002,R0598,2
P002,R0599,1
P002,R0600,1
P003,R0001,2
P003,R0002,1
P003,R0003,2
P003,R0004,1
P003,R0005,1
P003,R0006,1
P003,R0007,1
P003,R0008,1
P003,R0009,1
P003,R0010,1
P003,R0011,1
P003,R0012,1
P003,R0013,1
P003,R0014,1
P003,R0015,2
P003,R0016,1
P003,R0017,1
P003,R0018,1
P003,R0019,2
P003,R0020,1
P003,R0021,1
P003,R0022,1
P003,R0023,1
P003,R0024,1
P003,R0025,1
P003,R0026,1
P003,R0027,2
P003,R0028,1
P003,R0029,1
P003,R0030,1
P003,R0031,1
P003,R0032,1
P003,R0033,1
P003,R0034,1
P003,R0035,1
P003,R0036,1
P003,R0037,1
P003,R0038,1
P003,R0039,1
P003,R0040,1
P003,R0041,1
P003,R0042,1
P003,R0043,1
P003,R0044,1
P003,R0045,1
P003,R0046,1
P003,R0047,2
P003,R0048,2
P003,R0049,1
P003,R0050,2
P003,R0051,1
P003,R0052,1
P003,R0053,1
P003,R0054,1
P003,R0055,2
P003,R0056,1
P003,R0057,1
P003,R0058,1
P003,R0059,1
P003,R0060,1
P003,R0061,2
P003,R0062,1
P003,R0063,1
P003,R0064,1
P003,R0065,1
P003,R0066,1
P003,R0067,1
P003,R0068,1
P003,R0069,2
P003,R0070,1
P003,R0071,2
P003,R0072,1
P003,R0073,1
P003,R0074,1
P003,R0075,1
P003,R0076,2
P003,R0077,1
P003,R0078,1
P003,R0079,1
P003,R0080,1
P003,R0081,1
P003,R0082,1
P003,R0083,1
P003,R0084,1
P003,R0085,1
P003,R0086,1
P003,R0087,1
P003,R0088,1
P003,R0089,1
P003,R0090,1
P003,R0091,1
P003,R0092,2
P003,R0093,2
P003,R0094,1
P003,R0095,1
P003,R0096,1
P003,R0097,1
P003,R0098,1
P003,R0099,1
P003,R0100,1
P003,R0101,1
P003,R0102,1
P003,R0103,1
P003,R0104,1
P003,R0105,1
P003,R0106,1
P003,R0107,1
P003,R0108,2
P003,R0109,1
P003,R0110,1
P003,R0111,1
P003,R0112,1
P003,R0113,1
P003,R0114,1
P003,R0115,1
P003,R0116,1
P003,R0117,1
P003,R0118,1
P003,R0119,2
P003,R0120,1
P003,R0121,1
P003,R0122,1
P003,R0123,2
P003,R0124,1
P003,R0125,1
P003,R0126,1
P003,R0127,1
P003,R0128,1
P003,R0129,1
P003,R0130,1
P003,R0131,1
P003,R0132,1
P003,R0133,1
P003,R0134,2
P003,R0135,2
P003,R0136,1
P003,R0137,1
P003,R0138,2
P003,R0139,1
P003,R0140,1
P003,R0141,1
P003,R0142,1
P003,R0143,1
P003,R0144,1
P003,R0145,1
P003,R0146,1
P003,R0147,1
P003,R0148,1
P003,R0149,1
P003,R0150,1
P003,R0151,1
P003,R0152,1
P003,R0153,1
P003,R0154,2
P003,R0155,2
P003,R0156,2
P003,R0157,2
P003,R0158,1
P003,R0159,1
P003,R0160,1
P003,R0161,2
P003,R0162,1
P003,R0163,1
P003,R0164,1
P003,R0165,1
P003,R0166,2
P003,R0167,1
P003,R0168,1
P003,R0169,2
P003,R0170,2
P003,R0171,1
P003,R0172,1
P003,R0173,1
P003,R0174,1
P003,R0175,1
P003,R0176,1
P003,R0177,1
P003,R0178,1
P003,R0179,1
P003,R0180,1
P003,R0181,1
P003,R0182,1
P003,R0183,1
P003,R0184,2
P003,R0185,2
P003,R0186,1
P003,R0187,1
P003,R0188,2
P003,R0189,1
P003,R0190,1
P003,R0191,2
P003,R0192,1
P003,R0193,1
P003,R0194,1
P003,R0195,1
P003,R0196,1
P003,R0197,1
P003,R0198,1
P003,R0199,2
P003,R0200,1
P003,R0201,1
P003,R0202,1
P003,R0203,1
P003,R0204,1
P003,R0205,2
P003,R0206,1
P003,R0207,1
P003,R0208,1
P003,R0209,1
P003,R0210,1
P003,R0211,1
P003,R0212,1
P003,R0213,1
P003,R0214,1
P003,R0215,1
P003,R0216,1
P003,R0217,1
P003,R0218,1
P003,R0219,1
P003,R0220,1
P003,R0221,1
P003,R0222,1
P003,R0223,2
P003,R0224,1
P003,R0225,2
P003,R0226,1
P003,R0227,2
P003,R0228,1
P003,R0229,1
P003,R0230,2
P003,R0231,1
P003,R0232,1
P003,R0233,1
P003,R0234,1
P003,R0235,1
P003,R0236,1
P003,R0237,1
P003,R0238,1
P003,R0239,1
P003,R0240,1
P003,R0241,1
P003,R0242,2
P003,R0243,1
P003,R0244,1
P003,R0245,2
P003,R0246,1
P003,R0247,1
P003,R0248,1
P003,R0249,1
P003,R0250,2
P003,R0251,1
P003,R0252,1
P003,R0253,1
P003,R0254,1
P003,R0255,1
P003,R0256,1
P003,R0257,1
P003,R0258,1
P003,R0259,1
P003,R0260,1
P003,R0261,1
P003,R0262,1
P003,R0263,2
P003,R0264,1
P003,R0265,1
P003,R0266,1
P003,R0267,1
P003,R0268,1
P003,R0269,1
P003,R0270,2
P003,R0271,1
P003,R0272,2
P003,R0273,1
P003,R0274,2
P003,R0275,1
P003,R0276,2
P003,R0277,1
P003,R0278,2
P003,R0279,1
P003,R0280,2
P003,R0281,1
P003,R0282,2
P003,R0283,1
P003,R0284,1
P003,R0285,1
P003,R0286,1
P003,R0287,1
P003,R0288,1
P003,R0289,1
P003,R0290,1
P003,R0291,1
P003,R0292,1
P003,R0293,1
P003,R0294,1
P003,R0295,1
P003,R0296,1
P003,R0297,1
P003,R0298,2
P003,R0299,1
P003,R0300,1
P003,R0301,1
P003,R0302,1
P003,R0303,1
P003,R0304,1
P003,R0305,1
P003,R0306,1
P003,R0307,1
P003,R0308,1
P003,R0309,1
P003,R0310,1
P003,R0311,1
P003,R0312,2
P003,R0313,1
P003,R0314,1
P003,R0315,1
P003,R0316,1
P003,R0317,1
P003,R0318,1
P003,R0319,1
P003,R0320,1
P003,R0321,1
P003,R0322,1
P003,R0323,1
P003,R0324,2
P003,R0325,1
P003,R0326,1
P003,R0327,1
P003,R0328,2
P003,R0329,1
P003,R0330,1
P003,R0331,1
P003,R0332,2
P003,R0333,1
P003,R0334,1
P003,R0335,1
P003,R0336,1
P003,R0337,2
P003,R0338,1
P003,R0339,1
P003,R0340,1
P003,R0341,1
P003,R0342,1
P003,R0343,1
P003,R0344,1
P003,R0345,1
P003,R0346,1
P003,R0347,1
P003,R0348,1
P003,R0349,1
P003,R0350,1
P003,R0351,1
P003,R0352,1
P003,R0353,1
P003,R0354,1
P003,R0355,1
P003,R0356,1
P003,R0357,2
P003,R0358,2
P003,R0359,1
P003,R0360,1
P003,R0361,2
P003,R0362,1
P003,R0363,1
P003,R0364,1
P003,R0365,1
P003,R0366,1
P003,R0367,1
P003,R0368,2
P003,R0369,2
P003,R0370,1
P003,R0371,2
P003,R0372,1
P003,R0373,1
P003,R0374,1
P003,R0375,1
P003,R0376,1
P003,R0377,1
P003,R0378,1
P003,R0379,1
P003,R0380,1
P003,R0381,1
P003,R0382,1
P003,R0383,1
P003,R0384,1
P003,R0385,2
P003,R0386,1
P003,R0387,1
P003,R0388,1
P003,R0389,1
P003,R0390,2
P003,R0391,1
P003,R0392,1
P003,R0393,1
P003,R0394,1
P003,R0395,2
P003,R0396,2
P003,R0397,1
P003,R0398,1
P003,R0399,2
P003,R0400,2
P003,R0401,1
P003,R0402,1
P003,R0403,1
P003,R0404,1
P003,R0405,1
P003,R0406,1
P003,R0407,1
P003,R0408,1
P003,R0409,1
P003,R0410,1
P003,R0411,2
P003,R0412,1
P003,R0413,1
P003,R0414,1
P003,R0415,2
P003,R0416,1
P003,R0417,2
P003,R0418,1
P003,R0419,1
P003,R0420,1
P003,R0421,1
P003,R0422,1
P003,R0423,1
P003,R0424,1
P003,R0425,1
P003,R0426,1
P003,R0427,1
P003,R0428,1
P003,R0429,1
P003,R0430,1
P003,R0431,2
P003,R0432,1
P003,R0433,2
P003,R0434,1
P003,R0435,1
P003,R0436,1
P003,R0437,1
P003,R0438,2
P003,R0439,1
P003,R0440,2
P003,R0441,1
P003,R0442,2
P003,R0443,1
P003,R0444,1
P003,R0445,1
P003,R0446,1
P003,R0447,1
P003,R0448,1
P003,R0449,1
P003,R0450,2
P003,R0451,1
P003,R0452,1
P003,R0453,1
P003,R0454,1
P003,R0455,1
P003,R0456,2
P003,R0457,1
P003,R0458,1
P003,R0459,1
P003,R0460,1
P003,R0461,2
P003,R0462,1
P003,R0463,1
P003,R0464,1
P003,R0465,2
P003,R0466,1
P003,R0467,1
P003,R0468,1
P003,R0469,2
P003,R0470,1
P003,R0471,1
P003,R0472,1
P003,R0473,1
P003,R0474,1
P003,R0475,2
P003,R0476,1
P003,R0477,2
P003,R0478,1
P003,R0479,1
P003,R0480,2
P003,R0481,1
P003,R0482,1
P003,R0483,2
P003,R0484,1
P003,R0485,1
P003,R0486,1
P003,R0487,1
P003,R0488,1
P003,R0489,1
P003,R0490,1
P003,R0491,2
P003,R0492,1
P003,R0493,2
P003,R0494,1
P003,R0495,1
P003,R0496,1
P003,R0497,1
P003,R0498,1
P003,R0499,1
P003,R0500,1
P003,R0501,1
P003,R0502,1
P003,R0503,1
P003,R0504,1
P003,R0505,1
P003,R0506,1
P003,R0507,1
P003,R0508,1
P003,R0509,2
P003,R0510,1
P003,R0511,1
P003,R0512,1
P003,R0513,1
P003,R0514,1
P003,R0515,1
P003,R0516,1
P003,R0517,1
P003,R0518,1
P003,R0519,2
P003,R0520,1
P003,R0521,1
P003,R0522,1
P003,R0523,1
P003,R0524,1
P003,R0525,1
P003,R0526,1
P003,R0527,2
P003,R0528,1
P003,R0529,1
P003,R0530,1
P003,R0531,1
P003,R0532,2
P003,R0533,1
P003,R0534,2
P003,R0535,1
P003,R0536,1
P003,R0537,1
P003,R0538,1
P003,R0539,1
P003,R0540,1
P003,R0541,1
P003,R0542,2
P003,R0543,1
P003,R0544,1
P003,R0545,1
P003,R0546,1
P003,R0547,1
P003,R0548,1
P003,R0549,1
P003,R0550,1
P003,R0551,1
P003,R0552,1
P003,R0553,2
P003,R0554,1
P003,R0555,1
P003,R0556,1
P003,R0557,1
P003,R0558,1
P003,R0559,1
P003,R0560,1
P003,R0561,1
P003,R0562,1
P003,R0563,1
P003,R0564,1
P003,R0565,2
P003,R0566,1
P003,R0567,1
P003,R0568,1
P003,R0569,1
P003,R0570,1
P003,R0571,1
P003,R0572,2
P003,R0573,2
P003,R0574,1
P003,R0575,1
P003,R0576,1
P003,R0577,1
P003,R0578,2
P003,R0579,1
P003,R0580,1
P003,R0581,1
P003,R0582,2
P003,R0583,1
P003,R0584,1
P003,R0585,1
P003,R0586,1
P003,R0587,1
P003,R0588,1
P003,R0589,1
P003,R0590,1
P003,R0591,2
P003,R0592,1
P003,R0593,1
P003,R0594,1
P003,R0595,1
P003,R0596,1
P003,R0597,1
P003,R0598,1
P003,R0599,1
P003,R0600,1
P004,R0001,1
P004,R0002,0
P004,R0003,0
P004,R0004,2
P004,R0005,1
P004,R0006,2
P004,R0007,2
P004,R0008,0
P004,R0009,0
P004,R0010,2
P004,R0011,0
P004,R0012,2
P004,R0013,0
P004,R0014,0
P004,R0015,0
P004,R0016,2
P004,R0017,2
P004,R0018,2
P004,R0019,0
P004,R0020,2
P004,R0021,0
P004,R0022,0
P004,R0023,0
P004,R0024,0
P004,R0025,0
P004,R0026,0
P004,R0027,2
P004,R0028,0
P004,R0029,0
P004,R0030,2
P004,R0031,0
P004,R0032,0
P004,R0033,2
P004,R0034,2
P004,R0035,0
P004,R0036,2
P004,R0037,0
P004,R0038,0
P004,R0039,1
P004,R0040,0
P004,R0041,0
P004,R0042,0
P004,R0043,2
P004,R0044,0
P004,R0045,2
P004,R0046,2
P004,R0047,0
P004,R0048,0
P004,R0049,2
P004,R0050,1
P004,R0051,0
P004,R0052,0
P004,R0053,1
P004,R0054,0
P004,R0055,0
P004,R0056,0
P004,R0057,0
P004,R0058,0
P004,R0059,1
P004,R0060,0
P004,R0061,0
P004,R0062,0
P004,R0063,2
P004,R0064,0
P004,R0065,0
P004,R0066,0
P004,R0067,1
P004,R0068,2
P004,R0069,0
P004,R0070,0
P004,R0071,0
P004,R0072,2
P004,R0073,2
P004,R0074,2
P004,R0075,0
P004,R0076,0
P004,R0077,0
P004,R0078,2
P004,R0079,0
P004,R0080,2
P004,R0081,1
P004,R0082,0
P004,R0083,0
P004,R0084,2
P004,R0085,2
P004,R0086,2
P004,R0087,1
P004,R0088,0
P004,R0089,0
P004,R0090,2
P004,R0091,0
P004,R0092,2
P004,R0093,0
P004,R0094,0
P004,R0095,1
P004,R0096,0
P004,R0097,0
P004,R0098,0
P004,R0099,0
P004,R0100,0
P004,R0101,0
P004,R0102,0
P004,R0103,0
P004,R0104,0
P004,R0105,1
P004,R0106,0
P004,R0107,0
P004,R0108,0
P004,R0109,0
P004,R0110,2
P004,R0111,1
P004,R0112,0
P004,R0113,0
P004,R0114,0
P004,R0115,0
P004,R0116,0
P004,R0117,2
P004,R0118,2
P004,R0119,0
P004,R0120,2
P004,R0121,2
P004,R0122,0
P004,R0123,0
P004,R0124,2
P004,R0125,0
P004,R0126,0
P004,R0127,0
P004,R0128,1
P004,R0129,0
P004,R0130,0
P004,R0131,2
P004,R0132,0
P004,R0133,0
P004,R0134,0
P004,R0135,0
P004,R0136,0
P004,R0137,0
P004,R0138,0
P004,R0139,1
P004,R0140,0
P004,R0141,0
P004,R0142,2
P004,R0143,2
P004,R0144,0
P004,R0145,0
P004,R0146,0
P004,R0147,0
P004,R0148,0
P004,R0149,0
P004,R0150,0
P004,R0151,2
P004,R0152,2
P004,R0153,2
P004,R0154,0
P004,R0155,0
P004,R0156,2
P004,R0157,0
P004,R0158,0
P004,R0159,0
P004,R0160,0
P004,R0161,2
P004,R0162,1
P004,R0163,1
P004,R0164,2
P004,R0165,0
P004,R0166,0
P004,R0167,2
P004,R0168,2
P004,R0169,0
P004,R0170,0
P004,R0171,2
P004,R0172,0
P004,R0173,1
P004,R0174,0
P004,R0175,1
P004,R0176,2
P004,R0177,2
P004,R0178,0
P004,R0179,2
P004,R0180,0
P004,R0181,0
P004,R0182,2
P004,R0183,0
P004,R0184,0
P004,R0185,0
P004,R0186,1
P004,R0187,0
P004,R0188,0
P004,R0189,0
P004,R0190,2
P004,R0191,0
P004,R0192,2
P004,R0193,2
P004,R0194,0
P004,R0195,0
P004,R0196,0
P004,R0197,2
P004,R0198,2
P004,R0199,2
P004,R0200,2
P004,R0201,0
P004,R0202,0
P004,R0203,2
P004,R0204,0
P004,R0205,0
P004,R0206,2
P004,R0207,2
P004,R0208,2
P004,R0209,0
P004,R0210,0
P004,R0211,2
P004,R0212,0
P004,R0213,0
P004,R0214,0
P004,R0215,2
P004,R0216,2
P004,R0217,0
P004,R0218,0
P004,R0219,0
P004,R0220,2
P004,R0221,2
P004,R0222,0
P004,R0223,0
P004,R0224,2
P004,R0225,0
P004,R0226,0
P004,R0227,2
P004,R0228,0
P004,R0229,0
P004,R0230,2
P004,R0231,1
P004,R0232,2
P004,R0233,2
P004,R0234,2
P004,R0235,0
P004,R0236,0
P004,R0237,2
P004,R0238,0
P004,R0239,2
P004,R0240,2
P004,R0241,2
P004,R0242,0
P004,R0243,0
P004,R0244,0
P004,R0245,2
P004,R0246,0
P004,R0247,0
P004,R0248,0
P004,R0249,0
P004,R0250,0
P004,R0251,0
P004,R0252,0
P004,R0253,0
P004,R0254,0
P004,R0255,0
P004,R0256,0
P004,R0257,2
P004,R0258,1
P004,R0259,0
P004,R0260,2
P004,R0261,0
P004,R0262,1
P004,R0263,2
P004,R0264,2
P004,R0265,1
P004,R0266,0
P004,R0267,0
P004,R0268,0
P004,R0269,0
P004,R0270,0
P004,R0271,2
P004,R0272,0
P004,R0273,2
P004,R0274,0
P004,R0275,2
P004,R0276,0
P004,R0277,0
P004,R0278,0
P004,R0279,2
P004,R0280,0
P004,R0281,2
P004,R0282,0
P004,R0283,2
P004,R0284,2
P004,R0285,0
P004,R0286,0
P004,R0287,1
P004,R0288,2
P004,R0289,1
P004,R0290,2
P004,R0291,0
P004,R0292,0
P004,R0293,0
P004,R0294,2
P004,R0295,0
P004,R0296,2
P004,R0297,2
P004,R0298,0
P004,R0299,2
P004,R0300,1
P004,R0301,0
P004,R0302,0
P004,R0303,1
P004,R0304,0
P004,R0305,0
P004,R0306,2
P004,R0307,0
P004,R0308,0
P004,R0309,2
P004,R0310,2
P004,R0311,1
P004,R0312,0
P004,R0313,2
P004,R0314,0
P004,R0315,0
P004,R0316,0
P004,R0317,0
P004,R0318,0
P004,R0319,0
P004,R0320,1
P004,R0321,0
P004,R0322,0
P004,R0323,2
P004,R0324,0
P004,R0325,2
P004,R0326,0
P004,R0327,0
P004,R0328,0
P004,R0329,0
P004,R0330,0
P004,R0331,0
P004,R0332,0
P004,R0333,0
P004,R0334,2
P004,R0335,0
P004,R0336,2
P004,R0337,0
P004,R0338,2
P004,R0339,2
P004,R0340,1
P004,R0341,1
P004,R0342,2
P004,R0343,0
P004,R0344,0
P004,R0345,0
P004,R0346,0
P004,R0347,0
P004,R0348,2
P004,R0349,0
P004,R0350,2
P004,R0351,0
P004,R0352,2
P004,R0353,0
P004,R0354,0
P004,R0355,0
P004,R0356,2
P004,R0357,2
P004,R0358,2
P004,R0359,1
P004,R0360,2
P004,R0361,0
P004,R0362,1
P004,R0363,0
P004,R0364,0
P004,R0365,2
P004,R0366,0
P004,R0367,2
P004,R0368,2
P004,R0369,0
P004,R0370,2
P004,R0371,0
P004,R0372,2
P004,R0373,2
P004,R0374,0
P004,R0375,0
P004,R0376,0
P004,R0377,0
P004,R0378,2
P004,R0379,0
P004,R0380,0
P004,R0381,0
P004,R0382,0
P004,R0383,2
P004,R0384,2
P004,R0385,0
P004,R0386,0
P004,R0387,2
P004,R0388,0
P004,R0389,0
P004,R0390,2
P004,R0391,0
P004,R0392,2
P004,R0393,2
P004,R0394,0
P004,R0395,0
P004,R0396,2
P004,R0397,1
P004,R0398,0
P004,R0399,0
P004,R0400,0
P004,R0401,0
P004,R0402,0
P004,R0403,1
P004,R0404,2
P004,R0405,1
P004,R0406,0
P004,R0407,0
P004,R0408,0
P004,R0409,0
P004,R0410,0
P004,R0411,0
P004,R0412,2
P004,R0413,0
P004,R0414,0
P004,R0415,0
P004,R0416,0
P004,R0417,0
P004,R0418,0
P004,R0419,2
P004,R0420,1
P004,R0421,1
P004,R0422,2
P004,R0423,0
P004,R0424,0
P004,R0425,0
P004,R0426,0
P004,R0427,0
P004,R0428,0
P004,R0429,2
P004,R0430,0
P004,R0431,1
P004,R0432,2
P004,R0433,0
P004,R0434,0
P004,R0435,0
P004,R0436,2
P004,R0437,2
P004,R0438,0
P004,R0439,1
P004,R0440,1
P004,R0441,0
P004,R0442,0
P004,R0443,0
P004,R0444,2
P004,R0445,2
P004,R0446,2
P004,R0447,1
P004,R0448,1
P004,R0449,2
P004,R0450,2
P004,R0451,2
P004,R0452,0
P004,R0453,0
P004,R0454,0
P004,R0455,0
P004,R0456,2
P004,R0457,0
P004,R0458,2
P004,R0459,2
P004,R0460,0
P004,R0461,0
P004,R0462,0
P004,R0463,0
P004,R0464,0
P004,R0465,0
P004,R0466,0
P004,R0467,2
P004,R0468,2
P004,R0469,0
P004,R0470,0
P004,R0471,2
P004,R0472,1
P004,R0473,0
P004,R0474,1
P004,R0475,0
P004,R0476,2
P004,R0477,0
P004,R0478,2
P004,R0479,1
P004,R0480,0
P004,R0481,0
P004,R0482,0
P004,R0483,0
P004,R0484,1
P004,R0485,2
P004,R0486,1
P004,R0487,2
P004,R0488,0
P004,R0489,0
P004,R0490,0
P004,R0491,0
P004,R0492,0
P004,R0493,0
P004,R0494,0
P004,R0495,0
P004,R0496,2
P004,R0497,0
P004,R0498,2
P004,R0499,0
P004,R0500,0
P004,R0501,1
P004,R0502,2
P004,R0503,0
P004,R0504,0
P004,R0505,2
P004,R0506,0
P004,R0507,2
P004,R0508,0
P004,R0509,2
P004,R0510,0
P004,R0511,2
P004,R0512,0
P004,R0513,2
P004,R0514,0
P004,R0515,0
P004,R0516,0
P004,R0517,0
P004,R0518,0
P004,R0519,0
P004,R0520,2
P004,R0521,0
P004,R0522,0
P004,R0523,2
P004,R0524,0
P004,R0525,0
P004,R0526,0
P004,R0527,0
P004,R0528,0
P004,R0529,1
P004,R0530,0
P004,R0531,2
P004,R0532,0
P004,R0533,2
P004,R0534,2
P004,R0535,0
P004,R0536,0
P004,R0537,1
P004,R0538,0
P004,R0539,0
P004,R0540,0
P004,R0541,0
P004,R0542,0
P004,R0543,2
P004,R0544,0
P004,R0545,2
P004,R0546,2
P004,R0547,0
P004,R0548,0
P004,R0549,2
P004,R0550,2
P004,R0551,0
P004,R0552,1
P004,R0553,0
P004,R0554,0
P004,R0555,2
P004,R0556,0
P004,R0557,0
P004,R0558,0
P004,R0559,1
P004,R0560,2
P004,R0561,0
P004,R0562,2
P004,R0563,0
P004,R0564,0
P004,R0565,0
P004,R0566,1
P004,R0567,2
P004,R0568,2
P004,R0569,0
P004,R0570,0
P004,R0571,1
P004,R0572,2
P004,R0573,0
P004,R0574,0
P004,R0575,0
P004,R0576,0
P004,R0577,2
P004,R0578,0
P004,R0579,2
P004,R0580,2
P004,R0581,0
P004,R0582,0
P004,R0583,0
P004,R0584,0
P004,R0585,1
P004,R0586,2
P004,R0587,0
P004,R0588,0
P004,R0589,0
P004,R0590,2
P004,R0591,0
P004,R0592,0
P004,R0593,0
P004,R0594,0
P004,R0595,0
P004,R0596,0
P004,R0597,2
P004,R0598,2
P004,R0599,1
P004,R0600,0
P005,R0001,2
P005,R0002,1
P005,R0003,2
P005,R0004,1
P005,R0005,0
P005,R0006,2
P005,R0007,1
P005,R0008,0
P005,R0009,0
P005,R0010,0
P005,R0011,0
P005,R0012,0
P005,R0013,0
P005,R0014,0
P005,R0015,2
P005,R0016,0
P005,R0017,0
P005,R0018,1
P005,R0019,2
P005,R0020,0
P005,R0021,0
P005,R0022,0
P005,R0023,0
P005,R0024,0
P005,R0025,0
P005,R0026,0
P005,R0027,2
P005,R0028,0
P005,R0029,0
P005,R0030,0
P005,R0031,0
P005,R0032,0
P005,R0033,0
P005,R0034,2
P005,R0035,0
P005,R0036,1
P005,R0037,0
P005,R0038,0
P005,R0039,0
P005,R0040,0
P005,R0041,2
P005,R0042,0
P005,R0043,2
P005,R0044,2
P005,R0045,2
P005,R0046,0
P005,R0047,2
P005,R0048,2
P005,R0049,1
P005,R0050,2
P005,R0051,0
P005,R0052,2
P005,R0053,0
P005,R0054,0
P005,R0055,2
P005,R0056,0
P005,R0057,0
P005,R0058,0
P005,R0059,0
P005,R0060,0
P005,R0061,2
P005,R0062,0
P005,R0063,2
P005,R0064,0
P005,R0065,0
P005,R0066,0
P005,R0067,0
P005,R0068,1
P005,R0069,2
P005,R0070,0
P005,R0071,2
P005,R0072,1
P005,R0073,1
P005,R0074,1
P005,R0075,0
P005,R0076,2
P005,R0077,0
P005,R0078,1
P005,R0079,0
P005,R0080,1
P005,R0081,0
P005,R0082,0
P005,R0083,0
P005,R0084,1
P005,R0085,1
P005,R0086,0
P005,R0087,0
P005,R0088,0
P005,R0089,0
P005,R0090,1
P005,R0091,0
P005,R0092,2
P005,R0093,2
P005,R0094,0
P005,R0095,0
P005,R0096,0
P005,R0097,0
P005,R0098,0
P005,R0099,0
P005,R0100,0
P005,R0101,0
P005,R0102,0
P005,R0103,0
P005,R0104,0
P005,R0105,0
P005,R0106,1
P005,R0107,0
P005,R0108,2
P005,R0109,0
P005,R0110,0
P005,R0111,0
P005,R0112,0
P005,R0113,0
P005,R0114,0
P005,R0115,0
P005,R0116,1
P005,R0117,0
P005,R0118,1
P005,R0119,2
P005,R0120,0
P005,R0121,2
P005,R0122,0
P005,R0123,2
P005,R0124,1
P005,R0125,0
P005,R0126,0
P005,R0127,0
P005,R0128,0
P005,R0129,0
P005,R0130,0
P005,R0131,0
P005,R0132,2
P005,R0133,0
P005,R0134,2
P005,R0135,2
P005,R0136,0
P005,R0137,2
P005,R0138,2
P005,R0139,0
P005,R0140,0
P005,R0141,0
P005,R0142,2
P005,R0143,2
P005,R0144,0
P005,R0145,0
P005,R0146,0
P005,R0147,0
P005,R0148,0
P005,R0149,0
P005,R0150,0
P005,R0151,0
P005,R0152,0
P005,R0153,1
P005,R0154,2
P005,R0155,2
P005,R0156,2
P005,R0157,2
P005,R0158,0
P005,R0159,0
P005,R0160,0
P005,R0161,2
P005,R0162,0
P005,R0163,0
P005,R0164,1
P005,R0165,0
P005,R0166,2
P005,R0167,1
P005,R0168,1
P005,R0169,2
P005,R0170,2
P005,R0171,0
P005,R0172,0
P005,R0173,0
P005,R0174,0
P005,R0175,0
P005,R0176,1
P005,R0177,2
P005,R0178,0
P005,R0179,1
P005,R0180,2
P005,R0181,0
P005,R0182,2
P005,R0183,0
P005,R0184,2
P005,R0185,2
P005,R0186,0
P005,R0187,0
P005,R0188,2
P005,R0189,2
P005,R0190,0
P005,R0191,2
P005,R0192,0
P005,R0193,2
P005,R0194,0
P005,R0195,1
P005,R0196,0
P005,R0197,2
P005,R0198,1
P005,R0199,2
P005,R0200,0
P005,R0201,0
P005,R0202,0
P005,R0203,2
P005,R0204,0
P005,R0205,2
P005,R0206,2
P005,R0207,0
P005,R0208,2
P005,R0209,0
P005,R0210,1
P005,R0211,0
P005,R0212,0
P005,R0213,0
P005,R0214,1
P005,R0215,0
P005,R0216,0
P005,R0217,0
P005,R0218,2
P005,R0219,0
P005,R0220,0
P005,R0221,1
P005,R0222,0
P005,R0223,2
P005,R0224,1
P005,R0225,2
P005,R0226,0
P005,R0227,2
P005,R0228,0
P005,R0229,0
P005,R0230,2
P005,R0231,0
P005,R0232,2
P005,R0233,2
P005,R0234,1
P005,R0235,0
P005,R0236,0
P005,R0237,1
P005,R0238,0
P005,R0239,1
P005,R0240,2
P005,R0241,2
P005,R0242,2
P005,R0243,0
P005,R0244,0
P005,R0245,2
P005,R0246,0
P005,R0247,0
P005,R0248,0
P005,R0249,0
P005,R0250,2
P005,R0251,0
P005,R0252,0
P005,R0253,0
P005,R0254,2
P005,R0255,0
P005,R0256,0
P005,R0257,0
P005,R0258,0
P005,R0259,0
P005,R0260,0
P005,R0261,0
P005,R0262,0
P005,R0263,2
P005,R0264,1
P005,R0265,0
P005,R0266,0
P005,R0267,0
P005,R0268,0
P005,R0269,0
P005,R0270,2
P005,R0271,2
P005,R0272,2
P005,R0273,1
P005,R0274,2
P005,R0275,2
P005,R0276,2
P005,R0277,0
P005,R0278,2
P005,R0279,2
P005,R0280,2
P005,R0281,0
P005,R0282,2
P005,R0283,0
P005,R0284,2
P005,R0285,2
P005,R0286,0
P005,R0287,0
P005,R0288,1
P005,R0289,0
P005,R0290,1
P005,R0291,0
P005,R0292,0
P005,R0293,0
P005,R0294,1
P005,R0295,0
P005,R0296,1
P005,R0297,0
P005,R0298,2
P005,R0299,1
P005,R0300,0
P005,R0301,0
P005,R0302,0
P005,R0303,0
P005,R0304,0
P005,R0305,0
P005,R0306,0
P005,R0307,0
P005,R0308,0
P005,R0309,0
P005,R0310,0
P005,R0311,0
P005,R0312,2
P005,R0313,0
P005,R0314,1
P005,R0315,0
P005,R0316,0
P005,R0317,2
P005,R0318,0
P005,R0319,0
P005,R0320,0
P005,R0321,0
P005,R0322,0
P005,R0323,0
P005,R0324,2
P005,R0325,2
P005,R0326,0
P005,R0327,0
P005,R0328,2
P005,R0329,0
P005,R0330,0
P005,R0331,2
P005,R0332,2
P005,R0333,0
P005,R0334,1
P005,R0335,0
P005,R0336,0
P005,R0337,2
P005,R0338,1
P005,R0339,2
P005,R0340,0
P005,R0341,0
P005,R0342,2
P005,R0343,0
P005,R0344,0
P005,R0345,0
P005,R0346,1
P005,R0347,2
P005,R0348,0
P005,R0349,2
P005,R0350,1
P005,R0351,0
P005,R0352,1
P005,R0353,0
P005,R0354,0
P005,R0355,0
P005,R0356,1
P005,R0357,2
P005,R0358,2
P005,R0359,0
P005,R0360,1
P005,R0361,2
P005,R0362,0
P005,R0363,1
P005,R0364,0
P005,R0365,2
P005,R0366,0
P005,R0367,0
P005,R0368,2
P005,R0369,2
P005,R0370,1
P005,R0371,2
P005,R0372,0
P005,R0373,1
P005,R0374,0
P005,R0375,2
P005,R0376,0
P005,R0377,1
P005,R0378,0
P005,R0379,0
P005,R0380,0
P005,R0381,1
P005,R0382,0
P005,R0383,2
P005,R0384,2
P005,R0385,2
P005,R0386,0
P005,R0387,0
P005,R0388,2
P005,R0389,0
P005,R0390,2
P005,R0391,1
P005,R0392,2
P005,R0393,1
P005,R0394,0
P005,R0395,2
P005,R0396,2
P005,R0397,0
P005,R0398,0
P005,R0399,2
P005,R0400,2
P005,R0401,0
P005,R0402,0
P005,R0403,0
P005,R0404,1
P005,R0405,0
P005,R0406,1
P005,R0407,0
P005,R0408,2
P005,R0409,1
P005,R0410,0
P005,R0411,2
P005,R0412,0
P005,R0413,0
P005,R0414,0
P005,R0415,2
P005,R0416,0
P005,R0417,2
P005,R0418,2
P005,R0419,0
P005,R0420,0
P005,R0421,0
P005,R0422,1
P005,R0423,0
P005,R0424,2
P005,R0425,0
P005,R0426,0
P005,R0427,0
P005,R0428,0
P005,R0429,1
P005,R0430,0
P005,R0431,2
P005,R0432,0
P005,R0433,2
P005,R0434,0
P005,R0435,0
P005,R0436,1
P005,R0437,2
P005,R0438,2
P005,R0439,0
P005,R0440,2
P005,R0441,0
P005,R0442,2
P005,R0443,0
P005,R0444,1
P005,R0445,2
P005,R0446,0
P005,R0447,0
P005,R0448,0
P005,R0449,1
P005,R0450,2
P005,R0451,0
P005,R0452,0
P005,R0453,0
P005,R0454,0
P005,R0455,0
P005,R0456,2
P005,R0457,0
P005,R0458,1
P005,R0459,0
P005,R0460,0
P005,R0461,2
P005,R0462,0
P005,R0463,0
P005,R0464,1
P005,R0465,2
P005,R0466,2
P005,R0467,1
P005,R0468,2
P005,R0469,2
P005,R0470,0
P005,R0471,2
P005,R0472,0
P005,R0473,0
P005,R0474,0
P005,R0475,2
P005,R0476,1
P005,R0477,2
P005,R0478,1
P005,R0479,0
P005,R0480,2
P005,R0481,0
P005,R0482,2
P005,R0483,2
P005,R0484,0
P005,R0485,0
P005,R0486,0
P005,R0487,1
P005,R0488,0
P005,R0489,0
P005,R0490,0
P005,R0491,2
P005,R0492,0
P005,R0493,2
P005,R0494,0
P005,R0495,0
P005,R0496,0
P005,R0497,2
P005,R0498,1
P005,R0499,1
P005,R0500,0
P005,R0501,0
P005,R0502,0
P005,R0503,1
P005,R0504,0
P005,R0505,2
P005,R0506,0
P005,R0507,1
P005,R0508,1
P005,R0509,2
P005,R0510,0
P005,R0511,0
P005,R0512,2
P005,R0513,1
P005,R0514,0
P005,R0515,0
P005,R0516,0
P005,R0517,2
P005,R0518,0
P005,R0519,2
P005,R0520,2
P005,R0521,1
P005,R0522,1
P005,R0523,0
P005,R0524,0
P005,R0525,0
P005,R0526,2
P005,R0527,2
P005,R0528,0
P005,R0529,0
P005,R0530,1
P005,R0531,0
P005,R0532,2
P005,R0533,0
P005,R0534,2
P005,R0535,0
P005,R0536,0
P005,R0537,0
P005,R0538,1
P005,R0539,0
P005,R0540,0
P005,R0541,0
P005,R0542,2
P005,R0543,2
P005,R0544,0
P005,R0545,1
P005,R0546,1
P005,R0547,0
P005,R0548,0
P005,R0549,1
P005,R0550,1
P005,R0551,0
P005,R0552,0
P005,R0553,2
P005,R0554,0
P005,R0555,0
P005,R0556,0
P005,R0557,0
P005,R0558,0
P005,R0559,0
P005,R0560,2
P005,R0561,0
P005,R0562,1
P005,R0563,0
P005,R0564,0
P005,R0565,2
P005,R0566,0
P005,R0567,0
P005,R0568,1
P005,R0569,0
P005,R0570,0
P005,R0571,0
P005,R0572,2
P005,R0573,2
P005,R0574,0
P005,R0575,0
P005,R0576,0
P005,R0577,2
P005,R0578,2
P005,R0579,1
P005,R0580,1
P005,R0581,0
P005,R0582,2
P005,R0583,0
P005,R0584,0
P005,R0585,0
P005,R0586,1
P005,R0587,0
P005,R0588,0
P005,R0589,0
P005,R0590,0
P005,R0591,2
P005,R0592,1
P005,R0593,0
P005,R0594,0
P005,R0595,0
P005,R0596,0
P005,R0597,1
P005,R0598,1
P005,R0599,0
P005,R0600,0
P006,R0001,2
P006,R0002,0
P006,R0003,2
P006,R0004,0
P006,R0005,2
P006,R0006,0
P006,R0007,0
P006,R0008,2
P006,R0009,0
P006,R0010,0
P006,R0011,0
P006,R0012,2
P006,R0013,0
P006,R0014,0
P006,R0015,0
P006,R0016,0
P006,R0017,0
P006,R0018,0
P006,R0019,0
P006,R0020,2
P006,R0021,0
P006,R0022,0
P006,R0023,0
P006,R0024,0
P006,R0025,0
P006,R0026,0
P006,R0027,0
P006,R0028,0
P006,R0029,2
P006,R0030,2
P006,R0031,0
P006,R0032,0
P006,R0033,2
P006,R0034,2
P006,R0035,0
P006,R0036,0
P006,R0037,0
P006,R0038,0
P006,R0039,2
P006,R0040,0
P006,R0041,0
P006,R0042,2
P006,R0043,0
P006,R0044,0
P006,R0045,0
P006,R0046,0
P006,R0047,0
P006,R0048,0
P006,R0049,0
P006,R0050,2
P006,R0051,0
P006,R0052,0
P006,R0053,2
P006,R0054,0
P006,R0055,2
P006,R0056,2
P006,R0057,0
P006,R0058,2
P006,R0059,2
P006,R0060,0
P006,R0061,0
P006,R0062,0
P006,R0063,0
P006,R0064,0
P006,R0065,0
P006,R0066,0
P006,R0067,2
P006,R0068,0
P006,R0069,0
P006,R0070,0
P006,R0071,0
P006,R0072,0
P006,R0073,2
P006,R0074,0
P006,R0075,0
P006,R0076,0
P006,R0077,0
P006,R0078,0
P006,R0079,2
P006,R0080,0
P006,R0081,2
P006,R0082,0
P006,R0083,0
P006,R0084,0
P006,R0085,2
P006,R0086,0
P006,R0087,2
P006,R0088,2
P006,R0089,0
P006,R0090,0
P006,R0091,0
P006,R0092,0
P006,R0093,2
P006,R0094,0
P006,R0095,2
P006,R0096,0
P006,R0097,2
P006,R0098,0
P006,R0099,0
P006,R0100,2
P006,R0101,0
P006,R0102,2
P006,R0103,0
P006,R0104,0
P006,R0105,2
P006,R0106,0
P006,R0107,0
P006,R0108,0
P006,R0109,0
P006,R0110,2
P006,R0111,2
P006,R0112,2
P006,R0113,2
P006,R0114,2
P006,R0115,0
P006,R0116,0
P006,R0117,0
P006,R0118,0
P006,R0119,0
P006,R0120,2
P006,R0121,0
P006,R0122,0
P006,R0123,0
P006,R0124,0
P006,R0125,0
P006,R0126,0
P006,R0127,0
P006,R0128,2
P006,R0129,2
P006,R0130,2
P006,R0131,0
P006,R0132,0
P006,R0133,0
P006,R0134,0
P006,R0135,0
P006,R0136,2
P006,R0137,0
P006,R0138,0
P006,R0139,2
P006,R0140,0
P006,R0141,0
P006,R0142,0
P006,R0143,0
P006,R0144,0
P006,R0145,0
P006,R0146,0
P006,R0147,0
P006,R0148,2
P006,R0149,0
P006,R0150,0
P006,R0151,0
P006,R0152,0
P006,R0153,2
P006,R0154,0
P006,R0155,0
P006,R0156,0
P006,R0157,0
P006,R0158,2
P006,R0159,0
P006,R0160,0
P006,R0161,0
P006,R0162,2
P006,R0163,2
P006,R0164,2
P006,R0165,0
P006,R0166,0
P006,R0167,2
P006,R0168,0
P006,R0169,2
P006,R0170,2
P006,R0171,0
P006,R0172,0
P006,R0173,2
P006,R0174,0
P006,R0175,2
P006,R0176,0
P006,R0177,0
P006,R0178,2
P006,R0179,2
P006,R0180,0
P006,R0181,0
P006,R0182,0
P006,R0183,0
P006,R0184,0
P006,R0185,0
P006,R0186,2
P006,R0187,0
P006,R0188,0
P006,R0189,0
P006,R0190,0
P006,R0191,0
P006,R0192,0
P006,R0193,0
P006,R0194,0
P006,R0195,0
P006,R0196,2
P006,R0197,0
P006,R0198,0
P006,R0199,0
P006,R0200,2
P006,R0201,2
P006,R0202,0
P006,R0203,2
P006,R0204,2
P006,R0205,2
P006,R0206,2
P006,R0207,2
P006,R0208,0
P006,R0209,0
P006,R0210,0
P006,R0211,2
P006,R0212,0
P006,R0213,0
P006,R0214,0
P006,R0215,2
P006,R0216,0
P006,R0217,0
P006,R0218,0
P006,R0219,2
P006,R0220,0
P006,R0221,0
P006,R0222,0
P006,R0223,0
P006,R0224,0
P006,R0225,0
P006,R0226,0
P006,R0227,0
P006,R0228,2
P006,R0229,0
P006,R0230,0
P006,R0231,2
P006,R0232,2
P006,R0233,0
P006,R0234,0
P006,R0235,0
P006,R0236,0
P006,R0237,2
P006,R0238,0
P006,R0239,2
P006,R0240,2
P006,R0241,0
P006,R0242,0
P006,R0243,0
P006,R0244,0
P006,R0245,0
P006,R0246,2
P006,R0247,2
P006,R0248,0
P006,R0249,0
P006,R0250,2
P006,R0251,2
P006,R0252,0
P006,R0253,2
P006,R0254,0
P006,R0255,0
P006,R0256,0
P006,R0257,0
P006,R0258,2
P006,R0259,0
P006,R0260,2
P006,R0261,0
P006,R0262,2
P006,R0263,0
P006,R0264,0
P006,R0265,2
P006,R0266,0
P006,R0267,0
P006,R0268,0
P006,R0269,2
P006,R0270,0
P006,R0271,0
P006,R0272,0
P006,R0273,0
P006,R0274,0
P006,R0275,0
P006,R0276,0
P006,R0277,0
P006,R0278,2
P006,R0279,0
P006,R0280,0
P006,R0281,2
P006,R0282,0
P006,R0283,2
P006,R0284,2
P006,R0285,0
P006,R0286,0
P006,R0287,2
P006,R0288,0
P006,R0289,2
P006,R0290,2
P006,R0291,0
P006,R0292,0
P006,R0293,0
P006,R0294,0
P006,R0295,0
P006,R0296,0
P006,R0297,0
P006,R0298,2
P006,R0299,2
P006,R0300,2
P006,R0301,0
P006,R0302,2
P006,R0303,2
P006,R0304,0
P006,R0305,2
P006,R0306,0
P006,R0307,2
P006,R0308,0
P006,R0309,0
P006,R0310,0
P006,R0311,2
P006,R0312,0
P006,R0313,2
P006,R0314,0
P006,R0315,2
P006,R0316,0
P006,R0317,0
P006,R0318,0
P006,R0319,0
P006,R0320,2
P006,R0321,0
P006,R0322,2
P006,R0323,0
P006,R0324,2
P006,R0325,0
P006,R0326,0
P006,R0327,0
P006,R0328,0
P006,R0329,2
P006,R0330,0
P006,R0331,0
P006,R0332,0
P006,R0333,2
P006,R0334,0
P006,R0335,0
P006,R0336,0
P006,R0337,0
P006,R0338,0
P006,R0339,0
P006,R0340,2
P006,R0341,2
P006,R0342,0
P006,R0343,0
P006,R0344,0
P006,R0345,0
P006,R0346,0
P006,R0347,0
P006,R0348,2
P006,R0349,0
P006,R0350,0
P006,R0351,0
P006,R0352,0
P006,R0353,2
P006,R0354,2
P006,R0355,0
P006,R0356,0
P006,R0357,0
P006,R0358,0
P006,R0359,2
P006,R0360,0
P006,R0361,0
P006,R0362,2
P006,R0363,0
P006,R0364,0
P006,R0365,0
P006,R0366,0
P006,R0367,0
P006,R0368,0
P006,R0369,2
P006,R0370,0
P006,R0371,0
P006,R0372,2
P006,R0373,2
P006,R0374,0
P006,R0375,0
P006,R0376,0
P006,R0377,0
P006,R0378,0
P006,R0379,0
P006,R0380,0
P006,R0381,0
P006,R0382,0
P006,R0383,0
P006,R0384,0
P006,R0385,0
P006,R0386,0
P006,R0387,0
P006,R0388,0
P006,R0389,0
P006,R0390,0
P006,R0391,0
P006,R0392,2
P006,R0393,0
P006,R0394,0
P006,R0395,0
P006,R0396,0
P006,R0397,2
P006,R0398,2
P006,R0399,0
P006,R0400,0
P006,R0401,0
P006,R0402,0
P006,R0403,2
P006,R0404,0
P006,R0405,2
P006,R0406,0
P006,R0407,2
P006,R0408,0
P006,R0409,0
P006,R0410,0
P006,R0411,0
P006,R0412,0
P006,R0413,2
P006,R0414,2
P006,R0415,0
P006,R0416,0
P006,R0417,0
P006,R0418,0
P006,R0419,2
P006,R0420,2
P006,R0421,2
P006,R0422,0
P006,R0423,2
P006,R0424,0
P006,R0425,2
P006,R0426,2
P006,R0427,0
P006,R0428,0
P006,R0429,2
P006,R0430,0
P006,R0431,2
P006,R0432,2
P006,R0433,2
P006,R0434,0
P006,R0435,0
P006,R0436,2
P006,R0437,0
P006,R0438,0
P006,R0439,2
P006,R0440,2
P006,R0441,0
P006,R0442,2
P006,R0443,2
P006,R0444,2
P006,R0445,0
P006,R0446,0
P006,R0447,2
P006,R0448,2
P006,R0449,2
P006,R0450,0
P006,R0451,2
P006,R0452,0
P006,R0453,0
P006,R0454,0
P006,R0455,0
P006,R0456,0
P006,R0457,0
P006,R0458,2
P006,R0459,0
P006,R0460,0
P006,R0461,0
P006,R0462,2
P006,R0463,0
P006,R0464,0
P006,R0465,0
P006,R0466,0
P006,R0467,2
P006,R0468,0
P006,R0469,0
P006,R0470,2
P006,R0471,0
P006,R0472,2
P006,R0473,0
P006,R0474,2
P006,R0475,0
P006,R0476,0
P006,R0477,0
P006,R0478,2
P006,R0479,2
P006,R0480,0
P006,R0481,2
P006,R0482,0
P006,R0483,0
P006,R0484,2
P006,R0485,0
P006,R0486,2
P006,R0487,0
P006,R0488,0
P006,R0489,0
P006,R0490,0
P006,R0491,0
P006,R0492,0
P006,R0493,0
P006,R0494,0
P006,R0495,0
P006,R0496,0
P006,R0497,0
P006,R0498,2
P006,R0499,0
P006,R0500,0
P006,R0501,2
P006,R0502,2
P006,R0503,0
P006,R0504,0
P006,R0505,0
P006,R0506,2
P006,R0507,0
P006,R0508,0
P006,R0509,0
P006,R0510,0
P006,R0511,0
P006,R0512,0
P006,R0513,2
P006,R0514,2
P006,R0515,0
P006,R0516,2
P006,R0517,0
P006,R0518,2
P006,R0519,0
P006,R0520,0
P006,R0521,0
P006,R0522,0
P006,R0523,2
P006,R0524,0
P006,R0525,0
P006,R0526,0
P006,R0527,0
P006,R0528,2
P006,R0529,2
P006,R0530,0
P006,R0531,0
P006,R0532,0
P006,R0533,0
P006,R0534,0
P006,R0535,0
P006,R0536,0
P006,R0537,2
P006,R0538,0
P006,R0539,2
P006,R0540,0
P006,R0541,2
P006,R0542,0
P006,R0543,0
P006,R0544,0
P006,R0545,2
P006,R0546,0
P006,R0547,0
P006,R0548,0
P006,R0549,0
P006,R0550,0
P006,R0551,0
P006,R0552,2
P006,R0553,0
P006,R0554,2
P006,R0555,0
P006,R0556,0
P006,R0557,0
P006,R0558,0
P006,R0559,2
P006,R0560,0
P006,R0561,0
P006,R0562,0
P006,R0563,2
P006,R0564,0
P006,R0565,2
P006,R0566,2
P006,R0567,0
P006,R0568,0
P006,R0569,2
P006,R0570,2
P006,R0571,2
P006,R0572,0
P006,R0573,0
P006,R0574,0
P006,R0575,0
P006,R0576,2
P006,R0577,0
P006,R0578,0
P006,R0579,2
P006,R0580,0
P006,R0581,0
P006,R0582,0
P006,R0583,2
P006,R0584,0
P006,R0585,2
P006,R0586,0
P006,R0587,0
P006,R0588,0
P006,R0589,2
P006,R0590,2
P006,R0591,0
P006,R0592,0
P006,R0593,0
P006,R0594,0
P006,R0595,0
P006,R0596,0
P006,R0597,2
P006,R0598,0
P006,R0599,2
P006,R0600,0
P007,R0001,1
P007,R0002,2
P007,R0003,1
P007,R0004,2
P007,R0005,1
P007,R0006,1
P007,R0007,2
P007,R0008,1
P007,R0009,1
P007,R0010,1
P007,R0011,1
P007,R0012,1
P007,R0013,1
P007,R0014,1
P007,R0015,1
P007,R0016,1
P007,R0017,1
P007,R0018,2
P007,R0019,1
P007,R0020,1
P007,R0021,1
P007,R0022,1
P007,R0023,1
P007,R0024,1
P007,R0025,1
P007,R0026,1
P007,R0027,1
P007,R0028,1
P007,R0029,1
P007,R0030,1
P007,R0031,1
P007,R0032,1
P007,R0033,1
P007,R0034,1
P007,R0035,1
P007,R0036,2
P007,R0037,1
P007,R0038,1
P007,R0039,1
P007,R0040,1
P007,R0041,1
P007,R0042,1
P007,R0043,1
P007,R0044,1
P007,R0045,1
P007,R0046,1
P007,R0047,1
P007,R0048,1
P007,R0049,2
P007,R0050,1
P007,R0051,1
P007,R0052,1
P007,R0053,1
P007,R0054,1
P007,R0055,1
P007,R0056,1
P007,R0057,1
P007,R0058,1
P007,R0059,1
P007,R0060,1
P007,R0061,1
P007,R0062,1
P007,R0063,1
P007,R0064,1
P007,R0065,1
P007,R0066,1
P007,R0067,1
P007,R0068,2
P007,R0069,1
P007,R0070,1
P007,R0071,1
P007,R0072,2
P007,R0073,2
P007,R0074,2
P007,R0075,1
P007,R0076,1
P007,R0077,1
P007,R0078,2
P007,R0079,1
P007,R0080,2
P007,R0081,1
P007,R0082,1
P007,R0083,1
P007,R0084,2
P007,R0085,2
P007,R0086,1
P007,R0087,1
P007,R0088,1
P007,R0089,1
P007,R0090,2
P007,R0091,1
P007,R0092,2
P007,R0093,1
P007,R0094,1
P007,R0095,1
P007,R0096,1
P007,R0097,1
P007,R0098,1
P007,R0099,1
P007,R0100,1
P007,R0101,1
P007,R0102,1
P007,R0103,1
P007,R0104,1
P007,R0105,1
P007,R0106,2
P007,R0107,1
P007,R0108,1
P007,R0109,1
P007,R0110,1
P007,R0111,1
P007,R0112,1
P007,R0113,1
P007,R0114,1
P007,R0115,1
P007,R0116,2
P007,R0117,1
P007,R0118,2
P007,R0119,1
P007,R0120,1
P007,R0121,2
P007,R0122,1
P007,R0123,1
P007,R0124,2
P007,R0125,1
P007,R0126,1
P007,R0127,1
P007,R0128,1
P007,R0129,1
P007,R0130,1
P007,R0131,1
P007,R0132,1
P007,R0133,1
P007,R0134,1
P007,R0135,1
P007,R0136,1
P007,R0137,1
P007,R0138,2
P007,R0139,1
P007,R0140,1
P007,R0141,1
P007,R0142,1
P007,R0143,1
P007,R0144,1
P007,R0145,1
P007,R0146,1
P007,R0147,1
P007,R0148,1
P007,R0149,1
P007,R0150,1
P007,R0151,1
P007,R0152,1
P007,R0153,2
P007,R0154,1
P007,R0155,1
P007,R0156,2
P007,R0157,1
P007,R0158,1
P007,R0159,1
P007,R0160,1
P007,R0161,1
P007,R0162,1
P007,R0163,1
P007,R0164,2
P007,R0165,1
P007,R0166,1
P007,R0167,2
P007,R0168,2
P007,R0169,1
P007,R0170,1
P007,R0171,1
P007,R0172,1
P007,R0173,1
P007,R0174,1
P007,R0175,1
P007,R0176,2
P007,R0177,1
P007,R0178,1
P007,R0179,2
P007,R0180,1
P007,R0181,1
P007,R0182,1
P007,R0183,1
P007,R0184,1
P007,R0185,1
P007,R0186,1
P007,R0187,1
P007,R0188,1
P007,R0189,1
P007,R0190,1
P007,R0191,1
P007,R0192,1
P007,R0193,1
P007,R0194,1
P007,R0195,2
P007,R0196,1
P007,R0197,1
P007,R0198,2
P007,R0199,1
P007,R0200,1
P007,R0201,1
P007,R0202,1
P007,R0203,1
P007,R0204,1
P007,R0205,1
P007,R0206,1
P007,R0207,1
P007,R0208,1
P007,R0209,1
P007,R0210,2
P007,R0211,1
P007,R0212,1
P007,R0213,1
P007,R0214,2
P007,R0215,1
P007,R0216,1
P007,R0217,1
P007,R0218,1
P007,R0219,1
P007,R0220,1
P007,R0221,2
P007,R0222,1
P007,R0223,1
P007,R0224,2
P007,R0225,1
P007,R0226,1
P007,R0227,1
P007,R0228,1
P007,R0229,1
P007,R0230,1
P007,R0231,1
P007,R0232,1
P007,R0233,2
P007,R0234,2
P007,R0235,1
P007,R0236,1
P007,R0237,2
P007,R0238,1
P007,R0239,2
P007,R0240,1
P007,R0241,1
P007,R0242,1
P007,R0243,1
P007,R0244,1
P007,R0245,2
P007,R0246,1
P007,R0247,1
P007,R0248,1
P007,R0249,1
P007,R0250,1
P007,R0251,1
P007,R0252,1
P007,R0253,1
P007,R0254,1
P007,R0255,1
P007,R0256,1
P007,R0257,1
P007,R0258,1
P007,R0259,1
P007,R0260,1
P007,R0261,1
P007,R0262,1
P007,R0263,1
P007,R0264,2
P007,R0265,1
P007,R0266,1
P007,R0267,1
P007,R0268,1
P007,R0269,1
P007,R0270,1
P007,R0271,1
P007,R0272,1
P007,R0273,2
P007,R0274,1
P007,R0275,1
P007,R0276,1
P007,R0277,1
P007,R0278,1
P007,R0279,1
P007,R0280,2
P007,R0281,1
P007,R0282,1
P007,R0283,1
P007,R0284,1
P007,R0285,1
P007,R0286,1
P007,R0287,1
P007,R0288,2
P007,R0289,1
P007,R0290,2
P007,R0291,1
P007,R0292,1
P007,R0293,1
P007,R0294,2
P007,R0295,1
P007,R0296,2
P007,R0297,1
P007,R0298,1
P007,R0299,2
P007,R0300,1
P007,R0301,1
P007,R0302,1
P007,R0303,1
P007,R0304,1
P007,R0305,1
P007,R0306,1
P007,R0307,1
P007,R0308,1
P007,R0309,1
P007,R0310,1
P007,R0311,1
P007,R0312,1
P007,R0313,1
P007,R0314,2
P007,R0315,1
P007,R0316,1
P007,R0317,1
P007,R0318,1
P007,R0319,1
P007,R0320,1
P007,R0321,1
P007,R0322,1
P007,R0323,1
P007,R0324,1
P007,R0325,2
P007,R0326,1
P007,R0327,1
P007,R0328,1
P007,R0329,1
P007,R0330,1
P007,R0331,2
P007,R0332,1
P007,R0333,1
P007,R0334,2
P007,R0335,1
P007,R0336,1
P007,R0337,1
P007,R0338,2
P007,R0339,1
P007,R0340,1
P007,R0341,1
P007,R0342,1
P007,R0343,1
P007,R0344,1
P007,R0345,1
P007,R0346,2
P007,R0347,1
P007,R0348,1
P007,R0349,1
P007,R0350,2
P007,R0351,1
P007,R0352,2
P007,R0353,1
P007,R0354,1
P007,R0355,1
P007,R0356,2
P007,R0357,1
P007,R0358,1
P007,R0359,1
P007,R0360,2
P007,R0361,1
P007,R0362,1
P007,R0363,2
P007,R0364,1
P007,R0365,1
P007,R0366,1
P007,R0367,1
P007,R0368,1
P007,R0369,1
P007,R0370,2
P007,R0371,1
P007,R0372,1
P007,R0373,2
P007,R0374,1
P007,R0375,1
P007,R0376,1
P007,R0377,2
P007,R0378,1
P007,R0379,1
P007,R0380,1
P007,R0381,2
P007,R0382,1
P007,R0383,1
P007,R0384,1
P007,R0385,1
P007,R0386,1
P007,R0387,1
P007,R0388,1
P007,R0389,1
P007,R0390,2
P007,R0391,2
P007,R0392,1
P007,R0393,2
P007,R0394,1
P007,R0395,2
P007,R0396,1
P007,R0397,1
P007,R0398,1
P007,R0399,1
P007,R0400,1
P007,R0401,1
P007,R0402,1
P007,R0403,1
P007,R0404,2
P007,R0405,1
P007,R0406,2
P007,R0407,1
P007,R0408,1
P007,R0409,2
P007,R0410,1
P007,R0411,1
P007,R0412,1
P007,R0413,1
P007,R0414,1
P007,R0415,1
P007,R0416,1
P007,R0417,1
P007,R0418,1
P007,R0419,1
P007,R0420,1
P007,R0421,1
P007,R0422,2
P007,R0423,1
P007,R0424,1
P007,R0425,1
P007,R0426,1
P007,R0427,1
P007,R0428,1
P007,R0429,2
P007,R0430,1
P007,R0431,1
P007,R0432,1
P007,R0433,1
P007,R0434,1
P007,R0435,1
P007,R0436,2
P007,R0437,1
P007,R0438,1
P007,R0439,1
P007,R0440,1
P007,R0441,1
P007,R0442,1
P007,R0443,1
P007,R0444,2
P007,R0445,1
P007,R0446,1
P007,R0447,1
P007,R0448,1
P007,R0449,2
P007,R0450,2
P007,R0451,1
P007,R0452,1
P007,R0453,1
P007,R0454,1
P007,R0455,1
P007,R0456,1
P007,R0457,1
P007,R0458,2
P007,R0459,1
P007,R0460,1
P007,R0461,1
P007,R0462,1
P007,R0463,1
P007,R0464,2
P007,R0465,1
P007,R0466,1
P007,R0467,2
P007,R0468,2
P007,R0469,1
P007,R0470,1
P007,R0471,1
P007,R0472,1
P007,R0473,1
P007,R0474,1
P007,R0475,1
P007,R0476,2
P007,R0477,1
P007,R0478,2
P007,R0479,1
P007,R0480,1
P007,R0481,1
P007,R0482,1
P007,R0483,1
P007,R0484,1
P007,R0485,1
P007,R0486,1
P007,R0487,2
P007,R0488,1
P007,R0489,1
P007,R0490,1
P007,R0491,1
P007,R0492,1
P007,R0493,1
P007,R0494,1
P007,R0495,1
P007,R0496,1
P007,R0497,1
P007,R0498,2
P007,R0499,2
P007,R0500,1
P007,R0501,1
P007,R0502,1
P007,R0503,2
P007,R0504,1
P007,R0505,1
P007,R0506,1
P007,R0507,2
P007,R0508,2
P007,R0509,1
P007,R0510,1
P007,R0511,1
P007,R0512,1
P007,R0513,2
P007,R0514,1
P007,R0515,1
P007,R0516,1
P007,R0517,1
P007,R0518,1
P007,R0519,2
P007,R0520,1
P007,R0521,2
P007,R0522,2
P007,R0523,1
P007,R0524,1
P007,R0525,1
P007,R0526,1
P007,R0527,1
P007,R0528,1
P007,R0529,1
P007,R0530,2
P007,R0531,1
P007,R0532,1
P007,R0533,1
P007,R0534,1
P007,R0535,1
P007,R0536,1
P007,R0537,1
P007,R0538,2
P007,R0539,1
P007,R0540,1
P007,R0541,1
P007,R0542,1
P007,R0543,1
P007,R0544,1
P007,R0545,2
P007,R0546,2
P007,R0547,1
P007,R0548,1
P007,R0549,2
P007,R0550,2
P007,R0551,1
P007,R0552,1
P007,R0553,1
P007,R0554,1
P007,R0555,1
P007,R0556,1
P007,R0557,1
P007,R0558,1
P007,R0559,1
P007,R0560,1
P007,R0561,1
P007,R0562,2
P007,R0563,1
P007,R0564,1
P007,R0565,1
P007,R0566,1
P007,R0567,1
P007,R0568,2
P007,R0569,1
P007,R0570,1
P007,R0571,1
P007,R0572,2
P007,R0573,1
P007,R0574,1
P007,R0575,1
P007,R0576,1
P007,R0577,1
P007,R0578,1
P007,R0579,2
P007,R0580,2
P007,R0581,1
P007,R0582,1
P007,R0583,1
P007,R0584,1
P007,R0585,1
P007,R0586,2
P007,R0587,1
P007,R0588,1
P007,R0589,1
P007,R0590,1
P007,R0591,1
P007,R0592,2
P007,R0593,1
P007,R0594,1
P007,R0595,1
P007,R0596,1
P007,R0597,2
P007,R0598,2
P007,R0599,1
P007,R0600,1
P008,R0001,1
P008,R0002,0
P008,R0003,1
P008,R0004,1
P008,R0005,1
P008,R0006,2
P008,R0007,1
P008,R0008,1
P008,R0009,0
P008,R0010,1
P008,R0011,0
P008,R0012,1
P008,R0013,1
P008,R0014,0
P008,R0015,0
P008,R0016,1
P008,R0017,1
P008,R0018,1
P008,R0019,1
P008,R0020,1
P008,R0021,0
P008,R0022,0
P008,R0023,1
P008,R0024,0
P008,R0025,0
P008,R0026,1
P008,R0027,1
P008,R0028,0
P008,R0029,1
P008,R0030,1
P008,R0031,1
P008,R0032,0
P008,R0033,1
P008,R0034,2
P008,R0035,1
P008,R0036,1
P008,R0037,0
P008,R0038,0
P008,R0039,1
P008,R0040,0
P008,R0041,0
P008,R0042,1
P008,R0043,2
P008,R0044,0
P008,R0045,2
P008,R0046,1
P008,R0047,0
P008,R0048,1
P008,R0049,1
P008,R0050,1
P008,R0051,0
P008,R0052,0
P008,R0053,1
P008,R0054,1
P008,R0055,1
P008,R0056,1
P008,R0057,0
P008,R0058,1
P008,R0059,1
P008,R0060,0
P008,R0061,1
P008,R0062,0
P008,R0063,2
P008,R0064,0
P008,R0065,0
P008,R0066,1
P008,R0067,1
P008,R0068,1
P008,R0069,0
P008,R0070,1
P008,R0071,1
P008,R0072,1
P008,R0073,1
P008,R0074,1
P008,R0075,1
P008,R0076,1
P008,R0077,0
P008,R0078,1
P008,R0079,1
P008,R0080,1
P008,R0081,1
P008,R0082,0
P008,R0083,0
P008,R0084,1
P008,R0085,1
P008,R0086,1
P008,R0087,1
P008,R0088,1
P008,R0089,1
P008,R0090,1
P008,R0091,1
P008,R0092,1
P008,R0093,1
P008,R0094,0
P008,R0095,1
P008,R0096,0
P008,R0097,1
P008,R0098,0
P008,R0099,0
P008,R0100,1
P008,R0101,1
P008,R0102,1
P008,R0103,1
P008,R0104,0
P008,R0105,1
P008,R0106,0
P008,R0107,0
P008,R0108,1
P008,R0109,0
P008,R0110,1
P008,R0111,1
P008,R0112,1
P008,R0113,1
P008,R0114,1
P008,R0115,0
P008,R0116,0
P008,R0117,1
P008,R0118,1
P008,R0119,0
P008,R0120,1
P008,R0121,2
P008,R0122,0
P008,R0123,1
P008,R0124,1
P008,R0125,0
P008,R0126,1
P008,R0127,1
P008,R0128,1
P008,R0129,1
P008,R0130,1
P008,R0131,1
P008,R0132,0
P008,R0133,0
P008,R0134,1
P008,R0135,0
P008,R0136,1
P008,R0137,0
P008,R0138,0
P008,R0139,1
P008,R0140,1
P008,R0141,0
P008,R0142,2
P008,R0143,2
P008,R0144,1
P008,R0145,1
P008,R0146,0
P008,R0147,0
P008,R0148,1
P008,R0149,1
P008,R0150,1
P008,R0151,1
P008,R0152,1
P008,R0153,1
P008,R0154,1
P008,R0155,0
P008,R0156,1
P008,R0157,1
P008,R0158,1
P008,R0159,1
P008,R0160,0
P008,R0161,1
P008,R0162,1
P008,R0163,1
P008,R0164,1
P008,R0165,0
P008,R0166,0
P008,R0167,1
P008,R0168,1
P008,R0169,1
P008,R0170,1
P008,R0171,1
P008,R0172,0
P008,R0173,1
P008,R0174,1
P008,R0175,1
P008,R0176,1
P008,R0177,2
P008,R0178,1
P008,R0179,1
P008,R0180,0
P008,R0181,1
P008,R0182,2
P008,R0183,0
P008,R0184,0
P008,R0185,1
P008,R0186,1
P008,R0187,1
P008,R0188,0
P008,R0189,0
P008,R0190,1
P008,R0191,1
P008,R0192,1
P008,R0193,2
P008,R0194,0
P008,R0195,0
P008,R0196,1
P008,R0197,2
P008,R0198,1
P008,R0199,2
P008,R0200,1
P008,R0201,1
P008,R0202,0
P008,R0203,2
P008,R0204,1
P008,R0205,1
P008,R0206,2
P008,R0207,1
P008,R0208,2
P008,R0209,0
P008,R0210,0
P008,R0211,1
P008,R0212,0
P008,R0213,0
P008,R0214,0
P008,R0215,1
P008,R0216,1
P008,R0217,0
P008,R0218,0
P008,R0219,1
P008,R0220,1
P008,R0221,1
P008,R0222,0
P008,R0223,1
P008,R0224,1
P008,R0225,0
P008,R0226,0
P008,R0227,2
P008,R0228,1
P008,R0229,0
P008,R0230,2
P008,R0231,1
P008,R0232,2
P008,R0233,2
P008,R0234,1
P008,R0235,0
P008,R0236,1
P008,R0237,1
P008,R0238,1
P008,R0239,1
P008,R0240,2
P008,R0241,2
P008,R0242,1
P008,R0243,1
P008,R0244,1
P008,R0245,1
P008,R0246,1
P008,R0247,1
P008,R0248,1
P008,R0249,0
P008,R0250,1
P008,R0251,1
P008,R0252,0
P008,R0253,1
P008,R0254,0
P008,R0255,1
P008,R0256,0
P008,R0257,1
P008,R0258,1
P008,R0259,1
P008,R0260,1
P008,R0261,0
P008,R0262,1
P008,R0263,1
P008,R0264,1
P008,R0265,1
P008,R0266,1
P008,R0267,0
P008,R0268,0
P008,R0269,1
P008,R0270,1
P008,R0271,2
P008,R0272,0
P008,R0273,1
P008,R0274,0
P008,R0275,2
P008,R0276,0
P008,R0277,0
P008,R0278,1
P008,R0279,2
P008,R0280,0
P008,R0281,1
P008,R0282,1
P008,R0283,1
P008,R0284,2
P008,R0285,0
P008,R0286,0
P008,R0287,1
P008,R0288,1
P008,R0289,1
P008,R0290,1
P008,R0291,1
P008,R0292,1
P008,R0293,0
P008,R0294,1
P008,R0295,0
P008,R0296,1
P008,R0297,1
P008,R0298,1
P008,R0299,1
P008,R0300,1
P008,R0301,0
P008,R0302,1
P008,R0303,1
P008,R0304,1
P008,R0305,1
P008,R0306,1
P008,R0307,1
P008,R0308,0
P008,R0309,1
P008,R0310,1
P008,R0311,1
P008,R0312,0
P008,R0313,1
P008,R0314,0
P008,R0315,1
P008,R0316,0
P008,R0317,0
P008,R0318,0
P008,R0319,0
P008,R0320,1
P008,R0321,1
P008,R0322,1
P008,R0323,1
P008,R0324,1
P008,R0325,2
P008,R0326,0
P008,R0327,1
P008,R0328,1
P008,R0329,1
P008,R0330,0
P008,R0331,0
P008,R0332,1
P008,R0333,1
P008,R0334,1
P008,R0335,1
P008,R0336,1
P008,R0337,1
P008,R0338,1
P008,R0339,2
P008,R0340,1
P008,R0341,1
P008,R0342,2
P008,R0343,0
P008,R0344,0
P008,R0345,0
P008,R0346,0
P008,R0347,0
P008,R0348,1
P008,R0349,0
P008,R0350,1
P008,R0351,1
P008,R0352,1
P008,R0353,1
P008,R0354,1
P008,R0355,1
P008,R0356,1
P008,R0357,1
P008,R0358,1
P008,R0359,1
P008,R0360,1
P008,R0361,0
P008,R0362,1
P008,R0363,0
P008,R0364,0
P008,R0365,2
P008,R0366,0
P008,R0367,1
P008,R0368,2
P008,R0369,1
P008,R0370,1
P008,R0371,0
P008,R0372,1
P008,R0373,1
P008,R0374,0
P008,R0375,0
P008,R0376,1
P008,R0377,0
P008,R0378,1
P008,R0379,0
P008,R0380,1
P008,R0381,0
P008,R0382,0
P008,R0383,2
P008,R0384,2
P008,R0385,0
P008,R0386,1
P008,R0387,1
P008,R0388,0
P008,R0389,1
P008,R0390,1
P008,R0391,0
P008,R0392,2
P008,R0393,1
P008,R0394,0
P008,R0395,0
P008,R0396,1
P008,R0397,1
P008,R0398,1
P008,R0399,1
P008,R0400,0
P008,R0401,1
P008,R0402,1
P008,R0403,1
P008,R0404,1
P008,R0405,1
P008,R0406,0
P008,R0407,1
P008,R0408,0
P008,R0409,0
P008,R0410,0
P008,R0411,1
P008,R0412,1
P008,R0413,1
P008,R0414,1
P008,R0415,0
P008,R0416,0
P008,R0417,1
P008,R0418,0
P008,R0419,1
P008,R0420,1
P008,R0421,1
P008,R0422,1
P008,R0423,1
P008,R0424,0
P008,R0425,1
P008,R0426,1
P008,R0427,1
P008,R0428,0
P008,R0429,1
P008,R0430,1
P008,R0431,1
P008,R0432,1
P008,R0433,1
P008,R0434,0
P008,R0435,1
P008,R0436,1
P008,R0437,2
P008,R0438,1
P008,R0439,1
P008,R0440,1
P008,R0441,0
P008,R0442,1
P008,R0443,1
P008,R0444,1
P008,R0445,2
P008,R0446,1
P008,R0447,1
P008,R0448,1
P008,R0449,1
P008,R0450,1
P008,R0451,1
P008,R0452,0
P008,R0453,0
P008,R0454,0
P008,R0455,0
P008,R0456,1
P008,R0457,1
P008,R0458,1
P008,R0459,1
P008,R0460,0
P008,R0461,1
P008,R0462,1
P008,R0463,0
P008,R0464,0
P008,R0465,1
P008,R0466,0
P008,R0467,1
P008,R0468,2
P008,R0469,1
P008,R0470,1
P008,R0471,2
P008,R0472,1
P008,R0473,0
P008,R0474,1
P008,R0475,1
P008,R0476,1
P008,R0477,1
P008,R0478,1
P008,R0479,1
P008,R0480,0
P008,R0481,1
P008,R0482,0
P008,R0483,1
P008,R0484,1
P008,R0485,1
P008,R0486,1
P008,R0487,1
P008,R0488,0
P008,R0489,0
P008,R0490,0
P008,R0491,1
P008,R0492,0
P008,R0493,0
P008,R0494,0
P008,R0495,1
P008,R0496,1
P008,R0497,0
P008,R0498,1
P008,R0499,0
P008,R0500,0
P008,R0501,1
P008,R0502,1
P008,R0503,0
P008,R0504,0
P008,R0505,2
P008,R0506,1
P008,R0507,1
P008,R0508,0
P008,R0509,1
P008,R0510,0
P008,R0511,1
P008,R0512,0
P008,R0513,1
P008,R0514,1
P008,R0515,0
P008,R0516,1
P008,R0517,0
P008,R0518,1
P008,R0519,0
P008,R0520,2
P008,R0521,0
P008,R0522,0
P008,R0523,1
P008,R0524,0
P008,R0525,0
P008,R0526,0
P008,R0527,1
P008,R0528,1
P008,R0529,1
P008,R0530,0
P008,R0531,1
P008,R0532,1
P008,R0533,1
P008,R0534,1
P008,R0535,1
P008,R0536,0
P008,R0537,1
P008,R0538,0
P008,R0539,1
P008,R0540,1
P008,R0541,1
P008,R0542,1
P008,R0543,2
P008,R0544,0
P008,R0545,1
P008,R0546,1
P008,R0547,1
P008,R0548,0
P008,R0549,1
P008,R0550,1
P008,R0551,0
P008,R0552,1
P008,R0553,0
P008,R0554,1
P008,R0555,1
P008,R0556,1
P008,R0557,0
P008,R0558,1
P008,R0559,1
P008,R0560,2
P008,R0561,0
P008,R0562,1
P008,R0563,1
P008,R0564,1
P008,R0565,1
P008,R0566,1
P008,R0567,1
P008,R0568,1
P008,R0569,1
P008,R0570,1
P008,R0571,1
P008,R0572,1
P008,R0573,0
P008,R0574,1
P008,R0575,0
P008,R0576,1
P008,R0577,2
P008,R0578,0
P008,R0579,1
P008,R0580,1
P008,R0581,0
P008,R0582,1
P008,R0583,1
P008,R0584,0
P008,R0585,1
P008,R0586,1
P008,R0587,1
P008,R0588,1
P008,R0589,1
P008,R0590,1
P008,R0591,0
P008,R0592,0
P008,R0593,1
P008,R0594,0
P008,R0595,0
P008,R0596,1
P008,R0597,1
P008,R0598,1
P008,R0599,1
P008,R0600,1
P009,R0001,1
P009,R0002,0
P009,R0003,2
P009,R0004,0
P009,R0005,1
P009,R0006,0
P009,R0007,0
P009,R0008,0
P009,R0009,0
P009,R0010,0
P009,R0011,0
P009,R0012,2
P009,R0013,0
P009,R0014,0
P009,R0015,0
P009,R0016,0
P009,R0017,0
P009,R0018,0
P009,R0019,0
P009,R0020,1
P009,R0021,0
P009,R0022,0
P009,R0023,0
P009,R0024,0
P009,R0025,0
P009,R0026,0
P009,R0027,0
P009,R0028,0
P009,R0029,0
P009,R0030,2
P009,R0031,0
P009,R0032,0
P009,R0033,1
P009,R0034,1
P009,R0035,0
P009,R0036,0
P009,R0037,0
P009,R0038,0
P009,R0039,1
P009,R0040,0
P009,R0041,0
P009,R0042,0
P009,R0043,0
P009,R0044,0
P009,R0045,0
P009,R0046,0
P009,R0047,0
P009,R0048,0
P009,R0049,0
P009,R0050,1
P009,R0051,0
P009,R0052,0
P009,R0053,2
P009,R0054,0
P009,R0055,0
P009,R0056,0
P009,R0057,0
P009,R0058,0
P009,R0059,1
P009,R0060,0
P009,R0061,0
P009,R0062,0
P009,R0063,0
P009,R0064,0
P009,R0065,0
P009,R0066,0
P009,R0067,1
P009,R0068,0
P009,R0069,0
P009,R0070,0
P009,R0071,0
P009,R0072,0
P009,R0073,2
P009,R0074,0
P009,R0075,0
P009,R0076,0
P009,R0077,0
P009,R0078,0
P009,R0079,0
P009,R0080,0
P009,R0081,1
P009,R0082,0
P009,R0083,0
P009,R0084,0
P009,R0085,0
P009,R0086,0
P009,R0087,1
P009,R0088,2
P009,R0089,0
P009,R0090,0
P009,R0091,0
P009,R0092,0
P009,R0093,2
P009,R0094,0
P009,R0095,1
P009,R0096,0
P009,R0097,0
P009,R0098,0
P009,R0099,0
P009,R0100,2
P009,R0101,0
P009,R0102,2
P009,R0103,0
P009,R0104,0
P009,R0105,1
P009,R0106,0
P009,R0107,0
P009,R0108,0
P009,R0109,0
P009,R0110,2
P009,R0111,1
P009,R0112,2
P009,R0113,0
P009,R0114,2
P009,R0115,0
P009,R0116,0
P009,R0117,0
P009,R0118,0
P009,R0119,0
P009,R0120,0
P009,R0121,0
P009,R0122,0
P009,R0123,0
P009,R0124,0
P009,R0125,0
P009,R0126,0
P009,R0127,0
P009,R0128,1
P009,R0129,0
P009,R0130,0
P009,R0131,0
P009,R0132,0
P009,R0133,0
P009,R0134,0
P009,R0135,0
P009,R0136,2
P009,R0137,0
P009,R0138,0
P009,R0139,1
P009,R0140,0
P009,R0141,0
P009,R0142,0
P009,R0143,0
P009,R0144,0
P009,R0145,0
P009,R0146,0
P009,R0147,0
P009,R0148,0
P009,R0149,0
P009,R0150,0
P009,R0151,0
P009,R0152,0
P009,R0153,0
P009,R0154,0
P009,R0155,0
P009,R0156,0
P009,R0157,0
P009,R0158,2
P009,R0159,0
P009,R0160,0
P009,R0161,0
P009,R0162,1
P009,R0163,1
P009,R0164,1
P009,R0165,0
P009,R0166,0
P009,R0167,2
P009,R0168,0
P009,R0169,2
P009,R0170,2
P009,R0171,0
P009,R0172,0
P009,R0173,2
P009,R0174,0
P009,R0175,1
P009,R0176,0
P009,R0177,0
P009,R0178,0
P009,R0179,2
P009,R0180,0
P009,R0181,0
P009,R0182,0
P009,R0183,0
P009,R0184,0
P009,R0185,0
P009,R0186,1
P009,R0187,0
P009,R0188,0
P009,R0189,0
P009,R0190,0
P009,R0191,0
P009,R0192,0
P009,R0193,0
P009,R0194,0
P009,R0195,0
P009,R0196,0
P009,R0197,0
P009,R0198,0
P009,R0199,0
P009,R0200,2
P009,R0201,2
P009,R0202,0
P009,R0203,2
P009,R0204,2
P009,R0205,2
P009,R0206,2
P009,R0207,1
P009,R0208,0
P009,R0209,0
P009,R0210,0
P009,R0211,0
P009,R0212,0
P009,R0213,0
P009,R0214,0
P009,R0215,2
P009,R0216,0
P009,R0217,0
P009,R0218,0
P009,R0219,0
P009,R0220,0
P009,R0221,0
P009,R0222,0
P009,R0223,0
P009,R0224,0
P009,R0225,0
P009,R0226,0
P009,R0227,0
P009,R0228,2
P009,R0229,0
P009,R0230,0
P009,R0231,1
P009,R0232,0
P009,R0233,0
P009,R0234,0
P009,R0235,0
P009,R0236,0
P009,R0237,1
P009,R0238,0
P009,R0239,2
P009,R0240,2
P009,R0241,0
P009,R0242,0
P009,R0243,0
P009,R0244,0
P009,R0245,0
P009,R0246,2
P009,R0247,2
P009,R0248,0
P009,R0249,0
P009,R0250,0
P009,R0251,2
P009,R0252,0
P009,R0253,2
P009,R0254,0
P009,R0255,0
P009,R0256,0
P009,R0257,0
P009,R0258,1
P009,R0259,0
P009,R0260,2
P009,R0261,0
P009,R0262,1
P009,R0263,0
P009,R0264,0
P009,R0265,2
P009,R0266,0
P009,R0267,0
P009,R0268,0
P009,R0269,0
P009,R0270,0
P009,R0271,0
P009,R0272,0
P009,R0273,0
P009,R0274,0
P009,R0275,0
P009,R0276,0
P009,R0277,0
P009,R0278,0
P009,R0279,0
P009,R0280,0
P009,R0281,2
P009,R0282,0
P009,R0283,1
P009,R0284,1
P009,R0285,0
P009,R0286,0
P009,R0287,1
P009,R0288,0
P009,R0289,1
P009,R0290,2
P009,R0291,0
P009,R0292,0
P009,R0293,0
P009,R0294,0
P009,R0295,0
P009,R0296,0
P009,R0297,0
P009,R0298,2
P009,R0299,2
P009,R0300,1
P009,R0301,0
P009,R0302,2
P009,R0303,1
P009,R0304,0
P009,R0305,2
P009,R0306,0
P009,R0307,2
P009,R0308,0
P009,R0309,0
P009,R0310,0
P009,R0311,1
P009,R0312,0
P009,R0313,2
P009,R0314,0
P009,R0315,0
P009,R0316,0
P009,R0317,0
P009,R0318,0
P009,R0319,0
P009,R0320,1
P009,R0321,0
P009,R0322,0
P009,R0323,0
P009,R0324,2
P009,R0325,0
P009,R0326,0
P009,R0327,0
P009,R0328,0
P009,R0329,2
P009,R0330,0
P009,R0331,0
P009,R0332,0
P009,R0333,2
P009,R0334,0
P009,R0335,0
P009,R0336,0
P009,R0337,0
P009,R0338,0
P009,R0339,0
P009,R0340,1
P009,R0341,1
P009,R0342,0
P009,R0343,0
P009,R0344,0
P009,R0345,0
P009,R0346,0
P009,R0347,0
P009,R0348,2
P009,R0349,0
P009,R0350,0
P009,R0351,0
P009,R0352,0
P009,R0353,0
P009,R0354,0
P009,R0355,0
P009,R0356,0
P009,R0357,0
P009,R0358,0
P009,R0359,1
P009,R0360,0
P009,R0361,0
P009,R0362,1
P009,R0363,0
P009,R0364,0
P009,R0365,0
P009,R0366,0
P009,R0367,0
P009,R0368,0
P009,R0369,2
P009,R0370,0
P009,R0371,0
P009,R0372,2
P009,R0373,2
P009,R0374,0
P009,R0375,0
P009,R0376,0
P009,R0377,0
P009,R0378,0
P009,R0379,0
P009,R0380,0
P009,R0381,0
P009,R0382,0
P009,R0383,0
P009,R0384,0
P009,R0385,0
P009,R0386,0
P009,R0387,0
P009,R0388,0
P009,R0389,0
P009,R0390,0
P009,R0391,0
P009,R0392,2
P009,R0393,0
P009,R0394,0
P009,R0395,0
P009,R0396,0
P009,R0397,1
P009,R0398,0
P009,R0399,0
P009,R0400,0
P009,R0401,0
P009,R0402,0
P009,R0403,1
P009,R0404,0
P009,R0405,1
P009,R0406,0
P009,R0407,0
P009,R0408,0
P009,R0409,0
P009,R0410,0
P009,R0411,0
P009,R0412,0
P009,R0413,2
P009,R0414,2
P009,R0415,0
P009,R0416,0
P009,R0417,0
P009,R0418,0
P009,R0419,0
P009,R0420,1
P009,R0421,2
P009,R0422,0
P009,R0423,0
P009,R0424,0
P009,R0425,2
P009,R0426,0
P009,R0427,0
P009,R0428,0
P009,R0429,2
P009,R0430,0
P009,R0431,1
P009,R0432,2
P009,R0433,0
P009,R0434,0
P009,R0435,0
P009,R0436,2
P009,R0437,0
P009,R0438,0
P009,R0439,1
P009,R0440,1
P009,R0441,0
P009,R0442,0
P009,R0443,2
P009,R0444,2
P009,R0445,0
P009,R0446,0
P009,R0447,1
P009,R0448,1
P009,R0449,0
P009,R0450,0
P009,R0451,1
P009,R0452,0
P009,R0453,0
P009,R0454,0
P009,R0455,0
P009,R0456,0
P009,R0457,0
P009,R0458,2
P009,R0459,0
P009,R0460,0
P009,R0461,0
P009,R0462,0
P009,R0463,0
P009,R0464,0
P009,R0465,0
P009,R0466,0
P009,R0467,0
P009,R0468,0
P009,R0469,0
P009,R0470,0
P009,R0471,0
P009,R0472,1
P009,R0473,0
P009,R0474,1
P009,R0475,0
P009,R0476,0
P009,R0477,0
P009,R0478,1
P009,R0479,2
P009,R0480,0
P009,R0481,0
P009,R0482,0
P009,R0483,0
P009,R0484,1
P009,R0485,0
P009,R0486,1
P009,R0487,0
P009,R0488,0
P009,R0489,0
P009,R0490,0
P009,R0491,0
P009,R0492,0
P009,R0493,0
P009,R0494,0
P009,R0495,0
P009,R0496,0
P009,R0497,0
P009,R0498,1
P009,R0499,0
P009,R0500,0
P009,R0501,1
P009,R0502,2
P009,R0503,0
P009,R0504,0
P009,R0505,0
P009,R0506,0
P009,R0507,0
P009,R0508,0
P009,R0509,0
P009,R0510,0
P009,R0511,0
P009,R0512,0
P009,R0513,0
P009,R0514,2
P009,R0515,0
P009,R0516,2
P009,R0517,0
P009,R0518,2
P009,R0519,0
P009,R0520,0
P009,R0521,0
P009,R0522,0
P009,R0523,1
P009,R0524,0
P009,R0525,0
P009,R0526,0
P009,R0527,0
P009,R0528,2
P009,R0529,1
P009,R0530,0
P009,R0531,0
P009,R0532,0
P009,R0533,0
P009,R0534,0
P009,R0535,0
P009,R0536,0
P009,R0537,1
P009,R0538,0
P009,R0539,0
P009,R0540,0
P009,R0541,2
P009,R0542,0
P009,R0543,0
P009,R0544,0
P009,R0545,0
P009,R0546,0
P009,R0547,0
P009,R0548,0
P009,R0549,0
P009,R0550,0
P009,R0551,0
P009,R0552,1
P009,R0553,0
P009,R0554,2
P009,R0555,0
P009,R0556,0
P009,R0557,0
P009,R0558,0
P009,R0559,1
P009,R0560,0
P009,R0561,0
P009,R0562,0
P009,R0563,0
P009,R0564,0
P009,R0565,0
P009,R0566,1
P009,R0567,0
P009,R0568,0
P009,R0569,2
P009,R0570,2
P009,R0571,1
P009,R0572,0
P009,R0573,0
P009,R0574,0
P009,R0575,0
P009,R0576,2
P009,R0577,0
P009,R0578,0
P009,R0579,0
P009,R0580,0
P009,R0581,0
P009,R0582,0
P009,R0583,0
P009,R0584,0
P009,R0585,1
P009,R0586,0
P009,R0587,0
P009,R0588,0
P009,R0589,0
P009,R0590,0
P009,R0591,0
P009,R0592,0
P009,R0593,0
P009,R0594,0
P009,R0595,0
P009,R0596,0
P009,R0597,2
P009,R0598,0
P009,R0599,1
P009,R0600,0
P010,R0001,1
P010,R0002,0
P010,R0003,1
P010,R0004,0
P010,R0005,1
P010,R0006,1
P010,R0007,1
P010,R0008,2
P010,R0009,0
P010,R0010,1
P010,R0011,0
P010,R0012,1
P010,R0013,2
P010,R0014,0
P010,R0015,0
P010,R0016,1
P010,R0017,1
P010,R0018,2
P010,R0019,1
P010,R0020,1
P010,R0021,0
P010,R0022,0
P010,R0023,2
P010,R0024,0
P010,R0025,0
P010,R0026,1
P010,R0027,1
P010,R0028,0
P010,R0029,2
P010,R0030,1
P010,R0031,1
P010,R0032,0
P010,R0033,1
P010,R0034,1
P010,R0035,2
P010,R0036,2
P010,R0037,0
P010,R0038,0
P010,R0039,1
P010,R0040,0
P010,R0041,0
P010,R0042,2
P010,R0043,1
P010,R0044,0
P010,R0045,1
P010,R0046,1
P010,R0047,0
P010,R0048,1
P010,R0049,2
P010,R0050,1
P010,R0051,0
P010,R0052,0
P010,R0053,1
P010,R0054,1
P010,R0055,2
P010,R0056,2
P010,R0057,0
P010,R0058,2
P010,R0059,1
P010,R0060,0
P010,R0061,1
P010,R0062,0
P010,R0063,1
P010,R0064,0
P010,R0065,0
P010,R0066,0
P010,R0067,1
P010,R0068,1
P010,R0069,0
P010,R0070,1
P010,R0071,1
P010,R0072,1
P010,R0073,1
P010,R0074,2
P010,R0075,1
P010,R0076,1
P010,R0077,0
P010,R0078,2
P010,R0079,2
P010,R0080,2
P010,R0081,2
P010,R0082,0
P010,R0083,0
P010,R0084,2
P010,R0085,2
P010,R0086,1
P010,R0087,1
P010,R0088,1
P010,R0089,1
P010,R0090,2
P010,R0091,1
P010,R0092,0
P010,R0093,1
P010,R0094,0
P010,R0095,1
P010,R0096,0
P010,R0097,2
P010,R0098,0
P010,R0099,0
P010,R0100,1
P010,R0101,1
P010,R0102,1
P010,R0103,2
P010,R0104,0
P010,R0105,1
P010,R0106,0
P010,R0107,0
P010,R0108,2
P010,R0109,0
P010,R0110,1
P010,R0111,1
P010,R0112,0
P010,R0113,2
P010,R0114,1
P010,R0115,0
P010,R0116,0
P010,R0117,1
P010,R0118,2
P010,R0119,0
P010,R0120,1
P010,R0121,2
P010,R0122,0
P010,R0123,1
P010,R0124,2
P010,R0125,0
P010,R0126,1
P010,R0127,1
P010,R0128,1
P010,R0129,2
P010,R0130,2
P010,R0131,1
P010,R0132,0
P010,R0133,0
P010,R0134,2
P010,R0135,0
P010,R0136,1
P010,R0137,0
P010,R0138,0
P010,R0139,1
P010,R0140,1
P010,R0141,0
P010,R0142,1
P010,R0143,1
P010,R0144,1
P010,R0145,1
P010,R0146,0
P010,R0147,0
P010,R0148,1
P010,R0149,2
P010,R0150,2
P010,R0151,1
P010,R0152,1
P010,R0153,2
P010,R0154,1
P010,R0155,0
P010,R0156,1
P010,R0157,2
P010,R0158,1
P010,R0159,2
P010,R0160,0
P010,R0161,1
P010,R0162,2
P010,R0163,1
P010,R0164,2
P010,R0165,0
P010,R0166,0
P010,R0167,2
P010,R0168,2
P010,R0169,1
P010,R0170,1
P010,R0171,2
P010,R0172,0
P010,R0173,1
P010,R0174,2
P010,R0175,1
P010,R0176,2
P010,R0177,1
P010,R0178,2
P010,R0179,1
P010,R0180,0
P010,R0181,1
P010,R0182,1
P010,R0183,0
P010,R0184,0
P010,R0185,2
P010,R0186,2
P010,R0187,2
P010,R0188,0
P010,R0189,0
P010,R0190,0
P010,R0191,1
P010,R0192,1
P010,R0193,1
P010,R0194,0
P010,R0195,0
P010,R0196,1
P010,R0197,2
P010,R0198,2
P010,R0199,1
P010,R0200,1
P010,R0201,1
P010,R0202,0
P010,R0203,1
P010,R0204,2
P010,R0205,1
P010,R0206,1
P010,R0207,1
P010,R0208,1
P010,R0209,0
P010,R0210,0
P010,R0211,2
P010,R0212,0
P010,R0213,0
P010,R0214,0
P010,R0215,1
P010,R0216,1
P010,R0217,0
P010,R0218,0
P010,R0219,2
P010,R0220,2
P010,R0221,2
P010,R0222,0
P010,R0223,1
P010,R0224,2
P010,R0225,0
P010,R0226,0
P010,R0227,1
P010,R0228,1
P010,R0229,0
P010,R0230,1
P010,R0231,1
P010,R0232,2
P010,R0233,0
P010,R0234,2
P010,R0235,0
P010,R0236,1
P010,R0237,2
P010,R0238,1
P010,R0239,2
P010,R0240,1
P010,R0241,1
P010,R0242,1
P010,R0243,1
P010,R0244,2
P010,R0245,2
P010,R0246,1
P010,R0247,2
P010,R0248,1
P010,R0249,0
P010,R0250,2
P010,R0251,1
P010,R0252,0
P010,R0253,1
P010,R0254,0
P010,R0255,1
P010,R0256,0
P010,R0257,1
P010,R0258,1
P010,R0259,2
P010,R0260,1
P010,R0261,0
P010,R0262,1
P010,R0263,1
P010,R0264,2
P010,R0265,1
P010,R0266,1
P010,R0267,0
P010,R0268,0
P010,R0269,2
P010,R0270,1
P010,R0271,1
P010,R0272,0
P010,R0273,1
P010,R0274,0
P010,R0275,1
P010,R0276,0
P010,R0277,0
P010,R0278,2
P010,R0279,1
P010,R0280,0
P010,R0281,1
P010,R0282,1
P010,R0283,1
P010,R0284,1
P010,R0285,0
P010,R0286,0
P010,R0287,1
P010,R0288,2
P010,R0289,1
P010,R0290,2
P010,R0291,1
P010,R0292,1
P010,R0293,0
P010,R0294,2
P010,R0295,0
P010,R0296,0
P010,R0297,1
P010,R0298,1
P010,R0299,2
P010,R0300,1
P010,R0301,0
P010,R0302,1
P010,R0303,1
P010,R0304,1
P010,R0305,2
P010,R0306,1
P010,R0307,2
P010,R0308,0
P010,R0309,1
P010,R0310,1
P010,R0311,1
P010,R0312,0
P010,R0313,1
P010,R0314,0
P010,R0315,2
P010,R0316,0
P010,R0317,0
P010,R0318,0
P010,R0319,0
P010,R0320,1
P010,R0321,2
P010,R0322,2
P010,R0323,2
P010,R0324,1
P010,R0325,2
P010,R0326,0
P010,R0327,2
P010,R0328,2
P010,R0329,2
P010,R0330,0
P010,R0331,0
P010,R0332,1
P010,R0333,1
P010,R0334,2
P010,R0335,1
P010,R0336,1
P010,R0337,1
P010,R0338,2
P010,R0339,1
P010,R0340,1
P010,R0341,2
P010,R0342,1
P010,R0343,0
P010,R0344,0
P010,R0345,0
P010,R0346,0
P010,R0347,0
P010,R0348,1
P010,R0349,0
P010,R0350,2
P010,R0351,1
P010,R0352,2
P010,R0353,2
P010,R0354,2
P010,R0355,1
P010,R0356,2
P010,R0357,1
P010,R0358,1
P010,R0359,1
P010,R0360,2
P010,R0361,0
P010,R0362,1
P010,R0363,0
P010,R0364,0
P010,R0365,1
P010,R0366,0
P010,R0367,1
P010,R0368,1
P010,R0369,1
P010,R0370,1
P010,R0371,0
P010,R0372,1
P010,R0373,2
P010,R0374,0
P010,R0375,0
P010,R0376,1
P010,R0377,0
P010,R0378,1
P010,R0379,0
P010,R0380,1
P010,R0381,0
P010,R0382,0
P010,R0383,1
P010,R0384,1
P010,R0385,0
P010,R0386,1
P010,R0387,2
P010,R0388,0
P010,R0389,2
P010,R0390,2
P010,R0391,0
P010,R0392,1
P010,R0393,2
P010,R0394,0
P010,R0395,0
P010,R0396,1
P010,R0397,2
P010,R0398,2
P010,R0399,1
P010,R0400,0
P010,R0401,1
P010,R0402,0
P010,R0403,1
P010,R0404,2
P010,R0405,1
P010,R0406,0
P010,R0407,1
P010,R0408,0
P010,R0409,0
P010,R0410,0
P010,R0411,1
P010,R0412,1
P010,R0413,1
P010,R0414,1
P010,R0415,0
P010,R0416,0
P010,R0417,1
P010,R0418,0
P010,R0419,2
P010,R0420,1
P010,R0421,1
P010,R0422,1
P010,R0423,2
P010,R0424,0
P010,R0425,2
P010,R0426,2
P010,R0427,2
P010,R0428,0
P010,R0429,2
P010,R0430,1
P010,R0431,1
P010,R0432,1
P010,R0433,0
P010,R0434,0
P010,R0435,1
P010,R0436,2
P010,R0437,1
P010,R0438,2
P010,R0439,2
P010,R0440,1
P010,R0441,0
P010,R0442,2
P010,R0443,1
P010,R0444,2
P010,R0445,1
P010,R0446,1
P010,R0447,1
P010,R0448,2
P010,R0449,1
P010,R0450,2
P010,R0451,1
P010,R0452,0
P010,R0453,0
P010,R0454,0
P010,R0455,0
P010,R0456,1
P010,R0457,1
P010,R0458,2
P010,R0459,2
P010,R0460,0
P010,R0461,1
P010,R0462,2
P010,R0463,0
P010,R0464,0
P010,R0465,2
P010,R0466,0
P010,R0467,1
P010,R0468,2
P010,R0469,1
P010,R0470,2
P010,R0471,1
P010,R0472,2
P010,R0473,0
P010,R0474,1
P010,R0475,2
P010,R0476,2
P010,R0477,2
P010,R0478,2
P010,R0479,1
P010,R0480,0
P010,R0481,2
P010,R0482,0
P010,R0483,1
P010,R0484,1
P010,R0485,1
P010,R0486,2
P010,R0487,1
P010,R0488,0
P010,R0489,0
P010,R0490,0
P010,R0491,1
P010,R0492,0
P010,R0493,0
P010,R0494,0
P010,R0495,1
P010,R0496,0
P010,R0497,0
P010,R0498,2
P010,R0499,0
P010,R0500,0
P010,R0501,1
P010,R0502,1
P010,R0503,0
P010,R0504,0
P010,R0505,2
P010,R0506,2
P010,R0507,2
P010,R0508,0
P010,R0509,1
P010,R0510,0
P010,R0511,1
P010,R0512,0
P010,R0513,2
P010,R0514,1
P010,R0515,0
P010,R0516,1
P010,R0517,0
P010,R0518,1
P010,R0519,0
P010,R0520,1
P010,R0521,0
P010,R0522,0
P010,R0523,1
P010,R0524,0
P010,R0525,0
P010,R0526,0
P010,R0527,1
P010,R0528,1
P010,R0529,1
P010,R0530,0
P010,R0531,1
P010,R0532,1
P010,R0533,1
P010,R0534,1
P010,R0535,1
P010,R0536,0
P010,R0537,1
P010,R0538,0
P010,R0539,2
P010,R0540,2
P010,R0541,2
P010,R0542,1
P010,R0543,1
P010,R0544,0
P010,R0545,2
P010,R0546,2
P010,R0547,1
P010,R0548,0
P010,R0549,2
P010,R0550,2
P010,R0551,0
P010,R0552,1
P010,R0553,0
P010,R0554,2
P010,R0555,1
P010,R0556,1
P010,R0557,0
P010,R0558,1
P010,R0559,1
P010,R0560,1
P010,R0561,0
P010,R0562,2
P010,R0563,0
P010,R0564,2
P010,R0565,0
P010,R0566,1
P010,R0567,1
P010,R0568,2
P010,R0569,1
P010,R0570,1
P010,R0571,1
P010,R0572,1
P010,R0573,0
P010,R0574,2
P010,R0575,0
P010,R0576,1
P010,R0577,1
P010,R0578,0
P010,R0579,2
P010,R0580,2
P010,R0581,0
P010,R0582,1
P010,R0583,2
P010,R0584,0
P010,R0585,2
P010,R0586,2
P010,R0587,1
P010,R0588,1
P010,R0589,2
P010,R0590,2
P010,R0591,0
P010,R0592,0
P010,R0593,1
P010,R0594,0
P010,R0595,0
P010,R0596,1
P010,R0597,1
P010,R0598,2
P010,R0599,1
P010,R0600,1
P011,R0001,2
P011,R0002,1
P011,R0003,2
P011,R0004,1
P011,R0005,1
P011,R0006,1
P011,R0007,1
P011,R0008,1
P011,R0009,1
P011,R0010,2
P011,R0011,2
P011,R0012,2
P011,R0013,1
P011,R0014,1
P011,R0015,2
P011,R0016,2
P011,R0017,2
P011,R0018,2
P011,R0019,2
P011,R0020,2
P011,R0021,1
P011,R0022,2
P011,R0023,1
P011,R0024,1
P011,R0025,2
P011,R0026,1
P011,R0027,2
P011,R0028,1
P011,R0029,1
P011,R0030,2
P011,R0031,1
P011,R0032,1
P011,R0033,2
P011,R0034,1
P011,R0035,1
P011,R0036,1
P011,R0037,1
P011,R0038,1
P011,R0039,1
P011,R0040,1
P011,R0041,1
P011,R0042,1
P011,R0043,2
P011,R0044,1
P011,R0045,1
P011,R0046,2
P011,R0047,2
P011,R0048,2
P011,R0049,1
P011,R0050,2
P011,R0051,1
P011,R0052,1
P011,R0053,1
P011,R0054,1
P011,R0055,2
P011,R0056,1
P011,R0057,2
P011,R0058,1
P011,R0059,1
P011,R0060,1
P011,R0061,2
P011,R0062,1
P011,R0063,1
P011,R0064,1
P011,R0065,1
P011,R0066,1
P011,R0067,1
P011,R0068,1
P011,R0069,2
P011,R0070,1
P011,R0071,2
P011,R0072,1
P011,R0073,1
P011,R0074,1
P011,R0075,1
P011,R0076,2
P011,R0077,1
P011,R0078,2
P011,R0079,1
P011,R0080,2
P011,R0081,1
P011,R0082,2
P011,R0083,1
P011,R0084,1
P011,R0085,1
P011,R0086,2
P011,R0087,1
P011,R0088,1
P011,R0089,1
P011,R0090,1
P011,R0091,1
P011,R0092,2
P011,R0093,2
P011,R0094,1
P011,R0095,1
P011,R0096,2
P011,R0097,1
P011,R0098,1
P011,R0099,1
P011,R0100,1
P011,R0101,1
P011,R0102,1
P011,R0103,1
P011,R0104,1
P011,R0105,1
P011,R0106,1
P011,R0107,1
P011,R0108,2
P011,R0109,1
P011,R0110,2
P011,R0111,1
P011,R0112,1
P011,R0113,1
P011,R0114,1
P011,R0115,1
P011,R0116,1
P011,R0117,2
P011,R0118,1
P011,R0119,2
P011,R0120,2
P011,R0121,1
P011,R0122,2
P011,R0123,2
P011,R0124,2
P011,R0125,1
P011,R0126,1
P011,R0127,1
P011,R0128,1
P011,R0129,1
P011,R0130,1
P011,R0131,2
P011,R0132,1
P011,R0133,1
P011,R0134,2
P011,R0135,2
P011,R0136,1
P011,R0137,1
P011,R0138,2
P011,R0139,1
P011,R0140,1
P011,R0141,1
P011,R0142,2
P011,R0143,1
P011,R0144,1
P011,R0145,1
P011,R0146,1
P011,R0147,1
P011,R0148,1
P011,R0149,1
P011,R0150,1
P011,R0151,2
P011,R0152,2
P011,R0153,1
P011,R0154,2
P011,R0155,2
P011,R0156,2
P011,R0157,2
P011,R0158,1
P011,R0159,1
P011,R0160,1
P011,R0161,2
P011,R0162,1
P011,R0163,1
P011,R0164,1
P011,R0165,1
P011,R0166,2
P011,R0167,1
P011,R0168,1
P011,R0169,2
P011,R0170,2
P011,R0171,2
P011,R0172,1
P011,R0173,1
P011,R0174,1
P011,R0175,1
P011,R0176,1
P011,R0177,2
P011,R0178,1
P011,R0179,1
P011,R0180,1
P011,R0181,1
P011,R0182,1
P011,R0183,2
P011,R0184,2
P011,R0185,2
P011,R0186,1
P011,R0187,1
P011,R0188,2
P011,R0189,1
P011,R0190,2
P011,R0191,2
P011,R0192,2
P011,R0193,1
P011,R0194,1
P011,R0195,1
P011,R0196,1
P011,R0197,1
P011,R0198,1
P011,R0199,2
P011,R0200,2
P011,R0201,1
P011,R0202,2
P011,R0203,1
P011,R0204,1
P011,R0205,2
P011,R0206,1
P011,R0207,2
P011,R0208,1
P011,R0209,1
P011,R0210,1
P011,R0211,2
P011,R0212,2
P011,R0213,1
P011,R0214,1
P011,R0215,2
P011,R0216,2
P011,R0217,1
P011,R0218,1
P011,R0219,1
P011,R0220,2
P011,R0221,1
P011,R0222,2
P011,R0223,2
P011,R0224,1
P011,R0225,2
P011,R0226,1
P011,R0227,2
P011,R0228,1
P011,R0229,2
P011,R0230,2
P011,R0231,1
P011,R0232,1
P011,R0233,1
P011,R0234,1
P011,R0235,2
P011,R0236,1
P011,R0237,1
P011,R0238,1
P011,R0239,1
P011,R0240,1
P011,R0241,1
P011,R0242,2
P011,R0243,1
P011,R0244,1
P011,R0245,2
P011,R0246,1
P011,R0247,1
P011,R0248,1
P011,R0249,2
P011,R0250,2
P011,R0251,1
P011,R0252,2
P011,R0253,1
P011,R0254,1
P011,R0255,1
P011,R0256,2
P011,R0257,2
P011,R0258,1
P011,R0259,1
P011,R0260,2
P011,R0261,1
P011,R0262,1
P011,R0263,2
P011,R0264,1
P011,R0265,1
P011,R0266,1
P011,R0267,1
P011,R0268,2
P011,R0269,1
P011,R0270,2
P011,R0271,2
P011,R0272,2
P011,R0273,1
P011,R0274,2
P011,R0275,1
P011,R0276,2
P011,R0277,1
P011,R0278,2
P011,R0279,1
P011,R0280,2
P011,R0281,2
P011,R0282,2
P011,R0283,2
P011,R0284,1
P011,R0285,1
P011,R0286,1
P011,R0287,1
P011,R0288,1
P011,R0289,1
P011,R0290,1
P011,R0291,1
P011,R0292,1
P011,R0293,1
P011,R0294,2
P011,R0295,2
P011,R0296,1
P011,R0297,2
P011,R0298,2
P011,R0299,1
P011,R0300,1
P011,R0301,1
P011,R0302,1
P011,R0303,1
P011,R0304,1
P011,R0305,1
P011,R0306,2
P011,R0307,1
P011,R0308,1
P011,R0309,2
P011,R0310,2
P011,R0311,1
P011,R0312,2
P011,R0313,2
P011,R0314,1
P011,R0315,1
P011,R0316,1
P011,R0317,1
P011,R0318,1
P011,R0319,1
P011,R0320,1
P011,R0321,1
P011,R0322,1
P011,R0323,2
P011,R0324,2
P011,R0325,1
P011,R0326,1
P011,R0327,1
P011,R0328,2
P011,R0329,1
P011,R0330,1
P011,R0331,1
P011,R0332,2
P011,R0333,1
P011,R0334,1
P011,R0335,1
P011,R0336,2
P011,R0337,2
P011,R0338,1
P011,R0339,2
P011,R0340,1
P011,R0341,1
P011,R0342,1
P011,R0343,2
P011,R0344,1
P011,R0345,1
P011,R0346,1
P011,R0347,1
P011,R0348,2
P011,R0349,1
P011,R0350,1
P011,R0351,1
P011,R0352,1
P011,R0353,1
P011,R0354,1
P011,R0355,1
P011,R0356,1
P011,R0357,2
P011,R0358,2
P011,R0359,1
P011,R0360,1
P011,R0361,2
P011,R0362,1
P011,R0363,2
P011,R0364,1
P011,R0365,1
P011,R0366,2
P011,R0367,2
P011,R0368,2
P011,R0369,2
P011,R0370,1
P011,R0371,2
P011,R0372,2
P011,R0373,1
P011,R0374,1
P011,R0375,1
P011,R0376,1
P011,R0377,1
P011,R0378,2
P011,R0379,1
P011,R0380,1
P011,R0381,1
P011,R0382,2
P011,R0383,1
P011,R0384,1
P011,R0385,2
P011,R0386,1
P011,R0387,2
P011,R0388,1
P011,R0389,1
P011,R0390,2
P011,R0391,1
P011,R0392,1
P011,R0393,1
P011,R0394,1
P011,R0395,2
P011,R0396,2
P011,R0397,1
P011,R0398,1
P011,R0399,2
P011,R0400,2
P011,R0401,1
P011,R0402,1
P011,R0403,1
P011,R0404,2
P011,R0405,1
P011,R0406,1
P011,R0407,1
P011,R0408,1
P011,R0409,1
P011,R0410,1
P011,R0411,2
P011,R0412,2
P011,R0413,1
P011,R0414,1
P011,R0415,2
P011,R0416,2
P011,R0417,2
P011,R0418,1
P011,R0419,2
P011,R0420,1
P011,R0421,1
P011,R0422,1
P011,R0423,1
P011,R0424,1
P011,R0425,1
P011,R0426,1
P011,R0427,1
P011,R0428,1
P011,R0429,1
P011,R0430,1
P011,R0431,2
P011,R0432,2
P011,R0433,2
P011,R0434,1
P011,R0435,1
P011,R0436,1
P011,R0437,1
P011,R0438,2
P011,R0439,1
P011,R0440,2
P011,R0441,1
P011,R0442,2
P011,R0443,1
P011,R0444,1
P011,R0445,1
P011,R0446,2
P011,R0447,1
P011,R0448,1
P011,R0449,1
P011,R0450,2
P011,R0451,2
P011,R0452,1
P011,R0453,1
P011,R0454,1
P011,R0455,2
P011,R0456,2
P011,R0457,1
P011,R0458,1
P011,R0459,2
P011,R0460,2
P011,R0461,2
P011,R0462,1
P011,R0463,1
P011,R0464,1
P011,R0465,2
P011,R0466,2
P011,R0467,1
P011,R0468,1
P011,R0469,2
P011,R0470,1
P011,R0471,1
P011,R0472,1
P011,R0473,2
P011,R0474,1
P011,R0475,2
P011,R0476,1
P011,R0477,2
P011,R0478,1
P011,R0479,1
P011,R0480,2
P011,R0481,1
P011,R0482,1
P011,R0483,2
P011,R0484,1
P011,R0485,2
P011,R0486,1
P011,R0487,2
P011,R0488,2
P011,R0489,1
P011,R0490,1
P011,R0491,2
P011,R0492,2
P011,R0493,2
P011,R0494,2
P011,R0495,1
P011,R0496,2
P011,R0497,2
P011,R0498,1
P011,R0499,2
P011,R0500,2
P011,R0501,1
P011,R0502,2
P011,R0503,2
P011,R0504,2
P011,R0505,1
P011,R0506,1
P011,R0507,1
P011,R0508,1
P011,R0509,2
P011,R0510,1
P011,R0511,2
P011,R0512,1
P011,R0513,1
P011,R0514,1
P011,R0515,1
P011,R0516,1
P011,R0517,1
P011,R0518,1
P011,R0519,2
P011,R0520,1
P011,R0521,1
P011,R0522,1
P011,R0523,2
P011,R0524,2
P011,R0525,1
P011,R0526,1
P011,R0527,2
P011,R0528,1
P011,R0529,1
P011,R0530,1
P011,R0531,2
P011,R0532,2
P011,R0533,2
P011,R0534,2
P011,R0535,1
P011,R0536,1
P011,R0537,1
P011,R0538,1
P011,R0539,1
P011,R0540,1
P011,R0541,1
P011,R0542,2
P011,R0543,2
P011,R0544,2
P011,R0545,1
P011,R0546,1
P011,R0547,1
P011,R0548,1
P011,R0549,1
P011,R0550,1
P011,R0551,2
P011,R0552,1
P011,R0553,2
P011,R0554,1
P011,R0555,2
P011,R0556,1
P011,R0557,1
P011,R0558,1
P011,R0559,1
P011,R0560,1
P011,R0561,1
P011,R0562,1
P011,R0563,1
P011,R0564,1
P011,R0565,2
P011,R0566,1
P011,R0567,2
P011,R0568,1
P011,R0569,1
P011,R0570,1
P011,R0571,1
P011,R0572,2
P011,R0573,2
P011,R0574,1
P011,R0575,1
P011,R0576,1
P011,R0577,2
P011,R0578,2
P011,R0579,1
P011,R0580,1
P011,R0581,2
P011,R0582,2
P011,R0583,1
P011,R0584,2
P011,R0585,1
P011,R0586,1
P011,R0587,1
P011,R0588,1
P011,R0589,1
P011,R0590,2
P011,R0591,2
P011,R0592,1
P011,R0593,1
P011,R0594,2
P011,R0595,1
P011,R0596,1
P011,R0597,1
P011,R0598,2
P011,R0599,1
P011,R0600,1
P012,R0001,2
P012,R0002,0
P012,R0003,2
P012,R0004,2
P012,R0005,1
P012,R0006,1
P012,R0007,1
P012,R0008,1
P012,R0009,0
P012,R0010,2
P012,R0011,0
P012,R0012,1
P012,R0013,2
P012,R0014,0
P012,R0015,0
P012,R0016,1
P012,R0017,1
P012,R0018,1
P012,R0019,2
P012,R0020,1
P012,R0021,0
P012,R0022,0
P012,R0023,2
P012,R0024,0
P012,R0025,0
P012,R0026,1
P012,R0027,2
P012,R0028,0
P012,R0029,2
P012,R0030,1
P012,R0031,2
P012,R0032,0
P012,R0033,1
P012,R0034,1
P012,R0035,1
P012,R0036,1
P012,R0037,0
P012,R0038,0
P012,R0039,2
P012,R0040,0
P012,R0041,0
P012,R0042,1
P012,R0043,1
P012,R0044,0
P012,R0045,1
P012,R0046,1
P012,R0047,0
P012,R0048,2
P012,R0049,2
P012,R0050,2
P012,R0051,0
P012,R0052,0
P012,R0053,1
P012,R0054,1
P012,R0055,2
P012,R0056,1
P012,R0057,0
P012,R0058,2
P012,R0059,1
P012,R0060,0
P012,R0061,2
P012,R0062,0
P012,R0063,2
P012,R0064,0
P012,R0065,0
P012,R0066,2
P012,R0067,1
P012,R0068,1
P012,R0069,0
P012,R0070,1
P012,R0071,2
P012,R0072,1
P012,R0073,1
P012,R0074,2
P012,R0075,2
P012,R0076,2
P012,R0077,0
P012,R0078,1
P012,R0079,1
P012,R0080,1
P012,R0081,1
P012,R0082,0
P012,R0083,0
P012,R0084,2
P012,R0085,1
P012,R0086,2
P012,R0087,1
P012,R0088,2
P012,R0089,1
P012,R0090,2
P012,R0091,2
P012,R0092,2
P012,R0093,2
P012,R0094,0
P012,R0095,1
P012,R0096,0
P012,R0097,2
P012,R0098,0
P012,R0099,0
P012,R0100,1
P012,R0101,2
P012,R0102,2
P012,R0103,2
P012,R0104,0
P012,R0105,1
P012,R0106,0
P012,R0107,0
P012,R0108,2
P012,R0109,0
P012,R0110,1
P012,R0111,2
P012,R0112,1
P012,R0113,2
P012,R0114,1
P012,R0115,0
P012,R0116,0
P012,R0117,1
P012,R0118,1
P012,R0119,0
P012,R0120,1
P012,R0121,1
P012,R0122,0
P012,R0123,2
P012,R0124,1
P012,R0125,0
P012,R0126,2
P012,R0127,2
P012,R0128,1
P012,R0129,1
P012,R0130,1
P012,R0131,2
P012,R0132,0
P012,R0133,0
P012,R0134,2
P012,R0135,0
P012,R0136,2
P012,R0137,0
P012,R0138,0
P012,R0139,2
P012,R0140,2
P012,R0141,0
P012,R0142,1
P012,R0143,2
P012,R0144,2
P012,R0145,1
P012,R0146,0
P012,R0147,0
P012,R0148,1
P012,R0149,2
P012,R0150,2
P012,R0151,1
P012,R0152,1
P012,R0153,1
P012,R0154,2
P012,R0155,0
P012,R0156,1
P012,R0157,2
P012,R0158,1
P012,R0159,2
P012,R0160,0
P012,R0161,2
P012,R0162,1
P012,R0163,1
P012,R0164,1
P012,R0165,0
P012,R0166,0
P012,R0167,1
P012,R0168,2
P012,R0169,2
P012,R0170,2
P012,R0171,1
P012,R0172,0
P012,R0173,1
P012,R0174,1
P012,R0175,1
P012,R0176,1
P012,R0177,1
P012,R0178,1
P012,R0179,1
P012,R0180,0
P012,R0181,2
P012,R0182,1
P012,R0183,0
P012,R0184,0
P012,R0185,2
P012,R0186,1
P012,R0187,1
P012,R0188,0
P012,R0189,0
P012,R0190,2
P012,R0191,1
P012,R0192,1
P012,R0193,1
P012,R0194,0
P012,R0195,0
P012,R0196,1
P012,R0197,1
P012,R0198,2
P012,R0199,2
P012,R0200,1
P012,R0201,1
P012,R0202,0
P012,R0203,1
P012,R0204,1
P012,R0205,2
P012,R0206,1
P012,R0207,1
P012,R0208,1
P012,R0209,0
P012,R0210,0
P012,R0211,1
P012,R0212,0
P012,R0213,0
P012,R0214,0
P012,R0215,1
P012,R0216,1
P012,R0217,0
P012,R0218,0
P012,R0219,2
P012,R0220,1
P012,R0221,2
P012,R0222,0
P012,R0223,1
P012,R0224,1
P012,R0225,0
P012,R0226,0
P012,R0227,2
P012,R0228,2
P012,R0229,0
P012,R0230,2
P012,R0231,2
P012,R0232,1
P012,R0233,1
P012,R0234,1
P012,R0235,0
P012,R0236,1
P012,R0237,1
P012,R0238,2
P012,R0239,1
P012,R0240,1
P012,R0241,1
P012,R0242,2
P012,R0243,1
P012,R0244,1
P012,R0245,2
P012,R0246,1
P012,R0247,1
P012,R0248,2
P012,R0249,0
P012,R0250,2
P012,R0251,2
P012,R0252,0
P012,R0253,1
P012,R0254,0
P012,R0255,1
P012,R0256,0
P012,R0257,1
P012,R0258,1
P012,R0259,2
P012,R0260,1
P012,R0261,0
P012,R0262,1
P012,R0263,2
P012,R0264,2
P012,R0265,1
P012,R0266,2
P012,R0267,0
P012,R0268,0
P012,R0269,1
P012,R0270,1
P012,R0271,1
P012,R0272,0
P012,R0273,1
P012,R0274,0
P012,R0275,2
P012,R0276,0
P012,R0277,0
P012,R0278,2
P012,R0279,2
P012,R0280,0
P012,R0281,1
P012,R0282,2
P012,R0283,1
P012,R0284,1
P012,R0285,0
P012,R0286,0
P012,R0287,1
P012,R0288,1
P012,R0289,2
P012,R0290,1
P012,R0291,1
P012,R0292,2
P012,R0293,0
P012,R0294,1
P012,R0295,0
P012,R0296,1
P012,R0297,2
P012,R0298,2
P012,R0299,1
P012,R0300,1
P012,R0301,0
P012,R0302,2
P012,R0303,1
P012,R0304,1
P012,R0305,1
P012,R0306,1
P012,R0307,1
P012,R0308,0
P012,R0309,2
P012,R0310,1
P012,R0311,1
P012,R0312,0
P012,R0313,1
P012,R0314,0
P012,R0315,2
P012,R0316,0
P012,R0317,0
P012,R0318,0
P012,R0319,0
P012,R0320,2
P012,R0321,1
P012,R0322,1
P012,R0323,1
P012,R0324,2
P012,R0325,1
P012,R0326,0
P012,R0327,2
P012,R0328,2
P012,R0329,1
P012,R0330,0
P012,R0331,0
P012,R0332,2
P012,R0333,1
P012,R0334,1
P012,R0335,2
P012,R0336,2
P012,R0337,2
P012,R0338,1
P012,R0339,1
P012,R0340,2
P012,R0341,1
P012,R0342,1
P012,R0343,0
P012,R0344,0
P012,R0345,0
P012,R0346,0
P012,R0347,0
P012,R0348,1
P012,R0349,0
P012,R0350,2
P012,R0351,1
P012,R0352,1
P012,R0353,1
P012,R0354,2
P012,R0355,2
P012,R0356,1
P012,R0357,2
P012,R0358,2
P012,R0359,1
P012,R0360,1
P012,R0361,0
P012,R0362,1
P012,R0363,0
P012,R0364,0
P012,R0365,1
P012,R0366,0
P012,R0367,1
P012,R0368,2
P012,R0369,2
P012,R0370,1
P012,R0371,0
P012,R0372,1
P012,R0373,1
P012,R0374,0
P012,R0375,0
P012,R0376,1
P012,R0377,0
P012,R0378,1
P012,R0379,0
P012,R0380,2
P012,R0381,0
P012,R0382,0
P012,R0383,2
P012,R0384,2
P012,R0385,0
P012,R0386,2
P012,R0387,1
P012,R0388,0
P012,R0389,1
P012,R0390,2
P012,R0391,0
P012,R0392,1
P012,R0393,1
P012,R0394,0
P012,R0395,0
P012,R0396,2
P012,R0397,1
P012,R0398,2
P012,R0399,2
P012,R0400,0
P012,R0401,2
P012,R0402,1
P012,R0403,1
P012,R0404,1
P012,R0405,2
P012,R0406,0
P012,R0407,1
P012,R0408,0
P012,R0409,0
P012,R0410,0
P012,R0411,2
P012,R0412,1
P012,R0413,1
P012,R0414,2
P012,R0415,0
P012,R0416,0
P012,R0417,2
P012,R0418,0
P012,R0419,1
P012,R0420,1
P012,R0421,1
P012,R0422,1
P012,R0423,2
P012,R0424,0
P012,R0425,1
P012,R0426,1
P012,R0427,1
P012,R0428,0
P012,R0429,1
P012,R0430,1
P012,R0431,2
P012,R0432,1
P012,R0433,2
P012,R0434,0
P012,R0435,2
P012,R0436,1
P012,R0437,1
P012,R0438,2
P012,R0439,1
P012,R0440,2
P012,R0441,0
P012,R0442,2
P012,R0443,1
P012,R0444,1
P012,R0445,1
P012,R0446,2
P012,R0447,2
P012,R0448,1
P012,R0449,1
P012,R0450,2
P012,R0451,1
P012,R0452,0
P012,R0453,0
P012,R0454,0
P012,R0455,0
P012,R0456,2
P012,R0457,1
P012,R0458,1
P012,R0459,1
P012,R0460,0
P012,R0461,2
P012,R0462,2
P012,R0463,0
P012,R0464,0
P012,R0465,2
P012,R0466,0
P012,R0467,1
P012,R0468,1
P012,R0469,2
P012,R0470,1
P012,R0471,1
P012,R0472,1
P012,R0473,0
P012,R0474,1
P012,R0475,2
P012,R0476,1
P012,R0477,2
P012,R0478,1
P012,R0479,1
P012,R0480,0
P012,R0481,1
P012,R0482,0
P012,R0483,2
P012,R0484,1
P012,R0485,2
P012,R0486,1
P012,R0487,1
P012,R0488,0
P012,R0489,0
P012,R0490,0
P012,R0491,2
P012,R0492,0
P012,R0493,0
P012,R0494,0
P012,R0495,2
P012,R0496,1
P012,R0497,0
P012,R0498,1
P012,R0499,0
P012,R0500,0
P012,R0501,1
P012,R0502,1
P012,R0503,0
P012,R0504,0
P012,R0505,1
P012,R0506,2
P012,R0507,1
P012,R0508,0
P012,R0509,2
P012,R0510,0
P012,R0511,1
P012,R0512,0
P012,R0513,1
P012,R0514,1
P012,R0515,0
P012,R0516,1
P012,R0517,0
P012,R0518,1
P012,R0519,0
P012,R0520,2
P012,R0521,0
P012,R0522,0
P012,R0523,1
P012,R0524,0
P012,R0525,0
P012,R0526,0
P012,R0527,1
P012,R0528,1
P012,R0529,2
P012,R0530,0
P012,R0531,1
P012,R0532,2
P012,R0533,2
P012,R0534,2
P012,R0535,1
P012,R0536,0
P012,R0537,1
P012,R0538,0
P012,R0539,1
P012,R0540,1
P012,R0541,1
P012,R0542,2
P012,R0543,1
P012,R0544,0
P012,R0545,1
P012,R0546,1
P012,R0547,1
P012,R0548,0
P012,R0549,1
P012,R0550,2
P012,R0551,0
P012,R0552,1
P012,R0553,0
P012,R0554,1
P012,R0555,2
P012,R0556,2
P012,R0557,0
P012,R0558,1
P012,R0559,2
P012,R0560,1
P012,R0561,0
P012,R0562,2
P012,R0563,1
P012,R0564,2
P012,R0565,1
P012,R0566,1
P012,R0567,1
P012,R0568,1
P012,R0569,1
P012,R0570,1
P012,R0571,1
P012,R0572,1
P012,R0573,0
P012,R0574,1
P012,R0575,0
P012,R0576,2
P012,R0577,1
P012,R0578,0
P012,R0579,1
P012,R0580,1
P012,R0581,0
P012,R0582,2
P012,R0583,1
P012,R0584,0
P012,R0585,1
P012,R0586,2
P012,R0587,2
P012,R0588,1
P012,R0589,1
P012,R0590,1
P012,R0591,0
P012,R0592,0
P012,R0593,2
P012,R0594,0
P012,R0595,0
P012,R0596,1
P012,R0597,1
P012,R0598,1
P012,R0599,1
P012,R0600,1
P013,R0001,1
P013,R0002,1
P013,R0003,2
P013,R0004,1
P013,R0005,1
P013,R0006,1
P013,R0007,1
P013,R0008,2
P013,R0009,2
P013,R0010,1
P013,R0011,1
P013,R0012,1
P013,R0013,2
P013,R0014,2
P013,R0015,1
P013,R0016,1
P013,R0017,1
P013,R0018,1
P013,R0019,1
P013,R0020,1
P013,R0021,2
P013,R0022,1
P013,R0023,2
P013,R0024,1
P013,R0025,1
P013,R0026,1
P013,R0027,1
P013,R0028,2
P013,R0029,1
P013,R0030,2
P013,R0031,1
P013,R0032,1
P013,R0033,1
P013,R0034,1
P013,R0035,2
P013,R0036,2
P013,R0037,1
P013,R0038,2
P013,R0039,1
P013,R0040,1
P013,R0041,1
P013,R0042,1
P013,R0043,1
P013,R0044,1
P013,R0045,1
P013,R0046,1
P013,R0047,1
P013,R0048,1
P013,R0049,1
P013,R0050,1
P013,R0051,1
P013,R0052,1
P013,R0053,2
P013,R0054,1
P013,R0055,1
P013,R0056,1
P013,R0057,2
P013,R0058,1
P013,R0059,1
P013,R0060,2
P013,R0061,1
P013,R0062,1
P013,R0063,1
P013,R0064,2
P013,R0065,2
P013,R0066,1
P013,R0067,1
P013,R0068,1
P013,R0069,1
P013,R0070,1
P013,R0071,1
P013,R0072,1
P013,R0073,1
P013,R0074,1
P013,R0075,1
P013,R0076,1
P013,R0077,2
P013,R0078,1
P013,R0079,2
P013,R0080,1
P013,R0081,1
P013,R0082,1
P013,R0083,1
P013,R0084,1
P013,R0085,1
P013,R0086,1
P013,R0087,1
P013,R0088,2
P013,R0089,1
P013,R0090,1
P013,R0091,1
P013,R0092,1
P013,R0093,2
P013,R0094,1
P013,R0095,1
P013,R0096,1
P013,R0097,1
P013,R0098,2
P013,R0099,1
P013,R0100,1
P013,R0101,1
P013,R0102,2
P013,R0103,2
P013,R0104,1
P013,R0105,1
P013,R0106,2
P013,R0107,1
P013,R0108,2
P013,R0109,1
P013,R0110,2
P013,R0111,1
P013,R0112,2
P013,R0113,1
P013,R0114,1
P013,R0115,2
P013,R0116,1
P013,R0117,1
P013,R0118,1
P013,R0119,1
P013,R0120,1
P013,R0121,1
P013,R0122,1
P013,R0123,1
P013,R0124,1
P013,R0125,1
P013,R0126,1
P013,R0127,1
P013,R0128,1
P013,R0129,1
P013,R0130,1
P013,R0131,1
P013,R0132,2
P013,R0133,1
P013,R0134,2
P013,R0135,1
P013,R0136,2
P013,R0137,2
P013,R0138,1
P013,R0139,1
P013,R0140,1
P013,R0141,1
P013,R0142,1
P013,R0143,1
P013,R0144,1
P013,R0145,1
P013,R0146,1
P013,R0147,2
P013,R0148,1
P013,R0149,2
P013,R0150,2
P013,R0151,1
P013,R0152,1
P013,R0153,1
P013,R0154,1
P013,R0155,1
P013,R0156,1
P013,R0157,2
P013,R0158,2
P013,R0159,2
P013,R0160,2
P013,R0161,1
P013,R0162,2
P013,R0163,1
P013,R0164,1
P013,R0165,2
P013,R0166,1
P013,R0167,2
P013,R0168,1
P013,R0169,2
P013,R0170,2
P013,R0171,2
P013,R0172,1
P013,R0173,2
P013,R0174,2
P013,R0175,1
P013,R0176,2
P013,R0177,1
P013,R0178,1
P013,R0179,1
P013,R0180,1
P013,R0181,1
P013,R0182,1
P013,R0183,2
P013,R0184,1
P013,R0185,2
P013,R0186,1
P013,R0187,2
P013,R0188,1
P013,R0189,1
P013,R0190,1
P013,R0191,1
P013,R0192,1
P013,R0193,1
P013,R0194,2
P013,R0195,1
P013,R0196,1
P013,R0197,2
P013,R0198,1
P013,R0199,1
P013,R0200,1
P013,R0201,2
P013,R0202,1
P013,R0203,1
P013,R0204,2
P013,R0205,2
P013,R0206,2
P013,R0207,1
P013,R0208,1
P013,R0209,2
P013,R0210,1
P013,R0211,1
P013,R0212,1
P013,R0213,2
P013,R0214,1
P013,R0215,2
P013,R0216,1
P013,R0217,2
P013,R0218,1
P013,R0219,1
P013,R0220,2
P013,R0221,1
P013,R0222,1
P013,R0223,1
P013,R0224,2
P013,R0225,1
P013,R0226,1
P013,R0227,1
P013,R0228,2
P013,R0229,2
P013,R0230,1
P013,R0231,1
P013,R0232,1
P013,R0233,1
P013,R0234,2
P013,R0235,1
P013,R0236,1
P013,R0237,1
P013,R0238,1
P013,R0239,2
P013,R0240,2
P013,R0241,1
P013,R0242,1
P013,R0243,1
P013,R0244,2
P013,R0245,1
P013,R0246,2
P013,R0247,2
P013,R0248,1
P013,R0249,1
P013,R0250,1
P013,R0251,2
P013,R0252,1
P013,R0253,1
P013,R0254,1
P013,R0255,1
P013,R0256,1
P013,R0257,1
P013,R0258,1
P013,R0259,2
P013,R0260,2
P013,R0261,1
P013,R0262,1
P013,R0263,1
P013,R0264,1
P013,R0265,2
P013,R0266,1
P013,R0267,1
P013,R0268,2
P013,R0269,2
P013,R0270,1
P013,R0271,1
P013,R0272,2
P013,R0273,1
P013,R0274,1
P013,R0275,1
P013,R0276,1
P013,R0277,1
P013,R0278,1
P013,R0279,1
P013,R0280,1
P013,R0281,2
P013,R0282,1
P013,R0283,1
P013,R0284,1
P013,R0285,1
P013,R0286,1
P013,R0287,1
P013,R0288,1
P013,R0289,1
P013,R0290,2
P013,R0291,1
P013,R0292,1
P013,R0293,2
P013,R0294,1
P013,R0295,1
P013,R0296,2
P013,R0297,1
P013,R0298,2
P013,R0299,2
P013,R0300,1
P013,R0301,2
P013,R0302,2
P013,R0303,1
P013,R0304,1
P013,R0305,2
P013,R0306,1
P013,R0307,2
P013,R0308,2
P013,R0309,1
P013,R0310,1
P013,R0311,1
P013,R0312,1
P013,R0313,2
P013,R0314,1
P013,R0315,1
P013,R0316,1
P013,R0317,1
P013,R0318,2
P013,R0319,2
P013,R0320,1
P013,R0321,2
P013,R0322,1
P013,R0323,2
P013,R0324,2
P013,R0325,1
P013,R0326,1
P013,R0327,2
P013,R0328,2
P013,R0329,2
P013,R0330,2
P013,R0331,1
P013,R0332,1
P013,R0333,1
P013,R0334,1
P013,R0335,1
P013,R0336,1
P013,R0337,1
P013,R0338,1
P013,R0339,1
P013,R0340,1
P013,R0341,1
P013,R0342,1
P013,R0343,1
P013,R0344,1
P013,R0345,1
P013,R0346,1
P013,R0347,1
P013,R0348,1
P013,R0349,1
P013,R0350,1
P013,R0351,1
P013,R0352,1
P013,R0353,1
P013,R0354,1
P013,R0355,1
P013,R0356,1
P013,R0357,1
P013,R0358,1
P013,R0359,1
P013,R0360,2
P013,R0361,1
P013,R0362,1
P013,R0363,1
P013,R0364,1
P013,R0365,1
P013,R0366,1
P013,R0367,1
P013,R0368,1
P013,R0369,2
P013,R0370,1
P013,R0371,1
P013,R0372,2
P013,R0373,2
P013,R0374,2
P013,R0375,1
P013,R0376,1
P013,R0377,1
P013,R0378,1
P013,R0379,2
P013,R0380,1
P013,R0381,1
P013,R0382,1
P013,R0383,1
P013,R0384,1
P013,R0385,1
P013,R0386,1
P013,R0387,2
P013,R0388,1
P013,R0389,2
P013,R0390,1
P013,R0391,1
P013,R0392,2
P013,R0393,2
P013,R0394,1
P013,R0395,1
P013,R0396,1
P013,R0397,1
P013,R0398,1
P013,R0399,1
P013,R0400,1
P013,R0401,1
P013,R0402,1
P013,R0403,1
P013,R0404,1
P013,R0405,1
P013,R0406,1
P013,R0407,1
P013,R0408,1
P013,R0409,1
P013,R0410,2
P013,R0411,1
P013,R0412,1
P013,R0413,2
P013,R0414,2
P013,R0415,1
P013,R0416,2
P013,R0417,1
P013,R0418,1
P013,R0419,1
P013,R0420,1
P013,R0421,1
P013,R0422,1
P013,R0423,1
P013,R0424,1
P013,R0425,2
P013,R0426,2
P013,R0427,2
P013,R0428,1
P013,R0429,2
P013,R0430,1
P013,R0431,1
P013,R0432,2
P013,R0433,1
P013,R0434,1
P013,R0435,1
P013,R0436,2
P013,R0437,1
P013,R0438,2
P013,R0439,1
P013,R0440,1
P013,R0441,1
P013,R0442,1
P013,R0443,2
P013,R0444,2
P013,R0445,1
P013,R0446,1
P013,R0447,1
P013,R0448,2
P013,R0449,1
P013,R0450,1
P013,R0451,1
P013,R0452,1
P013,R0453,2
P013,R0454,2
P013,R0455,1
P013,R0456,1
P013,R0457,1
P013,R0458,2
P013,R0459,2
P013,R0460,1
P013,R0461,1
P013,R0462,1
P013,R0463,2
P013,R0464,1
P013,R0465,2
P013,R0466,1
P013,R0467,1
P013,R0468,1
P013,R0469,1
P013,R0470,1
P013,R0471,1
P013,R0472,1
P013,R0473,1
P013,R0474,1
P013,R0475,2
P013,R0476,1
P013,R0477,2
P013,R0478,1
P013,R0479,2
P013,R0480,2
P013,R0481,1
P013,R0482,2
P013,R0483,1
P013,R0484,1
P013,R0485,1
P013,R0486,1
P013,R0487,1
P013,R0488,2
P013,R0489,1
P013,R0490,1
P013,R0491,1
P013,R0492,1
P013,R0493,1
P013,R0494,1
P013,R0495,1
P013,R0496,1
P013,R0497,1
P013,R0498,1
P013,R0499,1
P013,R0500,1
P013,R0501,1
P013,R0502,2
P013,R0503,1
P013,R0504,1
P013,R0505,2
P013,R0506,1
P013,R0507,1
P013,R0508,2
P013,R0509,1
P013,R0510,2
P013,R0511,1
P013,R0512,2
P013,R0513,1
P013,R0514,2
P013,R0515,1
P013,R0516,2
P013,R0517,1
P013,R0518,1
P013,R0519,1
P013,R0520,1
P013,R0521,1
P013,R0522,1
P013,R0523,1
P013,R0524,1
P013,R0525,1
P013,R0526,1
P013,R0527,1
P013,R0528,1
P013,R0529,1
P013,R0530,1
P013,R0531,1
P013,R0532,1
P013,R0533,1
P013,R0534,1
P013,R0535,1
P013,R0536,2
P013,R0537,1
P013,R0538,1
P013,R0539,1
P013,R0540,2
P013,R0541,2
P013,R0542,1
P013,R0543,1
P013,R0544,1
P013,R0545,1
P013,R0546,2
P013,R0547,1
P013,R0548,1
P013,R0549,1
P013,R0550,1
P013,R0551,1
P013,R0552,1
P013,R0553,1
P013,R0554,2
P013,R0555,1
P013,R0556,1
P013,R0557,1
P013,R0558,1
P013,R0559,1
P013,R0560,1
P013,R0561,1
P013,R0562,1
P013,R0563,1
P013,R0564,2
P013,R0565,1
P013,R0566,1
P013,R0567,1
P013,R0568,2
P013,R0569,2
P013,R0570,2
P013,R0571,1
P013,R0572,1
P013,R0573,1
P013,R0574,2
P013,R0575,1
P013,R0576,2
P013,R0577,1
P013,R0578,2
P013,R0579,1
P013,R0580,1
P013,R0581,1
P013,R0582,1
P013,R0583,1
P013,R0584,1
P013,R0585,2
P013,R0586,1
P013,R0587,1
P013,R0588,1
P013,R0589,2
P013,R0590,1
P013,R0591,1
P013,R0592,1
P013,R0593,1
P013,R0594,1
P013,R0595,1
P013,R0596,1
P013,R0597,1
P013,R0598,1
P013,R0599,1
P013,R0600,1
P014,R0001,1
P014,R0002,0
P014,R0003,2
P014,R0004,2
P014,R0005,0
P014,R0006,0
P014,R0007,0
P014,R0008,0
P014,R0009,0
P014,R0010,1
P014,R0011,0
P014,R0012,1
P014,R0013,0
P014,R0014,0
P014,R0015,0
P014,R0016,1
P014,R0017,1
P014,R0018,1
P014,R0019,1
P014,R0020,1
P014,R0021,0
P014,R0022,0
P014,R0023,0
P014,R0024,0
P014,R0025,0
P014,R0026,0
P014,R0027,1
P014,R0028,0
P014,R0029,2
P014,R0030,2
P014,R0031,2
P014,R0032,0
P014,R0033,1
P014,R0034,0
P014,R0035,0
P014,R0036,0
P014,R0037,0
P014,R0038,0
P014,R0039,0
P014,R0040,0
P014,R0041,0
P014,R0042,0
P014,R0043,1
P014,R0044,0
P014,R0045,0
P014,R0046,1
P014,R0047,0
P014,R0048,1
P014,R0049,2
P014,R0050,1
P014,R0051,0
P014,R0052,0
P014,R0053,2
P014,R0054,0
P014,R0055,1
P014,R0056,0
P014,R0057,0
P014,R0058,2
P014,R0059,0
P014,R0060,0
P014,R0061,1
P014,R0062,0
P014,R0063,0
P014,R0064,0
P014,R0065,0
P014,R0066,0
P014,R0067,0
P014,R0068,0
P014,R0069,0
P014,R0070,0
P014,R0071,2
P014,R0072,0
P014,R0073,1
P014,R0074,2
P014,R0075,2
P014,R0076,1
P014,R0077,0
P014,R0078,1
P014,R0079,0
P014,R0080,1
P014,R0081,0
P014,R0082,0
P014,R0083,0
P014,R0084,0
P014,R0085,0
P014,R0086,1
P014,R0087,0
P014,R0088,2
P014,R0089,0
P014,R0090,0
P014,R0091,0
P014,R0092,1
P014,R0093,2
P014,R0094,0
P014,R0095,0
P014,R0096,0
P014,R0097,0
P014,R0098,0
P014,R0099,0
P014,R0100,1
P014,R0101,2
P014,R0102,2
P014,R0103,0
P014,R0104,0
P014,R0105,0
P014,R0106,0
P014,R0107,0
P014,R0108,1
P014,R0109,0
P014,R0110,2
P014,R0111,2
P014,R0112,2
P014,R0113,0
P014,R0114,1
P014,R0115,0
P014,R0116,0
P014,R0117,1
P014,R0118,0
P014,R0119,0
P014,R0120,1
P014,R0121,0
P014,R0122,0
P014,R0123,1
P014,R0124,1
P014,R0125,0
P014,R0126,2
P014,R0127,0
P014,R0128,0
P014,R0129,0
P014,R0130,0
P014,R0131,2
P014,R0132,0
P014,R0133,0
P014,R0134,1
P014,R0135,0
P014,R0136,2
P014,R0137,0
P014,R0138,0
P014,R0139,2
P014,R0140,0
P014,R0141,0
P014,R0142,1
P014,R0143,0
P014,R0144,2
P014,R0145,0
P014,R0146,0
P014,R0147,0
P014,R0148,1
P014,R0149,2
P014,R0150,2
P014,R0151,1
P014,R0152,1
P014,R0153,0
P014,R0154,1
P014,R0155,0
P014,R0156,1
P014,R0157,1
P014,R0158,2
P014,R0159,2
P014,R0160,0
P014,R0161,1
P014,R0162,0
P014,R0163,0
P014,R0164,0
P014,R0165,0
P014,R0166,0
P014,R0167,2
P014,R0168,2
P014,R0169,2
P014,R0170,2
P014,R0171,1
P014,R0172,0
P014,R0173,2
P014,R0174,0
P014,R0175,0
P014,R0176,0
P014,R0177,1
P014,R0178,0
P014,R0179,1
P014,R0180,0
P014,R0181,2
P014,R0182,0
P014,R0183,0
P014,R0184,0
P014,R0185,1
P014,R0186,0
P014,R0187,0
P014,R0188,0
P014,R0189,0
P014,R0190,2
P014,R0191,1
P014,R0192,1
P014,R0193,0
P014,R0194,0
P014,R0195,0
P014,R0196,1
P014,R0197,0
P014,R0198,2
P014,R0199,1
P014,R0200,1
P014,R0201,2
P014,R0202,0
P014,R0203,1
P014,R0204,2
P014,R0205,2
P014,R0206,2
P014,R0207,1
P014,R0208,0
P014,R0209,0
P014,R0210,0
P014,R0211,1
P014,R0212,0
P014,R0213,0
P014,R0214,0
P014,R0215,2
P014,R0216,1
P014,R0217,0
P014,R0218,0
P014,R0219,0
P014,R0220,1
P014,R0221,0
P014,R0222,0
P014,R0223,1
P014,R0224,0
P014,R0225,0
P014,R0226,0
P014,R0227,1
P014,R0228,2
P014,R0229,0
P014,R0230,1
P014,R0231,0
P014,R0232,0
P014,R0233,0
P014,R0234,0
P014,R0235,0
P014,R0236,0
P014,R0237,0
P014,R0238,2
P014,R0239,2
P014,R0240,2
P014,R0241,0
P014,R0242,1
P014,R0243,0
P014,R0244,0
P014,R0245,1
P014,R0246,2
P014,R0247,2
P014,R0248,2
P014,R0249,0
P014,R0250,1
P014,R0251,2
P014,R0252,0
P014,R0253,1
P014,R0254,0
P014,R0255,0
P014,R0256,0
P014,R0257,1
P014,R0258,0
P014,R0259,0
P014,R0260,2
P014,R0261,0
P014,R0262,0
P014,R0263,1
P014,R0264,0
P014,R0265,2
P014,R0266,2
P014,R0267,0
P014,R0268,0
P014,R0269,0
P014,R0270,1
P014,R0271,1
P014,R0272,0
P014,R0273,0
P014,R0274,0
P014,R0275,2
P014,R0276,0
P014,R0277,0
P014,R0278,1
P014,R0279,0
P014,R0280,0
P014,R0281,2
P014,R0282,1
P014,R0283,1
P014,R0284,0
P014,R0285,0
P014,R0286,0
P014,R0287,0
P014,R0288,0
P014,R0289,0
P014,R0290,2
P014,R0291,0
P014,R0292,2
P014,R0293,0
P014,R0294,1
P014,R0295,0
P014,R0296,0
P014,R0297,1
P014,R0298,2
P014,R0299,2
P014,R0300,0
P014,R0301,0
P014,R0302,2
P014,R0303,1
P014,R0304,0
P014,R0305,2
P014,R0306,1
P014,R0307,2
P014,R0308,0
P014,R0309,1
P014,R0310,1
P014,R0311,0
P014,R0312,0
P014,R0313,2
P014,R0314,0
P014,R0315,2
P014,R0316,0
P014,R0317,0
P014,R0318,0
P014,R0319,0
P014,R0320,0
P014,R0321,0
P014,R0322,0
P014,R0323,1
P014,R0324,2
P014,R0325,0
P014,R0326,0
P014,R0327,2
P014,R0328,1
P014,R0329,2
P014,R0330,0
P014,R0331,0
P014,R0332,2
P014,R0333,1
P014,R0334,0
P014,R0335,2
P014,R0336,2
P014,R0337,1
P014,R0338,0
P014,R0339,1
P014,R0340,2
P014,R0341,0
P014,R0342,1
P014,R0343,0
P014,R0344,0
P014,R0345,0
P014,R0346,0
P014,R0347,0
P014,R0348,1
P014,R0349,0
P014,R0350,0
P014,R0351,1
P014,R0352,0
P014,R0353,0
P014,R0354,2
P014,R0355,2
P014,R0356,0
P014,R0357,1
P014,R0358,1
P014,R0359,0
P014,R0360,0
P014,R0361,0
P014,R0362,0
P014,R0363,0
P014,R0364,0
P014,R0365,0
P014,R0366,0
P014,R0367,1
P014,R0368,1
P014,R0369,2
P014,R0370,0
P014,R0371,0
P014,R0372,2
P014,R0373,2
P014,R0374,0
P014,R0375,0
P014,R0376,0
P014,R0377,0
P014,R0378,1
P014,R0379,0
P014,R0380,2
P014,R0381,0
P014,R0382,0
P014,R0383,0
P014,R0384,0
P014,R0385,0
P014,R0386,0
P014,R0387,1
P014,R0388,0
P014,R0389,0
P014,R0390,1
P014,R0391,0
P014,R0392,2
P014,R0393,0
P014,R0394,0
P014,R0395,0
P014,R0396,1
P014,R0397,0
P014,R0398,0
P014,R0399,1
P014,R0400,0
P014,R0401,2
P014,R0402,0
P014,R0403,0
P014,R0404,1
P014,R0405,0
P014,R0406,0
P014,R0407,1
P014,R0408,0
P014,R0409,0
P014,R0410,0
P014,R0411,1
P014,R0412,1
P014,R0413,2
P014,R0414,2
P014,R0415,0
P014,R0416,0
P014,R0417,2
P014,R0418,0
P014,R0419,1
P014,R0420,0
P014,R0421,1
P014,R0422,0
P014,R0423,0
P014,R0424,0
P014,R0425,2
P014,R0426,0
P014,R0427,0
P014,R0428,0
P014,R0429,2
P014,R0430,0
P014,R0431,1
P014,R0432,2
P014,R0433,1
P014,R0434,0
P014,R0435,0
P014,R0436,2
P014,R0437,0
P014,R0438,1
P014,R0439,0
P014,R0440,1
P014,R0441,0
P014,R0442,1
P014,R0443,2
P014,R0444,2
P014,R0445,0
P014,R0446,1
P014,R0447,2
P014,R0448,0
P014,R0449,0
P014,R0450,1
P014,R0451,1
P014,R0452,0
P014,R0453,0
P014,R0454,0
P014,R0455,0
P014,R0456,1
P014,R0457,1
P014,R0458,2
P014,R0459,1
P014,R0460,0
P014,R0461,2
P014,R0462,0
P014,R0463,0
P014,R0464,0
P014,R0465,1
P014,R0466,0
P014,R0467,0
P014,R0468,0
P014,R0469,1
P014,R0470,0
P014,R0471,0
P014,R0472,0
P014,R0473,0
P014,R0474,1
P014,R0475,1
P014,R0476,0
P014,R0477,1
P014,R0478,0
P014,R0479,2
P014,R0480,0
P014,R0481,0
P014,R0482,0
P014,R0483,1
P014,R0484,0
P014,R0485,2
P014,R0486,0
P014,R0487,1
P014,R0488,0
P014,R0489,0
P014,R0490,0
P014,R0491,1
P014,R0492,0
P014,R0493,0
P014,R0494,0
P014,R0495,2
P014,R0496,1
P014,R0497,0
P014,R0498,0
P014,R0499,0
P014,R0500,0
P014,R0501,0
P014,R0502,2
P014,R0503,0
P014,R0504,0
P014,R0505,0
P014,R0506,0
P014,R0507,0
P014,R0508,0
P014,R0509,1
P014,R0510,0
P014,R0511,1
P014,R0512,0
P014,R0513,0
P014,R0514,2
P014,R0515,0
P014,R0516,2
P014,R0517,0
P014,R0518,1
P014,R0519,0
P014,R0520,0
P014,R0521,0
P014,R0522,0
P014,R0523,1
P014,R0524,0
P014,R0525,0
P014,R0526,0
P014,R0527,1
P014,R0528,1
P014,R0529,0
P014,R0530,0
P014,R0531,1
P014,R0532,2
P014,R0533,1
P014,R0534,1
P014,R0535,0
P014,R0536,0
P014,R0537,1
P014,R0538,0
P014,R0539,0
P014,R0540,0
P014,R0541,2
P014,R0542,1
P014,R0543,1
P014,R0544,0
P014,R0545,0
P014,R0546,0
P014,R0547,1
P014,R0548,0
P014,R0549,0
P014,R0550,2
P014,R0551,0
P014,R0552,0
P014,R0553,0
P014,R0554,2
P014,R0555,2
P014,R0556,0
P014,R0557,0
P014,R0558,0
P014,R0559,2
P014,R0560,0
P014,R0561,0
P014,R0562,2
P014,R0563,0
P014,R0564,2
P014,R0565,1
P014,R0566,0
P014,R0567,1
P014,R0568,0
P014,R0569,2
P014,R0570,2
P014,R0571,0
P014,R0572,1
P014,R0573,0
P014,R0574,0
P014,R0575,0
P014,R0576,2
P014,R0577,1
P014,R0578,0
P014,R0579,0
P014,R0580,0
P014,R0581,0
P014,R0582,1
P014,R0583,0
P014,R0584,0
P014,R0585,0
P014,R0586,2
P014,R0587,0
P014,R0588,0
P014,R0589,0
P014,R0590,1
P014,R0591,0
P014,R0592,0
P014,R0593,2
P014,R0594,0
P014,R0595,0
P014,R0596,0
P014,R0597,1
P014,R0598,1
P014,R0599,0
P014,R0600,0
P015,R0001,0
P015,R0002,1
P015,R0003,0
P015,R0004,1
P015,R0005,0
P015,R0006,0
P015,R0007,1
P015,R0008,0
P015,R0009,0
P015,R0010,2
P015,R0011,2
P015,R0012,2
P015,R0013,0
P015,R0014,0
P015,R0015,0
P015,R0016,2
P015,R0017,2
P015,R0018,2
P015,R0019,0
P015,R0020,2
P015,R0021,0
P015,R0022,2
P015,R0023,0
P015,R0024,0
P015,R0025,2
P015,R0026,0
P015,R0027,2
P015,R0028,0
P015,R0029,0
P015,R0030,2
P015,R0031,0
P015,R0032,0
P015,R0033,2
P015,R0034,0
P015,R0035,0
P015,R0036,1
P015,R0037,0
P015,R0038,0
P015,R0039,0
P015,R0040,0
P015,R0041,0
P015,R0042,0
P015,R0043,2
P015,R0044,0
P015,R0045,0
P015,R0046,2
P015,R0047,0
P015,R0048,0
P015,R0049,1
P015,R0050,0
P015,R0051,0
P015,R0052,0
P015,R0053,0
P015,R0054,0
P015,R0055,0
P015,R0056,0
P015,R0057,2
P015,R0058,0
P015,R0059,0
P015,R0060,0
P015,R0061,0
P015,R0062,0
P015,R0063,0
P015,R0064,0
P015,R0065,0
P015,R0066,0
P015,R0067,0
P015,R0068,1
P015,R0069,0
P015,R0070,0
P015,R0071,0
P015,R0072,1
P015,R0073,1
P015,R0074,1
P015,R0075,0
P015,R0076,0
P015,R0077,0
P015,R0078,2
P015,R0079,0
P015,R0080,2
P015,R0081,0
P015,R0082,2
P015,R0083,0
P015,R0084,1
P015,R0085,1
P015,R0086,2
P015,R0087,0
P015,R0088,0
P015,R0089,0
P015,R0090,1
P015,R0091,0
P015,R0092,1
P015,R0093,0
P015,R0094,0
P015,R0095,0
P015,R0096,2
P015,R0097,0
P015,R0098,0
P015,R0099,0
P015,R0100,0
P015,R0101,0
P015,R0102,0
P015,R0103,0
P015,R0104,0
P015,R0105,0
P015,R0106,1
P015,R0107,0
P015,R0108,0
P015,R0109,0
P015,R0110,2
P015,R0111,0
P015,R0112,0
P015,R0113,0
P015,R0114,0
P015,R0115,0
P015,R0116,1
P015,R0117,2
P015,R0118,1
P015,R0119,0
P015,R0120,2
P015,R0121,1
P015,R0122,2
P015,R0123,0
P015,R0124,2
P015,R0125,0
P015,R0126,0
P015,R0127,0
P015,R0128,0
P015,R0129,0
P015,R0130,0
P015,R0131,2
P015,R0132,0
P015,R0133,0
P015,R0134,0
P015,R0135,0
P015,R0136,0
P015,R0137,0
P015,R0138,1
P015,R0139,0
P015,R0140,0
P015,R0141,0
P015,R0142,2
P015,R0143,0
P015,R0144,0
P015,R0145,0
P015,R0146,0
P015,R0147,0
P015,R0148,0
P015,R0149,0
P015,R0150,0
P015,R0151,2
P015,R0152,2
P015,R0153,1
P015,R0154,0
P015,R0155,0
P015,R0156,1
P015,R0157,0
P015,R0158,0
P015,R0159,0
P015,R0160,0
P015,R0161,2
P015,R0162,0
P015,R0163,0
P015,R0164,1
P015,R0165,0
P015,R0166,0
P015,R0167,1
P015,R0168,1
P015,R0169,0
P015,R0170,0
P015,R0171,2
P015,R0172,0
P015,R0173,0
P015,R0174,0
P015,R0175,0
P015,R0176,1
P015,R0177,2
P015,R0178,0
P015,R0179,1
P015,R0180,0
P015,R0181,0
P015,R0182,0
P015,R0183,2
P015,R0184,0
P015,R0185,0
P015,R0186,0
P015,R0187,0
P015,R0188,0
P015,R0189,0
P015,R0190,2
P015,R0191,0
P015,R0192,2
P015,R0193,0
P015,R0194,0
P015,R0195,1
P015,R0196,0
P015,R0197,0
P015,R0198,1
P015,R0199,0
P015,R0200,2
P015,R0201,0
P015,R0202,2
P015,R0203,0
P015,R0204,0
P015,R0205,0
P015,R0206,0
P015,R0207,2
P015,R0208,0
P015,R0209,0
P015,R0210,1
P015,R0211,2
P015,R0212,2
P015,R0213,0
P015,R0214,1
P015,R0215,2
P015,R0216,2
P015,R0217,0
P015,R0218,0
P015,R0219,0
P015,R0220,2
P015,R0221,1
P015,R0222,2
P015,R0223,0
P015,R0224,1
P015,R0225,0
P015,R0226,0
P015,R0227,0
P015,R0228,0
P015,R0229,2
P015,R0230,0
P015,R0231,0
P015,R0232,0
P015,R0233,1
P015,R0234,1
P015,R0235,2
P015,R0236,0
P015,R0237,1
P015,R0238,0
P015,R0239,1
P015,R0240,0
P015,R0241,0
P015,R0242,0
P015,R0243,0
P015,R0244,0
P015,R0245,1
P015,R0246,0
P015,R0247,0
P015,R0248,0
P015,R0249,2
P015,R0250,0
P015,R0251,0
P015,R0252,2
P015,R0253,0
P015,R0254,0
P015,R0255,0
P015,R0256,2
P015,R0257,2
P015,R0258,0
P015,R0259,0
P015,R0260,2
P015,R0261,0
P015,R0262,0
P015,R0263,2
P015,R0264,1
P015,R0265,0
P015,R0266,0
P015,R0267,0
P015,R0268,2
P015,R0269,0
P015,R0270,0
P015,R0271,2
P015,R0272,0
P015,R0273,1
P015,R0274,0
P015,R0275,0
P015,R0276,0
P015,R0277,0
P015,R0278,0
P015,R0279,0
P015,R0280,1
P015,R0281,2
P015,R0282,0
P015,R0283,2
P015,R0284,0
P015,R0285,0
P015,R0286,0
P015,R0287,0
P015,R0288,1
P015,R0289,0
P015,R0290,1
P015,R0291,0
P015,R0292,0
P015,R0293,0
P015,R0294,2
P015,R0295,2
P015,R0296,1
P015,R0297,2
P015,R0298,0
P015,R0299,1
P015,R0300,0
P015,R0301,0
P015,R0302,0
P015,R0303,0
P015,R0304,0
P015,R0305,0
P015,R0306,2
P015,R0307,0
P015,R0308,0
P015,R0309,2
P015,R0310,2
P015,R0311,0
P015,R0312,0
P015,R0313,2
P015,R0314,1
P015,R0315,0
P015,R0316,0
P015,R0317,0
P015,R0318,0
P015,R0319,0
P015,R0320,0
P015,R0321,0
P015,R0322,0
P015,R0323,2
P015,R0324,0
P015,R0325,1
P015,R0326,0
P015,R0327,0
P015,R0328,0
P015,R0329,0
P015,R0330,0
P015,R0331,1
P015,R0332,0
P015,R0333,0
P015,R0334,1
P015,R0335,0
P015,R0336,2
P015,R0337,0
P015,R0338,1
P015,R0339,2
P015,R0340,0
P015,R0341,0
P015,R0342,0
P015,R0343,2
P015,R0344,0
P015,R0345,0
P015,R0346,1
P015,R0347,0
P015,R0348,2
P015,R0349,0
P015,R0350,1
P015,R0351,0
P015,R0352,1
P015,R0353,0
P015,R0354,0
P015,R0355,0
P015,R0356,1
P015,R0357,2
P015,R0358,2
P015,R0359,0
P015,R0360,1
P015,R0361,0
P015,R0362,0
P015,R0363,2
P015,R0364,0
P015,R0365,0
P015,R0366,2
P015,R0367,2
P015,R0368,0
P015,R0369,0
P015,R0370,1
P015,R0371,2
P015,R0372,2
P015,R0373,1
P015,R0374,0
P015,R0375,0
P015,R0376,0
P015,R0377,1
P015,R0378,2
P015,R0379,0
P015,R0380,0
P015,R0381,1
P015,R0382,2
P015,R0383,0
P015,R0384,0
P015,R0385,0
P015,R0386,0
P015,R0387,2
P015,R0388,0
P015,R0389,0
P015,R0390,1
P015,R0391,1
P015,R0392,0
P015,R0393,1
P015,R0394,0
P015,R0395,1
P015,R0396,2
P015,R0397,0
P015,R0398,0
P015,R0399,0
P015,R0400,0
P015,R0401,0
P015,R0402,0
P015,R0403,0
P015,R0404,2
P015,R0405,0
P015,R0406,1
P015,R0407,0
P015,R0408,0
P015,R0409,1
P015,R0410,0
P015,R0411,0
P015,R0412,2
P015,R0413,0
P015,R0414,0
P015,R0415,2
P015,R0416,2
P015,R0417,0
P015,R0418,0
P015,R0419,2
P015,R0420,0
P015,R0421,0
P015,R0422,1
P015,R0423,0
P015,R0424,0
P015,R0425,0
P015,R0426,0
P015,R0427,0
P015,R0428,0
P015,R0429,1
P015,R0430,0
P015,R0431,0
P015,R0432,2
P015,R0433,0
P015,R0434,0
P015,R0435,0
P015,R0436,1
P015,R0437,0
P015,R0438,0
P015,R0439,0
P015,R0440,0
P015,R0441,0
P015,R0442,0
P015,R0443,0
P015,R0444,1
P015,R0445,0
P015,R0446,2
P015,R0447,0
P015,R0448,0
P015,R0449,1
P015,R0450,1
P015,R0451,2
P015,R0452,0
P015,R0453,0
P015,R0454,0
P015,R0455,2
P015,R0456,2
P015,R0457,0
P015,R0458,1
P015,R0459,2
P015,R0460,2
P015,R0461,0
P015,R0462,0
P015,R0463,0
P015,R0464,1
P015,R0465,0
P015,R0466,2
P015,R0467,1
P015,R0468,1
P015,R0469,0
P015,R0470,0
P015,R0471,0
P015,R0472,0
P015,R0473,2
P015,R0474,0
P015,R0475,0
P015,R0476,1
P015,R0477,0
P015,R0478,1
P015,R0479,0
P015,R0480,0
P015,R0481,0
P015,R0482,0
P015,R0483,0
P015,R0484,0
P015,R0485,2
P015,R0486,0
P015,R0487,2
P015,R0488,2
P015,R0489,0
P015,R0490,0
P015,R0491,0
P015,R0492,2
P015,R0493,2
P015,R0494,2
P015,R0495,0
P015,R0496,2
P015,R0497,2
P015,R0498,1
P015,R0499,2
P015,R0500,2
P015,R0501,0
P015,R0502,2
P015,R0503,2
P015,R0504,2
P015,R0505,0
P015,R0506,0
P015,R0507,1
P015,R0508,1
P015,R0509,2
P015,R0510,0
P015,R0511,2
P015,R0512,0
P015,R0513,1
P015,R0514,0
P015,R0515,0
P015,R0516,0
P015,R0517,0
P015,R0518,0
P015,R0519,1
P015,R0520,0
P015,R0521,1
P015,R0522,1
P015,R0523,2
P015,R0524,2
P015,R0525,0
P015,R0526,0
P015,R0527,0
P015,R0528,0
P015,R0529,0
P015,R0530,1
P015,R0531,2
P015,R0532,0
P015,R0533,2
P015,R0534,2
P015,R0535,0
P015,R0536,0
P015,R0537,0
P015,R0538,1
P015,R0539,0
P015,R0540,0
P015,R0541,0
P015,R0542,0
P015,R0543,2
P015,R0544,2
P015,R0545,1
P015,R0546,1
P015,R0547,0
P015,R0548,0
P015,R0549,1
P015,R0550,1
P015,R0551,2
P015,R0552,0
P015,R0553,2
P015,R0554,0
P015,R0555,2
P015,R0556,0
P015,R0557,0
P015,R0558,0
P015,R0559,0
P015,R0560,0
P015,R0561,0
P015,R0562,1
P015,R0563,0
P015,R0564,0
P015,R0565,0
P015,R0566,0
P015,R0567,2
P015,R0568,1
P015,R0569,0
P015,R0570,0
P015,R0571,0
P015,R0572,1
P015,R0573,0
P015,R0574,0
P015,R0575,0
P015,R0576,0
P015,R0577,2
P015,R0578,0
P015,R0579,1
P015,R0580,1
P015,R0581,2
P015,R0582,0
P015,R0583,0
P015,R0584,2
P015,R0585,0
P015,R0586,1
P015,R0587,0
P015,R0588,0
P015,R0589,0
P015,R0590,2
P015,R0591,0
P015,R0592,1
P015,R0593,0
P015,R0594,2
P015,R0595,0
P015,R0596,0
P015,R0597,1
P015,R0598,2
P015,R0599,0
P015,R0600,0
P016,R0001,1
P016,R0002,1
P016,R0003,1
P016,R0004,2
P016,R0005,1
P016,R0006,1
P016,R0007,1
P016,R0008,1
P016,R0009,2
P016,R0010,1
P016,R0011,2
P016,R0012,1
P016,R0013,1
P016,R0014,1
P016,R0015,2
P016,R0016,1
P016,R0017,2
P016,R0018,1
P016,R0019,2
P016,R0020,1
P016,R0021,1
P016,R0022,1
P016,R0023,1
P016,R0024,2
P016,R0025,2
P016,R0026,1
P016,R0027,1
P016,R0028,1
P016,R0029,2
P016,R0030,1
P016,R0031,2
P016,R0032,1
P016,R0033,1
P016,R0034,1
P016,R0035,2
P016,R0036,1
P016,R0037,1
P016,R0038,2
P016,R0039,1
P016,R0040,2
P016,R0041,1
P016,R0042,2
P016,R0043,1
P016,R0044,1
P016,R0045,1
P016,R0046,2
P016,R0047,1
P016,R0048,2
P016,R0049,2
P016,R0050,1
P016,R0051,1
P016,R0052,1
P016,R0053,1
P016,R0054,1
P016,R0055,1
P016,R0056,1
P016,R0057,1
P016,R0058,2
P016,R0059,1
P016,R0060,1
P016,R0061,2
P016,R0062,1
P016,R0063,1
P016,R0064,1
P016,R0065,1
P016,R0066,1
P016,R0067,1
P016,R0068,1
P016,R0069,2
P016,R0070,1
P016,R0071,2
P016,R0072,1
P016,R0073,1
P016,R0074,2
P016,R0075,2
P016,R0076,2
P016,R0077,1
P016,R0078,1
P016,R0079,1
P016,R0080,1
P016,R0081,1
P016,R0082,1
P016,R0083,1
P016,R0084,1
P016,R0085,1
P016,R0086,1
P016,R0087,1
P016,R0088,2
P016,R0089,2
P016,R0090,1
P016,R0091,1
P016,R0092,1
P016,R0093,1
P016,R0094,1
P016,R0095,1
P016,R0096,1
P016,R0097,1
P016,R0098,2
P016,R0099,1
P016,R0100,1
P016,R0101,2
P016,R0102,2
P016,R0103,1
P016,R0104,1
P016,R0105,1
P016,R0106,1
P016,R0107,1
P016,R0108,1
P016,R0109,1
P016,R0110,1
P016,R0111,2
P016,R0112,1
P016,R0113,1
P016,R0114,1
P016,R0115,2
P016,R0116,2
P016,R0117,1
P016,R0118,2
P016,R0119,2
P016,R0120,1
P016,R0121,1
P016,R0122,1
P016,R0123,1
P016,R0124,1
P016,R0125,1
P016,R0126,2
P016,R0127,1
P016,R0128,1
P016,R0129,1
P016,R0130,1
P016,R0131,2
P016,R0132,1
P016,R0133,1
P016,R0134,1
P016,R0135,1
P016,R0136,1
P016,R0137,1
P016,R0138,1
P016,R0139,2
P016,R0140,1
P016,R0141,1
P016,R0142,1
P016,R0143,1
P016,R0144,2
P016,R0145,2
P016,R0146,1
P016,R0147,1
P016,R0148,1
P016,R0149,2
P016,R0150,2
P016,R0151,1
P016,R0152,1
P016,R0153,1
P016,R0154,2
P016,R0155,1
P016,R0156,1
P016,R0157,1
P016,R0158,1
P016,R0159,2
P016,R0160,1
P016,R0161,1
P016,R0162,1
P016,R0163,1
P016,R0164,1
P016,R0165,2
P016,R0166,1
P016,R0167,1
P016,R0168,2
P016,R0169,1
P016,R0170,1
P016,R0171,1
P016,R0172,2
P016,R0173,1
P016,R0174,2
P016,R0175,1
P016,R0176,1
P016,R0177,1
P016,R0178,1
P016,R0179,1
P016,R0180,1
P016,R0181,2
P016,R0182,1
P016,R0183,1
P016,R0184,1
P016,R0185,1
P016,R0186,1
P016,R0187,2
P016,R0188,1
P016,R0189,1
P016,R0190,2
P016,R0191,1
P016,R0192,1
P016,R0193,1
P016,R0194,2
P016,R0195,1
P016,R0196,1
P016,R0197,1
P016,R0198,2
P016,R0199,1
P016,R0200,1
P016,R0201,1
P016,R0202,2
P016,R0203,1
P016,R0204,1
P016,R0205,1
P016,R0206,1
P016,R0207,1
P016,R0208,2
P016,R0209,2
P016,R0210,1
P016,R0211,1
P016,R0212,1
P016,R0213,2
P016,R0214,1
P016,R0215,1
P016,R0216,1
P016,R0217,2
P016,R0218,2
P016,R0219,1
P016,R0220,1
P016,R0221,1
P016,R0222,1
P016,R0223,1
P016,R0224,1
P016,R0225,2
P016,R0226,1
P016,R0227,1
P016,R0228,1
P016,R0229,1
P016,R0230,1
P016,R0231,1
P016,R0232,1
P016,R0233,1
P016,R0234,1
P016,R0235,1
P016,R0236,1
P016,R0237,1
P016,R0238,2
P016,R0239,1
P016,R0240,1
P016,R0241,2
P016,R0242,1
P016,R0243,2
P016,R0244,1
P016,R0245,1
P016,R0246,1
P016,R0247,1
P016,R0248,2
P016,R0249,1
P016,R0250,1
P016,R0251,2
P016,R0252,1
P016,R0253,1
P016,R0254,1
P016,R0255,1
P016,R0256,2
P016,R0257,1
P016,R0258,1
P016,R0259,1
P016,R0260,1
P016,R0261,1
P016,R0262,1
P016,R0263,1
P016,R0264,1
P016,R0265,1
P016,R0266,2
P016,R0267,2
P016,R0268,1
P016,R0269,1
P016,R0270,1
P016,R0271,1
P016,R0272,1
P016,R0273,1
P016,R0274,2
P016,R0275,2
P016,R0276,1
P016,R0277,2
P016,R0278,1
P016,R0279,1
P016,R0280,1
P016,R0281,1
P016,R0282,1
P016,R0283,1
P016,R0284,1
P016,R0285,2
P016,R0286,2
P016,R0287,1
P016,R0288,1
P016,R0289,1
P016,R0290,1
P016,R0291,1
P016,R0292,2
P016,R0293,1
P016,R0294,1
P016,R0295,1
P016,R0296,1
P016,R0297,1
P016,R0298,1
P016,R0299,1
P016,R0300,1
P016,R0301,1
P016,R0302,2
P016,R0303,1
P016,R0304,2
P016,R0305,1
P016,R0306,1
P016,R0307,1
P016,R0308,1
P016,R0309,1
P016,R0310,2
P016,R0311,1
P016,R0312,1
P016,R0313,1
P016,R0314,1
P016,R0315,2
P016,R0316,2
P016,R0317,1
P016,R0318,2
P016,R0319,2
P016,R0320,1
P016,R0321,1
P016,R0322,1
P016,R0323,1
P016,R0324,1
P016,R0325,1
P016,R0326,1
P016,R0327,2
P016,R0328,1
P016,R0329,1
P016,R0330,1
P016,R0331,1
P016,R0332,2
P016,R0333,1
P016,R0334,2
P016,R0335,2
P016,R0336,2
P016,R0337,1
P016,R0338,2
P016,R0339,1
P016,R0340,2
P016,R0341,1
P016,R0342,1
P016,R0343,1
P016,R0344,2
P016,R0345,2
P016,R0346,2
P016,R0347,2
P016,R0348,1
P016,R0349,1
P016,R0350,1
P016,R0351,1
P016,R0352,2
P016,R0353,1
P016,R0354,2
P016,R0355,2
P016,R0356,1
P016,R0357,1
P016,R0358,1
P016,R0359,1
P016,R0360,1
P016,R0361,1
P016,R0362,2
P016,R0363,1
P016,R0364,2
P016,R0365,1
P016,R0366,1
P016,R0367,1
P016,R0368,1
P016,R0369,1
P016,R0370,1
P016,R0371,1
P016,R0372,1
P016,R0373,1
P016,R0374,1
P016,R0375,1
P016,R0376,2
P016,R0377,1
P016,R0378,2
P016,R0379,2
P016,R0380,2
P016,R0381,1
P016,R0382,1
P016,R0383,1
P016,R0384,1
P016,R0385,1
P016,R0386,1
P016,R0387,1
P016,R0388,1
P016,R0389,2
P016,R0390,1
P016,R0391,1
P016,R0392,1
P016,R0393,1
P016,R0394,2
P016,R0395,1
P016,R0396,1
P016,R0397,1
P016,R0398,1
P016,R0399,1
P016,R0400,2
P016,R0401,2
P016,R0402,1
P016,R0403,2
P016,R0404,1
P016,R0405,1
P016,R0406,1
P016,R0407,1
P016,R0408,2
P016,R0409,1
P016,R0410,1
P016,R0411,1
P016,R0412,1
P016,R0413,1
P016,R0414,1
P016,R0415,1
P016,R0416,1
P016,R0417,2
P016,R0418,2
P016,R0419,1
P016,R0420,1
P016,R0421,1
P016,R0422,1
P016,R0423,1
P016,R0424,2
P016,R0425,1
P016,R0426,1
P016,R0427,2
P016,R0428,2
P016,R0429,1
P016,R0430,2
P016,R0431,1
P016,R0432,1
P016,R0433,1
P016,R0434,2
P016,R0435,1
P016,R0436,1
P016,R0437,1
P016,R0438,1
P016,R0439,1
P016,R0440,1
P016,R0441,1
P016,R0442,1
P016,R0443,2
P016,R0444,1
P016,R0445,2
P016,R0446,1
P016,R0447,2
P016,R0448,1
P016,R0449,1
P016,R0450,1
P016,R0451,1
P016,R0452,1
P016,R0453,1
P016,R0454,2
P016,R0455,1
P016,R0456,1
P016,R0457,1
P016,R0458,1
P016,R0459,1
P016,R0460,2
P016,R0461,2
P016,R0462,1
P016,R0463,1
P016,R0464,2
P016,R0465,1
P016,R0466,1
P016,R0467,1
P016,R0468,1
P016,R0469,1
P016,R0470,2
P016,R0471,1
P016,R0472,1
P016,R0473,1
P016,R0474,1
P016,R0475,1
P016,R0476,1
P016,R0477,1
P016,R0478,1
P016,R0479,1
P016,R0480,1
P016,R0481,1
P016,R0482,1
P016,R0483,1
P016,R0484,1
P016,R0485,2
P016,R0486,1
P016,R0487,1
P016,R0488,1
P016,R0489,1
P016,R0490,2
P016,R0491,1
P016,R0492,2
P016,R0493,1
P016,R0494,1
P016,R0495,2
P016,R0496,1
P016,R0497,1
P016,R0498,1
P016,R0499,1
P016,R0500,1
P016,R0501,1
P016,R0502,1
P016,R0503,1
P016,R0504,1
P016,R0505,1
P016,R0506,1
P016,R0507,2
P016,R0508,1
P016,R0509,1
P016,R0510,1
P016,R0511,2
P016,R0512,1
P016,R0513,1
P016,R0514,2
P016,R0515,1
P016,R0516,1
P016,R0517,1
P016,R0518,1
P016,R0519,1
P016,R0520,1
P016,R0521,1
P016,R0522,2
P016,R0523,1
P016,R0524,1
P016,R0525,1
P016,R0526,2
P016,R0527,1
P016,R0528,1
P016,R0529,1
P016,R0530,1
P016,R0531,2
P016,R0532,2
P016,R0533,1
P016,R0534,1
P016,R0535,1
P016,R0536,1
P016,R0537,1
P016,R0538,1
P016,R0539,1
P016,R0540,2
P016,R0541,1
P016,R0542,2
P016,R0543,1
P016,R0544,2
P016,R0545,1
P016,R0546,1
P016,R0547,1
P016,R0548,1
P016,R0549,2
P016,R0550,2
P016,R0551,1
P016,R0552,2
P016,R0553,1
P016,R0554,1
P016,R0555,2
P016,R0556,1
P016,R0557,1
P016,R0558,1
P016,R0559,2
P016,R0560,1
P016,R0561,1
P016,R0562,2
P016,R0563,2
P016,R0564,2
P016,R0565,1
P016,R0566,2
P016,R0567,2
P016,R0568,1
P016,R0569,1
P016,R0570,1
P016,R0571,1
P016,R0572,1
P016,R0573,1
P016,R0574,1
P016,R0575,2
P016,R0576,1
P016,R0577,1
P016,R0578,1
P016,R0579,1
P016,R0580,1
P016,R0581,1
P016,R0582,1
P016,R0583,1
P016,R0584,1
P016,R0585,1
P016,R0586,2
P016,R0587,1
P016,R0588,1
P016,R0589,1
P016,R0590,1
P016,R0591,1
P016,R0592,1
P016,R0593,2
P016,R0594,1
P016,R0595,1
P016,R0596,1
P016,R0597,1
P016,R0598,1
P016,R0599,1
P016,R0600,1
P017,R0001,1
P017,R0002,0
P017,R0003,0
P017,R0004,0
P017,R0005,1
P017,R0006,2
P017,R0007,0
P017,R0008,0
P017,R0009,0
P017,R0010,2
P017,R0011,0
P017,R0012,0
P017,R0013,2
P017,R0014,0
P017,R0015,0
P017,R0016,0
P017,R0017,0
P017,R0018,0
P017,R0019,0
P017,R0020,1
P017,R0021,0
P017,R0022,0
P017,R0023,2
P017,R0024,0
P017,R0025,0
P017,R0026,0
P017,R0027,0
P017,R0028,0
P017,R0029,0
P017,R0030,0
P017,R0031,0
P017,R0032,0
P017,R0033,1
P017,R0034,1
P017,R0035,0
P017,R0036,0
P017,R0037,0
P017,R0038,0
P017,R0039,2
P017,R0040,0
P017,R0041,0
P017,R0042,0
P017,R0043,0
P017,R0044,0
P017,R0045,0
P017,R0046,0
P017,R0047,0
P017,R0048,0
P017,R0049,0
P017,R0050,1
P017,R0051,0
P017,R0052,0
P017,R0053,1
P017,R0054,0
P017,R0055,0
P017,R0056,0
P017,R0057,0
P017,R0058,0
P017,R0059,1
P017,R0060,0
P017,R0061,0
P017,R0062,0
P017,R0063,2
P017,R0064,0
P017,R0065,0
P017,R0066,0
P017,R0067,1
P017,R0068,0
P017,R0069,0
P017,R0070,0
P017,R0071,0
P017,R0072,0
P017,R0073,0
P017,R0074,0
P017,R0075,0
P017,R0076,0
P017,R0077,0
P017,R0078,0
P017,R0079,0
P017,R0080,0
P017,R0081,1
P017,R0082,0
P017,R0083,0
P017,R0084,2
P017,R0085,0
P017,R0086,2
P017,R0087,1
P017,R0088,0
P017,R0089,0
P017,R0090,2
P017,R0091,2
P017,R0092,0
P017,R0093,0
P017,R0094,0
P017,R0095,1
P017,R0096,0
P017,R0097,2
P017,R0098,0
P017,R0099,0
P017,R0100,0
P017,R0101,0
P017,R0102,0
P017,R0103,2
P017,R0104,0
P017,R0105,1
P017,R0106,0
P017,R0107,0
P017,R0108,0
P017,R0109,0
P017,R0110,0
P017,R0111,1
P017,R0112,0
P017,R0113,2
P017,R0114,0
P017,R0115,0
P017,R0116,0
P017,R0117,2
P017,R0118,0
P017,R0119,0
P017,R0120,0
P017,R0121,0
P017,R0122,0
P017,R0123,2
P017,R0124,0
P017,R0125,0
P017,R0126,2
P017,R0127,2
P017,R0128,1
P017,R0129,0
P017,R0130,0
P017,R0131,0
P017,R0132,0
P017,R0133,0
P017,R0134,0
P017,R0135,0
P017,R0136,2
P017,R0137,0
P017,R0138,0
P017,R0139,1
P017,R0140,2
P017,R0141,0
P017,R0142,0
P017,R0143,2
P017,R0144,2
P017,R0145,0
P017,R0146,0
P017,R0147,0
P017,R0148,0
P017,R0149,0
P017,R0150,0
P017,R0151,0
P017,R0152,0
P017,R0153,0
P017,R0154,0
P017,R0155,0
P017,R0156,0
P017,R0157,0
P017,R0158,0
P017,R0159,0
P017,R0160,0
P017,R0161,0
P017,R0162,1
P017,R0163,1
P017,R0164,1
P017,R0165,0
P017,R0166,0
P017,R0167,0
P017,R0168,0
P017,R0169,0
P017,R0170,0
P017,R0171,0
P017,R0172,0
P017,R0173,1
P017,R0174,0
P017,R0175,1
P017,R0176,0
P017,R0177,0
P017,R0178,0
P017,R0179,0
P017,R0180,0
P017,R0181,0
P017,R0182,0
P017,R0183,0
P017,R0184,0
P017,R0185,0
P017,R0186,1
P017,R0187,0
P017,R0188,0
P017,R0189,0
P017,R0190,0
P017,R0191,2
P017,R0192,0
P017,R0193,0
P017,R0194,0
P017,R0195,0
P017,R0196,0
P017,R0197,0
P017,R0198,0
P017,R0199,0
P017,R0200,0
P017,R0201,0
P017,R0202,0
P017,R0203,0
P017,R0204,0
P017,R0205,0
P017,R0206,0
P017,R0207,1
P017,R0208,0
P017,R0209,0
P017,R0210,0
P017,R0211,0
P017,R0212,0
P017,R0213,0
P017,R0214,0
P017,R0215,0
P017,R0216,0
P017,R0217,0
P017,R0218,0
P017,R0219,2
P017,R0220,0
P017,R0221,2
P017,R0222,0
P017,R0223,0
P017,R0224,0
P017,R0225,0
P017,R0226,0
P017,R0227,0
P017,R0228,2
P017,R0229,0
P017,R0230,0
P017,R0231,2
P017,R0232,0
P017,R0233,0
P017,R0234,0
P017,R0235,0
P017,R0236,0
P017,R0237,1
P017,R0238,0
P017,R0239,0
P017,R0240,0
P017,R0241,0
P017,R0242,2
P017,R0243,0
P017,R0244,0
P017,R0245,0
P017,R0246,0
P017,R0247,0
P017,R0248,2
P017,R0249,0
P017,R0250,0
P017,R0251,0
P017,R0252,0
P017,R0253,0
P017,R0254,0
P017,R0255,2
P017,R0256,0
P017,R0257,0
P017,R0258,1
P017,R0259,2
P017,R0260,0
P017,R0261,0
P017,R0262,1
P017,R0263,0
P017,R0264,2
P017,R0265,1
P017,R0266,2
P017,R0267,0
P017,R0268,0
P017,R0269,0
P017,R0270,0
P017,R0271,0
P017,R0272,0
P017,R0273,2
P017,R0274,0
P017,R0275,0
P017,R0276,0
P017,R0277,0
P017,R0278,0
P017,R0279,2
P017,R0280,0
P017,R0281,0
P017,R0282,0
P017,R0283,1
P017,R0284,1
P017,R0285,0
P017,R0286,0
P017,R0287,1
P017,R0288,0
P017,R0289,2
P017,R0290,0
P017,R0291,0
P017,R0292,2
P017,R0293,0
P017,R0294,0
P017,R0295,0
P017,R0296,0
P017,R0297,2
P017,R0298,0
P017,R0299,0
P017,R0300,1
P017,R0301,0
P017,R0302,0
P017,R0303,1
P017,R0304,0
P017,R0305,0
P017,R0306,0
P017,R0307,0
P017,R0308,0
P017,R0309,2
P017,R0310,0
P017,R0311,1
P017,R0312,0
P017,R0313,0
P017,R0314,0
P017,R0315,0
P017,R0316,0
P017,R0317,0
P017,R0318,0
P017,R0319,0
P017,R0320,2
P017,R0321,0
P017,R0322,0
P017,R0323,0
P017,R0324,0
P017,R0325,0
P017,R0326,0
P017,R0327,0
P017,R0328,0
P017,R0329,0
P017,R0330,0
P017,R0331,0
P017,R0332,0
P017,R0333,0
P017,R0334,0
P017,R0335,0
P017,R0336,0
P017,R0337,0
P017,R0338,0
P017,R0339,0
P017,R0340,1
P017,R0341,1
P017,R0342,0
P017,R0343,0
P017,R0344,0
P017,R0345,0
P017,R0346,0
P017,R0347,0
P017,R0348,0
P017,R0349,0
P017,R0350,2
P017,R0351,0
P017,R0352,0
P017,R0353,0
P017,R0354,0
P017,R0355,2
P017,R0356,0
P017,R0357,0
P017,R0358,0
P017,R0359,1
P017,R0360,0
P017,R0361,0
P017,R0362,1
P017,R0363,0
P017,R0364,0
P017,R0365,2
P017,R0366,0
P017,R0367,0
P017,R0368,0
P017,R0369,0
P017,R0370,0
P017,R0371,0
P017,R0372,0
P017,R0373,0
P017,R0374,0
P017,R0375,0
P017,R0376,0
P017,R0377,0
P017,R0378,0
P017,R0379,0
P017,R0380,0
P017,R0381,0
P017,R0382,0
P017,R0383,2
P017,R0384,2
P017,R0385,0
P017,R0386,2
P017,R0387,0
P017,R0388,0
P017,R0389,0
P017,R0390,0
P017,R0391,0
P017,R0392,0
P017,R0393,0
P017,R0394,0
P017,R0395,0
P017,R0396,0
P017,R0397,1
P017,R0398,2
P017,R0399,2
P017,R0400,0
P017,R0401,2
P017,R0402,0
P017,R0403,1
P017,R0404,0
P017,R0405,2
P017,R0406,0
P017,R0407,0
P017,R0408,0
P017,R0409,0
P017,R0410,0
P017,R0411,0
P017,R0412,0
P017,R0413,0
P017,R0414,2
P017,R0415,0
P017,R0416,0
P017,R0417,0
P017,R0418,0
P017,R0419,0
P017,R0420,1
P017,R0421,1
P017,R0422,2
P017,R0423,2
P017,R0424,0
P017,R0425,0
P017,R0426,0
P017,R0427,0
P017,R0428,0
P017,R0429,0
P017,R0430,0
P017,R0431,1
P017,R0432,0
P017,R0433,0
P017,R0434,0
P017,R0435,2
P017,R0436,0
P017,R0437,0
P017,R0438,0
P017,R0439,1
P017,R0440,1
P017,R0441,0
P017,R0442,0
P017,R0443,0
P017,R0444,0
P017,R0445,0
P017,R0446,2
P017,R0447,1
P017,R0448,1
P017,R0449,0
P017,R0450,0
P017,R0451,1
P017,R0452,0
P017,R0453,0
P017,R0454,0
P017,R0455,0
P017,R0456,0
P017,R0457,0
P017,R0458,0
P017,R0459,0
P017,R0460,0
P017,R0461,0
P017,R0462,2
P017,R0463,0
P017,R0464,0
P017,R0465,0
P017,R0466,0
P017,R0467,0
P017,R0468,0
P017,R0469,2
P017,R0470,0
P017,R0471,0
P017,R0472,1
P017,R0473,0
P017,R0474,1
P017,R0475,0
P017,R0476,0
P017,R0477,0
P017,R0478,1
P017,R0479,1
P017,R0480,0
P017,R0481,0
P017,R0482,0
P017,R0483,2
P017,R0484,1
P017,R0485,0
P017,R0486,1
P017,R0487,0
P017,R0488,0
P017,R0489,0
P017,R0490,0
P017,R0491,2
P017,R0492,0
P017,R0493,0
P017,R0494,0
P017,R0495,0
P017,R0496,0
P017,R0497,0
P017,R0498,1
P017,R0499,0
P017,R0500,0
P017,R0501,1
P017,R0502,0
P017,R0503,0
P017,R0504,0
P017,R0505,0
P017,R0506,2
P017,R0507,0
P017,R0508,0
P017,R0509,0
P017,R0510,0
P017,R0511,0
P017,R0512,0
P017,R0513,0
P017,R0514,0
P017,R0515,0
P017,R0516,0
P017,R0517,0
P017,R0518,2
P017,R0519,0
P017,R0520,2
P017,R0521,0
P017,R0522,0
P017,R0523,1
P017,R0524,0
P017,R0525,0
P017,R0526,0
P017,R0527,2
P017,R0528,2
P017,R0529,2
P017,R0530,0
P017,R0531,0
P017,R0532,0
P017,R0533,2
P017,R0534,0
P017,R0535,0
P017,R0536,0
P017,R0537,1
P017,R0538,0
P017,R0539,0
P017,R0540,0
P017,R0541,0
P017,R0542,0
P017,R0543,0
P017,R0544,0
P017,R0545,0
P017,R0546,0
P017,R0547,0
P017,R0548,0
P017,R0549,0
P017,R0550,0
P017,R0551,0
P017,R0552,1
P017,R0553,0
P017,R0554,0
P017,R0555,0
P017,R0556,2
P017,R0557,0
P017,R0558,2
P017,R0559,1
P017,R0560,0
P017,R0561,0
P017,R0562,0
P017,R0563,0
P017,R0564,0
P017,R0565,0
P017,R0566,1
P017,R0567,0
P017,R0568,0
P017,R0569,0
P017,R0570,0
P017,R0571,1
P017,R0572,0
P017,R0573,0
P017,R0574,0
P017,R0575,0
P017,R0576,2
P017,R0577,0
P017,R0578,0
P017,R0579,0
P017,R0580,0
P017,R0581,0
P017,R0582,0
P017,R0583,0
P017,R0584,0
P017,R0585,1
P017,R0586,0
P017,R0587,2
P017,R0588,2
P017,R0589,0
P017,R0590,0
P017,R0591,0
P017,R0592,0
P017,R0593,2
P017,R0594,0
P017,R0595,0
P017,R0596,2
P017,R0597,0
P017,R0598,0
P017,R0599,1
P017,R0600,0
P018,R0001,2
P018,R0002,1
P018,R0003,1
P018,R0004,2
P018,R0005,2
P018,R0006,1
P018,R0007,1
P018,R0008,1
P018,R0009,1
P018,R0010,1
P018,R0011,1
P018,R0012,1
P018,R0013,1
P018,R0014,1
P018,R0015,2
P018,R0016,2
P018,R0017,1
P018,R0018,1
P018,R0019,1
P018,R0020,2
P018,R0021,2
P018,R0022,1
P018,R0023,1
P018,R0024,1
P018,R0025,2
P018,R0026,1
P018,R0027,1
P018,R0028,1
P018,R0029,2
P018,R0030,1
P018,R0031,2
P018,R0032,1
P018,R0033,1
P018,R0034,2
P018,R0035,1
P018,R0036,1
P018,R0037,1
P018,R0038,2
P018,R0039,2
P018,R0040,2
P018,R0041,2
P018,R0042,1
P018,R0043,1
P018,R0044,2
P018,R0045,2
P018,R0046,1
P018,R0047,1
P018,R0048,1
P018,R0049,2
P018,R0050,2
P018,R0051,1
P018,R0052,2
P018,R0053,2
P018,R0054,1
P018,R0055,1
P018,R0056,2
P018,R0057,1
P018,R0058,2
P018,R0059,1
P018,R0060,1
P018,R0061,1
P018,R0062,2
P018,R0063,1
P018,R0064,2
P018,R0065,2
P018,R0066,2
P018,R0067,2
P018,R0068,1
P018,R0069,2
P018,R0070,1
P018,R0071,2
P018,R0072,1
P018,R0073,1
P018,R0074,2
P018,R0075,2
P018,R0076,1
P018,R0077,1
P018,R0078,1
P018,R0079,1
P018,R0080,1
P018,R0081,2
P018,R0082,2
P018,R0083,1
P018,R0084,1
P018,R0085,1
P018,R0086,1
P018,R0087,2
P018,R0088,2
P018,R0089,2
P018,R0090,1
P018,R0091,2
P018,R0092,1
P018,R0093,1
P018,R0094,2
P018,R0095,2
P018,R0096,2
P018,R0097,1
P018,R0098,2
P018,R0099,1
P018,R0100,1
P018,R0101,2
P018,R0102,2
P018,R0103,1
P018,R0104,1
P018,R0105,1
P018,R0106,1
P018,R0107,1
P018,R0108,1
P018,R0109,1
P018,R0110,1
P018,R0111,2
P018,R0112,2
P018,R0113,1
P018,R0114,1
P018,R0115,2
P018,R0116,1
P018,R0117,1
P018,R0118,1
P018,R0119,1
P018,R0120,1
P018,R0121,1
P018,R0122,1
P018,R0123,1
P018,R0124,1
P018,R0125,2
P018,R0126,2
P018,R0127,2
P018,R0128,2
P018,R0129,2
P018,R0130,2
P018,R0131,2
P018,R0132,1
P018,R0133,1
P018,R0134,1
P018,R0135,1
P018,R0136,1
P018,R0137,1
P018,R0138,1
P018,R0139,2
P018,R0140,2
P018,R0141,1
P018,R0142,1
P018,R0143,1
P018,R0144,2
P018,R0145,2
P018,R0146,1
P018,R0147,1
P018,R0148,1
P018,R0149,2
P018,R0150,2
P018,R0151,1
P018,R0152,1
P018,R0153,1
P018,R0154,1
P018,R0155,1
P018,R0156,1
P018,R0157,1
P018,R0158,2
P018,R0159,2
P018,R0160,1
P018,R0161,1
P018,R0162,2
P018,R0163,2
P018,R0164,2
P018,R0165,2
P018,R0166,1
P018,R0167,1
P018,R0168,2
P018,R0169,1
P018,R0170,1
P018,R0171,1
P018,R0172,2
P018,R0173,2
P018,R0174,1
P018,R0175,1
P018,R0176,1
P018,R0177,1
P018,R0178,2
P018,R0179,1
P018,R0180,2
P018,R0181,2
P018,R0182,2
P018,R0183,1
P018,R0184,1
P018,R0185,1
P018,R0186,2
P018,R0187,1
P018,R0188,1
P018,R0189,1
P018,R0190,2
P018,R0191,1
P018,R0192,1
P018,R0193,2
P018,R0194,1
P018,R0195,2
P018,R0196,1
P018,R0197,1
P018,R0198,2
P018,R0199,1
P018,R0200,1
P018,R0201,2
P018,R0202,2
P018,R0203,1
P018,R0204,1
P018,R0205,1
P018,R0206,1
P018,R0207,2
P018,R0208,1
P018,R0209,2
P018,R0210,1
P018,R0211,1
P018,R0212,1
P018,R0213,1
P018,R0214,1
P018,R0215,1
P018,R0216,1
P018,R0217,1
P018,R0218,2
P018,R0219,1
P018,R0220,1
P018,R0221,1
P018,R0222,1
P018,R0223,1
P018,R0224,1
P018,R0225,1
P018,R0226,1
P018,R0227,1
P018,R0228,1
P018,R0229,1
P018,R0230,1
P018,R0231,2
P018,R0232,1
P018,R0233,1
P018,R0234,1
P018,R0235,2
P018,R0236,1
P018,R0237,2
P018,R0238,2
P018,R0239,1
P018,R0240,1
P018,R0241,1
P018,R0242,1
P018,R0243,2
P018,R0244,2
P018,R0245,1
P018,R0246,2
P018,R0247,1
P018,R0248,2
P018,R0249,1
P018,R0250,1
P018,R0251,2
P018,R0252,1
P018,R0253,1
P018,R0254,2
P018,R0255,1
P018,R0256,1
P018,R0257,2
P018,R0258,1
P018,R0259,1
P018,R0260,1
P018,R0261,1
P018,R0262,2
P018,R0263,1
P018,R0264,1
P018,R0265,2
P018,R0266,2
P018,R0267,2
P018,R0268,1
P018,R0269,1
P018,R0270,1
P018,R0271,1
P018,R0272,1
P018,R0273,1
P018,R0274,2
P018,R0275,2
P018,R0276,1
P018,R0277,2
P018,R0278,1
P018,R0279,1
P018,R0280,1
P018,R0281,1
P018,R0282,2
P018,R0283,2
P018,R0284,1
P018,R0285,1
P018,R0286,2
P018,R0287,2
P018,R0288,2
P018,R0289,2
P018,R0290,1
P018,R0291,1
P018,R0292,2
P018,R0293,2
P018,R0294,1
P018,R0295,1
P018,R0296,1
P018,R0297,1
P018,R0298,1
P018,R0299,1
P018,R0300,1
P018,R0301,2
P018,R0302,2
P018,R0303,1
P018,R0304,2
P018,R0305,1
P018,R0306,1
P018,R0307,1
P018,R0308,1
P018,R0309,1
P018,R0310,1
P018,R0311,1
P018,R0312,1
P018,R0313,1
P018,R0314,2
P018,R0315,2
P018,R0316,2
P018,R0317,1
P018,R0318,1
P018,R0319,1
P018,R0320,2
P018,R0321,2
P018,R0322,2
P018,R0323,1
P018,R0324,1
P018,R0325,1
P018,R0326,1
P018,R0327,2
P018,R0328,1
P018,R0329,1
P018,R0330,1
P018,R0331,1
P018,R0332,2
P018,R0333,1
P018,R0334,1
P018,R0335,2
P018,R0336,2
P018,R0337,2
P018,R0338,1
P018,R0339,1
P018,R0340,2
P018,R0341,2
P018,R0342,1
P018,R0343,2
P018,R0344,2
P018,R0345,1
P018,R0346,2
P018,R0347,2
P018,R0348,1
P018,R0349,1
P018,R0350,1
P018,R0351,1
P018,R0352,1
P018,R0353,2
P018,R0354,2
P018,R0355,2
P018,R0356,2
P018,R0357,1
P018,R0358,1
P018,R0359,2
P018,R0360,1
P018,R0361,2
P018,R0362,2
P018,R0363,1
P018,R0364,2
P018,R0365,1
P018,R0366,1
P018,R0367,2
P018,R0368,1
P018,R0369,1
P018,R0370,1
P018,R0371,1
P018,R0372,1
P018,R0373,1
P018,R0374,2
P018,R0375,1
P018,R0376,2
P018,R0377,1
P018,R0378,1
P018,R0379,1
P018,R0380,2
P018,R0381,1
P018,R0382,1
P018,R0383,1
P018,R0384,1
P018,R0385,1
P018,R0386,2
P018,R0387,1
P018,R0388,2
P018,R0389,1
P018,R0390,1
P018,R0391,1
P018,R0392,1
P018,R0393,1
P018,R0394,1
P018,R0395,1
P018,R0396,1
P018,R0397,2
P018,R0398,1
P018,R0399,1
P018,R0400,1
P018,R0401,2
P018,R0402,1
P018,R0403,2
P018,R0404,1
P018,R0405,2
P018,R0406,1
P018,R0407,1
P018,R0408,2
P018,R0409,1
P018,R0410,1
P018,R0411,2
P018,R0412,1
P018,R0413,2
P018,R0414,1
P018,R0415,1
P018,R0416,1
P018,R0417,2
P018,R0418,2
P018,R0419,1
P018,R0420,1
P018,R0421,1
P018,R0422,1
P018,R0423,1
P018,R0424,2
P018,R0425,1
P018,R0426,1
P018,R0427,1
P018,R0428,2
P018,R0429,1
P018,R0430,2
P018,R0431,2
P018,R0432,1
P018,R0433,1
P018,R0434,1
P018,R0435,2
P018,R0436,1
P018,R0437,1
P018,R0438,1
P018,R0439,2
P018,R0440,2
P018,R0441,2
P018,R0442,1
P018,R0443,1
P018,R0444,1
P018,R0445,1
P018,R0446,1
P018,R0447,2
P018,R0448,2
P018,R0449,1
P018,R0450,1
P018,R0451,2
P018,R0452,1
P018,R0453,1
P018,R0454,2
P018,R0455,1
P018,R0456,1
P018,R0457,1
P018,R0458,1
P018,R0459,1
P018,R0460,1
P018,R0461,2
P018,R0462,1
P018,R0463,1
P018,R0464,2
P018,R0465,1
P018,R0466,1
P018,R0467,1
P018,R0468,1
P018,R0469,1
P018,R0470,1
P018,R0471,1
P018,R0472,2
P018,R0473,1
P018,R0474,1
P018,R0475,1
P018,R0476,2
P018,R0477,1
P018,R0478,2
P018,R0479,2
P018,R0480,1
P018,R0481,2
P018,R0482,1
P018,R0483,1
P018,R0484,1
P018,R0485,2
P018,R0486,2
P018,R0487,1
P018,R0488,1
P018,R0489,1
P018,R0490,2
P018,R0491,1
P018,R0492,2
P018,R0493,1
P018,R0494,1
P018,R0495,2
P018,R0496,1
P018,R0497,1
P018,R0498,2
P018,R0499,1
P018,R0500,2
P018,R0501,2
P018,R0502,1
P018,R0503,1
P018,R0504,1
P018,R0505,1
P018,R0506,1
P018,R0507,1
P018,R0508,1
P018,R0509,1
P018,R0510,1
P018,R0511,1
P018,R0512,1
P018,R0513,1
P018,R0514,1
P018,R0515,1
P018,R0516,2
P018,R0517,1
P018,R0518,1
P018,R0519,1
P018,R0520,1
P018,R0521,2
P018,R0522,1
P018,R0523,2
P018,R0524,1
P018,R0525,1
P018,R0526,2
P018,R0527,1
P018,R0528,1
P018,R0529,2
P018,R0530,1
P018,R0531,1
P018,R0532,2
P018,R0533,1
P018,R0534,1
P018,R0535,1
P018,R0536,1
P018,R0537,1
P018,R0538,1
P018,R0539,2
P018,R0540,1
P018,R0541,1
P018,R0542,1
P018,R0543,1
P018,R0544,2
P018,R0545,1
P018,R0546,1
P018,R0547,1
P018,R0548,1
P018,R0549,1
P018,R0550,2
P018,R0551,1
P018,R0552,2
P018,R0553,1
P018,R0554,1
P018,R0555,2
P018,R0556,2
P018,R0557,1
P018,R0558,1
P018,R0559,2
P018,R0560,2
P018,R0561,1
P018,R0562,2
P018,R0563,1
P018,R0564,2
P018,R0565,1
P018,R0566,2
P018,R0567,1
P018,R0568,1
P018,R0569,2
P018,R0570,2
P018,R0571,2
P018,R0572,1
P018,R0573,2
P018,R0574,2
P018,R0575,2
P018,R0576,1
P018,R0577,1
P018,R0578,1
P018,R0579,1
P018,R0580,2
P018,R0581,2
P018,R0582,2
P018,R0583,2
P018,R0584,1
P018,R0585,2
P018,R0586,2
P018,R0587,2
P018,R0588,1
P018,R0589,1
P018,R0590,1
P018,R0591,1
P018,R0592,1
P018,R0593,2
P018,R0594,2
P018,R0595,1
P018,R0596,1
P018,R0597,1
P018,R0598,1
P018,R0599,1
P018,R0600,1
P019,R0001,1
P019,R0002,0
P019,R0003,2
P019,R0004,0
P019,R0005,2
P019,R0006,0
P019,R0007,0
P019,R0008,0
P019,R0009,0
P019,R0010,0
P019,R0011,0
P019,R0012,2
P019,R0013,0
P019,R0014,0
P019,R0015,0
P019,R0016,2
P019,R0017,0
P019,R0018,0
P019,R0019,0
P019,R0020,1
P019,R0021,0
P019,R0022,0
P019,R0023,0
P019,R0024,0
P019,R0025,0
P019,R0026,2
P019,R0027,0
P019,R0028,0
P019,R0029,0
P019,R0030,2
P019,R0031,2
P019,R0032,0
P019,R0033,1
P019,R0034,1
P019,R0035,0
P019,R0036,0
P019,R0037,0
P019,R0038,0
P019,R0039,1
P019,R0040,0
P019,R0041,0
P019,R0042,0
P019,R0043,0
P019,R0044,0
P019,R0045,2
P019,R0046,0
P019,R0047,0
P019,R0048,0
P019,R0049,0
P019,R0050,1
P019,R0051,0
P019,R0052,0
P019,R0053,2
P019,R0054,2
P019,R0055,0
P019,R0056,2
P019,R0057,0
P019,R0058,0
P019,R0059,1
P019,R0060,0
P019,R0061,0
P019,R0062,0
P019,R0063,0
P019,R0064,0
P019,R0065,0
P019,R0066,2
P019,R0067,2
P019,R0068,0
P019,R0069,0
P019,R0070,2
P019,R0071,0
P019,R0072,0
P019,R0073,2
P019,R0074,0
P019,R0075,0
P019,R0076,0
P019,R0077,0
P019,R0078,0
P019,R0079,0
P019,R0080,0
P019,R0081,1
P019,R0082,0
P019,R0083,0
P019,R0084,0
P019,R0085,0
P019,R0086,0
P019,R0087,2
P019,R0088,2
P019,R0089,2
P019,R0090,0
P019,R0091,2
P019,R0092,0
P019,R0093,2
P019,R0094,0
P019,R0095,2
P019,R0096,0
P019,R0097,0
P019,R0098,0
P019,R0099,0
P019,R0100,2
P019,R0101,0
P019,R0102,2
P019,R0103,0
P019,R0104,0
P019,R0105,1
P019,R0106,0
P019,R0107,0
P019,R0108,0
P019,R0109,0
P019,R0110,2
P019,R0111,1
P019,R0112,2
P019,R0113,0
P019,R0114,2
P019,R0115,0
P019,R0116,0
P019,R0117,0
P019,R0118,0
P019,R0119,0
P019,R0120,0
P019,R0121,0
P019,R0122,0
P019,R0123,0
P019,R0124,0
P019,R0125,0
P019,R0126,0
P019,R0127,2
P019,R0128,2
P019,R0129,2
P019,R0130,2
P019,R0131,0
P019,R0132,0
P019,R0133,0
P019,R0134,0
P019,R0135,0
P019,R0136,2
P019,R0137,0
P019,R0138,0
P019,R0139,1
P019,R0140,2
P019,R0141,0
P019,R0142,0
P019,R0143,0
P019,R0144,0
P019,R0145,2
P019,R0146,0
P019,R0147,0
P019,R0148,0
P019,R0149,0
P019,R0150,0
P019,R0151,2
P019,R0152,2
P019,R0153,0
P019,R0154,0
P019,R0155,0
P019,R0156,0
P019,R0157,0
P019,R0158,2
P019,R0159,0
P019,R0160,0
P019,R0161,0
P019,R0162,1
P019,R0163,2
P019,R0164,1
P019,R0165,0
P019,R0166,0
P019,R0167,2
P019,R0168,0
P019,R0169,2
P019,R0170,2
P019,R0171,0
P019,R0172,0
P019,R0173,2
P019,R0174,0
P019,R0175,2
P019,R0176,0
P019,R0177,0
P019,R0178,2
P019,R0179,2
P019,R0180,0
P019,R0181,0
P019,R0182,2
P019,R0183,0
P019,R0184,0
P019,R0185,0
P019,R0186,1
P019,R0187,0
P019,R0188,0
P019,R0189,0
P019,R0190,0
P019,R0191,0
P019,R0192,0
P019,R0193,2
P019,R0194,0
P019,R0195,0
P019,R0196,0
P019,R0197,0
P019,R0198,0
P019,R0199,0
P019,R0200,2
P019,R0201,2
P019,R0202,0
P019,R0203,2
P019,R0204,2
P019,R0205,2
P019,R0206,2
P019,R0207,1
P019,R0208,0
P019,R0209,0
P019,R0210,0
P019,R0211,0
P019,R0212,0
P019,R0213,0
P019,R0214,0
P019,R0215,2
P019,R0216,0
P019,R0217,0
P019,R0218,0
P019,R0219,0
P019,R0220,0
P019,R0221,0
P019,R0222,0
P019,R0223,0
P019,R0224,0
P019,R0225,0
P019,R0226,0
P019,R0227,0
P019,R0228,2
P019,R0229,0
P019,R0230,0
P019,R0231,1
P019,R0232,0
P019,R0233,0
P019,R0234,0
P019,R0235,0
P019,R0236,2
P019,R0237,1
P019,R0238,0
P019,R0239,2
P019,R0240,2
P019,R0241,0
P019,R0242,0
P019,R0243,2
P019,R0244,2
P019,R0245,0
P019,R0246,2
P019,R0247,2
P019,R0248,0
P019,R0249,0
P019,R0250,0
P019,R0251,2
P019,R0252,0
P019,R0253,2
P019,R0254,0
P019,R0255,2
P019,R0256,0
P019,R0257,2
P019,R0258,2
P019,R0259,0
P019,R0260,2
P019,R0261,0
P019,R0262,2
P019,R0263,0
P019,R0264,0
P019,R0265,2
P019,R0266,0
P019,R0267,0
P019,R0268,0
P019,R0269,0
P019,R0270,0
P019,R0271,0
P019,R0272,0
P019,R0273,0
P019,R0274,0
P019,R0275,0
P019,R0276,0
P019,R0277,0
P019,R0278,0
P019,R0279,0
P019,R0280,0
P019,R0281,2
P019,R0282,2
P019,R0283,1
P019,R0284,1
P019,R0285,0
P019,R0286,0
P019,R0287,2
P019,R0288,2
P019,R0289,1
P019,R0290,2
P019,R0291,0
P019,R0292,0
P019,R0293,0
P019,R0294,0
P019,R0295,0
P019,R0296,0
P019,R0297,0
P019,R0298,2
P019,R0299,2
P019,R0300,1
P019,R0301,0
P019,R0302,2
P019,R0303,1
P019,R0304,2
P019,R0305,2
P019,R0306,0
P019,R0307,2
P019,R0308,0
P019,R0309,0
P019,R0310,0
P019,R0311,2
P019,R0312,0
P019,R0313,2
P019,R0314,0
P019,R0315,0
P019,R0316,0
P019,R0317,0
P019,R0318,0
P019,R0319,0
P019,R0320,1
P019,R0321,2
P019,R0322,2
P019,R0323,0
P019,R0324,2
P019,R0325,0
P019,R0326,0
P019,R0327,0
P019,R0328,0
P019,R0329,2
P019,R0330,0
P019,R0331,0
P019,R0332,0
P019,R0333,2
P019,R0334,0
P019,R0335,0
P019,R0336,0
P019,R0337,2
P019,R0338,0
P019,R0339,0
P019,R0340,1
P019,R0341,1
P019,R0342,0
P019,R0343,0
P019,R0344,0
P019,R0345,0
P019,R0346,0
P019,R0347,0
P019,R0348,2
P019,R0349,0
P019,R0350,0
P019,R0351,2
P019,R0352,0
P019,R0353,2
P019,R0354,0
P019,R0355,0
P019,R0356,2
P019,R0357,0
P019,R0358,0
P019,R0359,2
P019,R0360,0
P019,R0361,0
P019,R0362,1
P019,R0363,0
P019,R0364,0
P019,R0365,0
P019,R0366,0
P019,R0367,2
P019,R0368,0
P019,R0369,2
P019,R0370,2
P019,R0371,0
P019,R0372,2
P019,R0373,2
P019,R0374,0
P019,R0375,0
P019,R0376,2
P019,R0377,0
P019,R0378,0
P019,R0379,0
P019,R0380,0
P019,R0381,0
P019,R0382,0
P019,R0383,0
P019,R0384,0
P019,R0385,0
P019,R0386,2
P019,R0387,0
P019,R0388,0
P019,R0389,0
P019,R0390,0
P019,R0391,0
P019,R0392,2
P019,R0393,0
P019,R0394,0
P019,R0395,0
P019,R0396,0
P019,R0397,1
P019,R0398,0
P019,R0399,0
P019,R0400,0
P019,R0401,0
P019,R0402,0
P019,R0403,1
P019,R0404,0
P019,R0405,1
P019,R0406,0
P019,R0407,0
P019,R0408,0
P019,R0409,0
P019,R0410,0
P019,R0411,2
P019,R0412,0
P019,R0413,2
P019,R0414,2
P019,R0415,0
P019,R0416,0
P019,R0417,0
P019,R0418,0
P019,R0419,0
P019,R0420,1
P019,R0421,2
P019,R0422,0
P019,R0423,0
P019,R0424,0
P019,R0425,2
P019,R0426,0
P019,R0427,0
P019,R0428,0
P019,R0429,2
P019,R0430,2
P019,R0431,1
P019,R0432,2
P019,R0433,0
P019,R0434,0
P019,R0435,2
P019,R0436,2
P019,R0437,0
P019,R0438,0
P019,R0439,1
P019,R0440,1
P019,R0441,0
P019,R0442,0
P019,R0443,2
P019,R0444,2
P019,R0445,0
P019,R0446,0
P019,R0447,1
P019,R0448,1
P019,R0449,0
P019,R0450,0
P019,R0451,1
P019,R0452,0
P019,R0453,0
P019,R0454,0
P019,R0455,0
P019,R0456,0
P019,R0457,2
P019,R0458,2
P019,R0459,0
P019,R0460,0
P019,R0461,0
P019,R0462,0
P019,R0463,0
P019,R0464,0
P019,R0465,0
P019,R0466,0
P019,R0467,0
P019,R0468,0
P019,R0469,0
P019,R0470,0
P019,R0471,0
P019,R0472,1
P019,R0473,0
P019,R0474,1
P019,R0475,0
P019,R0476,2
P019,R0477,0
P019,R0478,1
P019,R0479,2
P019,R0480,0
P019,R0481,2
P019,R0482,0
P019,R0483,0
P019,R0484,1
P019,R0485,0
P019,R0486,1
P019,R0487,0
P019,R0488,0
P019,R0489,0
P019,R0490,0
P019,R0491,0
P019,R0492,0
P019,R0493,0
P019,R0494,0
P019,R0495,0
P019,R0496,2
P019,R0497,0
P019,R0498,1
P019,R0499,0
P019,R0500,0
P019,R0501,2
P019,R0502,2
P019,R0503,0
P019,R0504,0
P019,R0505,0
P019,R0506,0
P019,R0507,0
P019,R0508,0
P019,R0509,0
P019,R0510,0
P019,R0511,0
P019,R0512,0
P019,R0513,0
P019,R0514,2
P019,R0515,0
P019,R0516,2
P019,R0517,0
P019,R0518,2
P019,R0519,0
P019,R0520,0
P019,R0521,0
P019,R0522,0
P019,R0523,1
P019,R0524,0
P019,R0525,0
P019,R0526,0
P019,R0527,0
P019,R0528,2
P019,R0529,1
P019,R0530,0
P019,R0531,0
P019,R0532,0
P019,R0533,0
P019,R0534,0
P019,R0535,0
P019,R0536,0
P019,R0537,1
P019,R0538,0
P019,R0539,2
P019,R0540,0
P019,R0541,2
P019,R0542,0
P019,R0543,0
P019,R0544,0
P019,R0545,0
P019,R0546,0
P019,R0547,0
P019,R0548,0
P019,R0549,0
P019,R0550,0
P019,R0551,0
P019,R0552,1
P019,R0553,0
P019,R0554,2
P019,R0555,0
P019,R0556,2
P019,R0557,0
P019,R0558,0
P019,R0559,1
P019,R0560,2
P019,R0561,0
P019,R0562,0
P019,R0563,0
P019,R0564,0
P019,R0565,0
P019,R0566,1
P019,R0567,0
P019,R0568,0
P019,R0569,2
P019,R0570,2
P019,R0571,2
P019,R0572,0
P019,R0573,0
P019,R0574,2
P019,R0575,0
P019,R0576,2
P019,R0577,0
P019,R0578,0
P019,R0579,0
P019,R0580,2
P019,R0581,0
P019,R0582,2
P019,R0583,2
P019,R0584,0
P019,R0585,1
P019,R0586,0
P019,R0587,2
P019,R0588,2
P019,R0589,0
P019,R0590,0
P019,R0591,0
P019,R0592,0
P019,R0593,0
P019,R0594,0
P019,R0595,0
P019,R0596,0
P019,R0597,2
P019,R0598,0
P019,R0599,1
P019,R0600,0
P020,R0001,2
P020,R0002,1
P020,R0003,1
P020,R0004,1
P020,R0005,2
P020,R0006,2
P020,R0007,1
P020,R0008,2
P020,R0009,1
P020,R0010,1
P020,R0011,1
P020,R0012,1
P020,R0013,1
P020,R0014,2
P020,R0015,1
P020,R0016,1
P020,R0017,1
P020,R0018,1
P020,R0019,1
P020,R0020,2
P020,R0021,1
P020,R0022,1
P020,R0023,1
P020,R0024,2
P020,R0025,1
P020,R0026,1
P020,R0027,1
P020,R0028,2
P020,R0029,2
P020,R0030,1
P020,R0031,1
P020,R0032,1
P020,R0033,2
P020,R0034,2
P020,R0035,1
P020,R0036,1
P020,R0037,1
P020,R0038,1
P020,R0039,2
P020,R0040,2
P020,R0041,2
P020,R0042,2
P020,R0043,2
P020,R0044,2
P020,R0045,2
P020,R0046,1
P020,R0047,1
P020,R0048,1
P020,R0049,1
P020,R0050,2
P020,R0051,2
P020,R0052,2
P020,R0053,2
P020,R0054,1
P020,R0055,2
P020,R0056,2
P020,R0057,1
P020,R0058,2
P020,R0059,2
P020,R0060,2
P020,R0061,1
P020,R0062,2
P020,R0063,2
P020,R0064,2
P020,R0065,2
P020,R0066,1
P020,R0067,2
P020,R0068,1
P020,R0069,1
P020,R0070,1
P020,R0071,1
P020,R0072,1
P020,R0073,1
P020,R0074,1
P020,R0075,1
P020,R0076,1
P020,R0077,2
P020,R0078,1
P020,R0079,2
P020,R0080,1
P020,R0081,2
P020,R0082,2
P020,R0083,2
P020,R0084,1
P020,R0085,2
P020,R0086,1
P020,R0087,2
P020,R0088,1
P020,R0089,1
P020,R0090,1
P020,R0091,1
P020,R0092,1
P020,R0093,1
P020,R0094,2
P020,R0095,2
P020,R0096,1
P020,R0097,2
P020,R0098,1
P020,R0099,2
P020,R0100,2
P020,R0101,1
P020,R0102,1
P020,R0103,1
P020,R0104,2
P020,R0105,2
P020,R0106,1
P020,R0107,1
P020,R0108,1
P020,R0109,2
P020,R0110,1
P020,R0111,2
P020,R0112,1
P020,R0113,2
P020,R0114,1
P020,R0115,1
P020,R0116,1
P020,R0117,1
P020,R0118,1
P020,R0119,1
P020,R0120,2
P020,R0121,2
P020,R0122,2
P020,R0123,1
P020,R0124,1
P020,R0125,2
P020,R0126,1
P020,R0127,1
P020,R0128,2
P020,R0129,2
P020,R0130,2
P020,R0131,1
P020,R0132,2
P020,R0133,2
P020,R0134,1
P020,R0135,2
P020,R0136,1
P020,R0137,2
P020,R0138,1
P020,R0139,2
P020,R0140,1
P020,R0141,2
P020,R0142,2
P020,R0143,2
P020,R0144,1
P020,R0145,1
P020,R0146,2
P020,R0147,2
P020,R0148,2
P020,R0149,1
P020,R0150,1
P020,R0151,1
P020,R0152,1
P020,R0153,2
P020,R0154,1
P020,R0155,1
P020,R0156,1
P020,R0157,1
P020,R0158,1
P020,R0159,1
P020,R0160,1
P020,R0161,1
P020,R0162,2
P020,R0163,2
P020,R0164,2
P020,R0165,1
P020,R0166,1
P020,R0167,1
P020,R0168,1
P020,R0169,1
P020,R0170,1
P020,R0171,1
P020,R0172,1
P020,R0173,2
P020,R0174,1
P020,R0175,2
P020,R0176,1
P020,R0177,2
P020,R0178,2
P020,R0179,1
P020,R0180,2
P020,R0181,1
P020,R0182,2
P020,R0183,1
P020,R0184,1
P020,R0185,1
P020,R0186,2
P020,R0187,1
P020,R0188,1
P020,R0189,2
P020,R0190,1
P020,R0191,1
P020,R0192,1
P020,R0193,2
P020,R0194,1
P020,R0195,1
P020,R0196,2
P020,R0197,2
P020,R0198,1
P020,R0199,2
P020,R0200,1
P020,R0201,1
P020,R0202,1
P020,R0203,2
P020,R0204,1
P020,R0205,1
P020,R0206,2
P020,R0207,2
P020,R0208,2
P020,R0209,1
P020,R0210,1
P020,R0211,2
P020,R0212,1
P020,R0213,1
P020,R0214,1
P020,R0215,1
P020,R0216,1
P020,R0217,1
P020,R0218,2
P020,R0219,2
P020,R0220,1
P020,R0221,1
P020,R0222,1
P020,R0223,1
P020,R0224,1
P020,R0225,1
P020,R0226,2
P020,R0227,2
P020,R0228,1
P020,R0229,1
P020,R0230,2
P020,R0231,2
P020,R0232,2
P020,R0233,2
P020,R0234,1
P020,R0235,2
P020,R0236,1
P020,R0237,2
P020,R0238,1
P020,R0239,1
P020,R0240,2
P020,R0241,2
P020,R0242,1
P020,R0243,1
P020,R0244,1
P020,R0245,1
P020,R0246,1
P020,R0247,1
P020,R0248,1
P020,R0249,1
P020,R0250,2
P020,R0251,1
P020,R0252,2
P020,R0253,1
P020,R0254,2
P020,R0255,1
P020,R0256,1
P020,R0257,1
P020,R0258,2
P020,R0259,1
P020,R0260,1
P020,R0261,2
P020,R0262,2
P020,R0263,1
P020,R0264,1
P020,R0265,2
P020,R0266,1
P020,R0267,2
P020,R0268,1
P020,R0269,2
P020,R0270,1
P020,R0271,2
P020,R0272,1
P020,R0273,1
P020,R0274,1
P020,R0275,2
P020,R0276,1
P020,R0277,1
P020,R0278,2
P020,R0279,2
P020,R0280,1
P020,R0281,1
P020,R0282,1
P020,R0283,2
P020,R0284,2
P020,R0285,2
P020,R0286,2
P020,R0287,2
P020,R0288,1
P020,R0289,2
P020,R0290,1
P020,R0291,1
P020,R0292,1
P020,R0293,2
P020,R0294,1
P020,R0295,1
P020,R0296,1
P020,R0297,1
P020,R0298,1
P020,R0299,1
P020,R0300,2
P020,R0301,1
P020,R0302,1
P020,R0303,2
P020,R0304,1
P020,R0305,2
P020,R0306,1
P020,R0307,2
P020,R0308,2
P020,R0309,1
P020,R0310,1
P020,R0311,2
P020,R0312,1
P020,R0313,1
P020,R0314,1
P020,R0315,2
P020,R0316,2
P020,R0317,2
P020,R0318,1
P020,R0319,1
P020,R0320,2
P020,R0321,1
P020,R0322,2
P020,R0323,1
P020,R0324,1
P020,R0325,2
P020,R0326,1
P020,R0327,1
P020,R0328,1
P020,R0329,1
P020,R0330,2
P020,R0331,2
P020,R0332,1
P020,R0333,1
P020,R0334,1
P020,R0335,1
P020,R0336,1
P020,R0337,1
P020,R0338,1
P020,R0339,2
P020,R0340,2
P020,R0341,2
P020,R0342,2
P020,R0343,1
P020,R0344,1
P020,R0345,1
P020,R0346,1
P020,R0347,2
P020,R0348,1
P020,R0349,2
P020,R0350,1
P020,R0351,1
P020,R0352,1
P020,R0353,2
P020,R0354,2
P020,R0355,1
P020,R0356,1
P020,R0357,1
P020,R0358,1
P020,R0359,2
P020,R0360,1
P020,R0361,1
P020,R0362,2
P020,R0363,1
P020,R0364,2
P020,R0365,2
P020,R0366,1
P020,R0367,1
P020,R0368,2
P020,R0369,1
P020,R0370,1
P020,R0371,1
P020,R0372,1
P020,R0373,1
P020,R0374,2
P020,R0375,2
P020,R0376,1
P020,R0377,1
P020,R0378,1
P020,R0379,1
P020,R0380,1
P020,R0381,1
P020,R0382,1
P020,R0383,2
P020,R0384,2
P020,R0385,1
P020,R0386,1
P020,R0387,1
P020,R0388,2
P020,R0389,1
P020,R0390,1
P020,R0391,2
P020,R0392,2
P020,R0393,1
P020,R0394,2
P020,R0395,1
P020,R0396,1
P020,R0397,2
P020,R0398,2
P020,R0399,1
P020,R0400,1
P020,R0401,1
P020,R0402,1
P020,R0403,2
P020,R0404,1
P020,R0405,2
P020,R0406,2
P020,R0407,2
P020,R0408,2
P020,R0409,2
P020,R0410,2
P020,R0411,1
P020,R0412,1
P020,R0413,1
P020,R0414,1
P020,R0415,1
P020,R0416,1
P020,R0417,1
P020,R0418,2
P020,R0419,2
P020,R0420,2
P020,R0421,2
P020,R0422,1
P020,R0423,2
P020,R0424,2
P020,R0425,2
P020,R0426,2
P020,R0427,1
P020,R0428,1
P020,R0429,1
P020,R0430,1
P020,R0431,2
P020,R0432,1
P020,R0433,2
P020,R0434,1
P020,R0435,1
P020,R0436,1
P020,R0437,2
P020,R0438,1
P020,R0439,2
P020,R0440,2
P020,R0441,2
P020,R0442,2
P020,R0443,1
P020,R0444,1
P020,R0445,2
P020,R0446,1
P020,R0447,2
P020,R0448,2
P020,R0449,2
P020,R0450,1
P020,R0451,2
P020,R0452,1
P020,R0453,2
P020,R0454,1
P020,R0455,1
P020,R0456,1
P020,R0457,1
P020,R0458,1
P020,R0459,1
P020,R0460,1
P020,R0461,1
P020,R0462,2
P020,R0463,1
P020,R0464,1
P020,R0465,1
P020,R0466,2
P020,R0467,2
P020,R0468,2
P020,R0469,1
P020,R0470,2
P020,R0471,2
P020,R0472,2
P020,R0473,2
P020,R0474,2
P020,R0475,1
P020,R0476,1
P020,R0477,1
P020,R0478,2
P020,R0479,2
P020,R0480,1
P020,R0481,2
P020,R0482,2
P020,R0483,1
P020,R0484,2
P020,R0485,1
P020,R0486,2
P020,R0487,1
P020,R0488,1
P020,R0489,2
P020,R0490,2
P020,R0491,1
P020,R0492,1
P020,R0493,1
P020,R0494,1
P020,R0495,1
P020,R0496,1
P020,R0497,2
P020,R0498,2
P020,R0499,1
P020,R0500,2
P020,R0501,2
P020,R0502,1
P020,R0503,1
P020,R0504,1
P020,R0505,2
P020,R0506,2
P020,R0507,1
P020,R0508,1
P020,R0509,1
P020,R0510,1
P020,R0511,1
P020,R0512,2
P020,R0513,2
P020,R0514,1
P020,R0515,2
P020,R0516,1
P020,R0517,2
P020,R0518,1
P020,R0519,1
P020,R0520,2
P020,R0521,1
P020,R0522,1
P020,R0523,2
P020,R0524,2
P020,R0525,1
P020,R0526,2
P020,R0527,1
P020,R0528,1
P020,R0529,2
P020,R0530,2
P020,R0531,1
P020,R0532,1
P020,R0533,1
P020,R0534,1
P020,R0535,1
P020,R0536,1
P020,R0537,2
P020,R0538,2
P020,R0539,2
P020,R0540,1
P020,R0541,2
P020,R0542,1
P020,R0543,2
P020,R0544,1
P020,R0545,2
P020,R0546,1
P020,R0547,1
P020,R0548,2
P020,R0549,1
P020,R0550,1
P020,R0551,2
P020,R0552,2
P020,R0553,1
P020,R0554,1
P020,R0555,1
P020,R0556,1
P020,R0557,2
P020,R0558,1
P020,R0559,2
P020,R0560,2
P020,R0561,1
P020,R0562,1
P020,R0563,2
P020,R0564,1
P020,R0565,2
P020,R0566,2
P020,R0567,1
P020,R0568,1
P020,R0569,1
P020,R0570,1
P020,R0571,2
P020,R0572,1
P020,R0573,1
P020,R0574,1
P020,R0575,1
P020,R0576,1
P020,R0577,2
P020,R0578,1
P020,R0579,2
P020,R0580,1
P020,R0581,1
P020,R0582,1
P020,R0583,2
P020,R0584,2
P020,R0585,2
P020,R0586,1
P020,R0587,1
P020,R0588,1
P020,R0589,2
P020,R0590,2
P020,R0591,1
P020,R0592,1
P020,R0593,1
P020,R0594,1
P020,R0595,1
P020,R0596,1
P020,R0597,1
P020,R0598,1
P020,R0599,2
P020,R0600,1
P021,R0001,1
P021,R0002,2
P021,R0003,1
P021,R0004,0
P021,R0005,1
P021,R0006,1
P021,R0007,1
P021,R0008,1
P021,R0009,1
P021,R0010,2
P021,R0011,2
P021,R0012,1
P021,R0013,1
P021,R0014,1
P021,R0015,1
P021,R0016,2
P021,R0017,2
P021,R0018,2
P021,R0019,1
P021,R0020,2
P021,R0021,1
P021,R0022,2
P021,R0023,1
P021,R0024,1
P021,R0025,2
P021,R0026,1
P021,R0027,2
P021,R0028,1
P021,R0029,1
P021,R0030,2
P021,R0031,1
P021,R0032,1
P021,R0033,1
P021,R0034,1
P021,R0035,1
P021,R0036,2
P021,R0037,1
P021,R0038,1
P021,R0039,1
P021,R0040,1
P021,R0041,0
P021,R0042,1
P021,R0043,2
P021,R0044,1
P021,R0045,1
P021,R0046,2
P021,R0047,1
P021,R0048,1
P021,R0049,2
P021,R0050,1
P021,R0051,1
P021,R0052,1
P021,R0053,1
P021,R0054,1
P021,R0055,1
P021,R0056,1
P021,R0057,2
P021,R0058,1
P021,R0059,1
P021,R0060,1
P021,R0061,1
P021,R0062,1
P021,R0063,1
P021,R0064,1
P021,R0065,1
P021,R0066,0
P021,R0067,1
P021,R0068,1
P021,R0069,1
P021,R0070,1
P021,R0071,1
P021,R0072,1
P021,R0073,1
P021,R0074,2
P021,R0075,1
P021,R0076,1
P021,R0077,1
P021,R0078,2
P021,R0079,1
P021,R0080,2
P021,R0081,1
P021,R0082,2
P021,R0083,1
P021,R0084,2
P021,R0085,2
P021,R0086,2
P021,R0087,1
P021,R0088,1
P021,R0089,1
P021,R0090,2
P021,R0091,1
P021,R0092,0
P021,R0093,1
P021,R0094,1
P021,R0095,1
P021,R0096,2
P021,R0097,1
P021,R0098,1
P021,R0099,1
P021,R0100,1
P021,R0101,1
P021,R0102,1
P021,R0103,1
P021,R0104,1
P021,R0105,1
P021,R0106,2
P021,R0107,1
P021,R0108,1
P021,R0109,1
P021,R0110,2
P021,R0111,1
P021,R0112,0
P021,R0113,1
P021,R0114,1
P021,R0115,1
P021,R0116,2
P021,R0117,1
P021,R0118,2
P021,R0119,1
P021,R0120,1
P021,R0121,2
P021,R0122,2
P021,R0123,1
P021,R0124,2
P021,R0125,1
P021,R0126,1
P021,R0127,1
P021,R0128,1
P021,R0129,1
P021,R0130,1
P021,R0131,2
P021,R0132,1
P021,R0133,1
P021,R0134,1
P021,R0135,1
P021,R0136,1
P021,R0137,1
P021,R0138,2
P021,R0139,1
P021,R0140,1
P021,R0141,1
P021,R0142,2
P021,R0143,1
P021,R0144,1
P021,R0145,1
P021,R0146,1
P021,R0147,1
P021,R0148,1
P021,R0149,1
P021,R0150,1
P021,R0151,1
P021,R0152,1
P021,R0153,2
P021,R0154,1
P021,R0155,1
P021,R0156,1
P021,R0157,1
P021,R0158,1
P021,R0159,1
P021,R0160,1
P021,R0161,2
P021,R0162,1
P021,R0163,1
P021,R0164,2
P021,R0165,1
P021,R0166,1
P021,R0167,2
P021,R0168,2
P021,R0169,1
P021,R0170,1
P021,R0171,2
P021,R0172,1
P021,R0173,1
P021,R0174,1
P021,R0175,1
P021,R0176,2
P021,R0177,2
P021,R0178,1
P021,R0179,1
P021,R0180,1
P021,R0181,1
P021,R0182,1
P021,R0183,2
P021,R0184,1
P021,R0185,1
P021,R0186,1
P021,R0187,1
P021,R0188,1
P021,R0189,1
P021,R0190,0
P021,R0191,1
P021,R0192,1
P021,R0193,1
P021,R0194,1
P021,R0195,2
P021,R0196,1
P021,R0197,1
P021,R0198,2
P021,R0199,1
P021,R0200,1
P021,R0201,1
P021,R0202,2
P021,R0203,1
P021,R0204,1
P021,R0205,1
P021,R0206,1
P021,R0207,2
P021,R0208,1
P021,R0209,1
P021,R0210,2
P021,R0211,2
P021,R0212,1
P021,R0213,1
P021,R0214,2
P021,R0215,2
P021,R0216,1
P021,R0217,1
P021,R0218,1
P021,R0219,1
P021,R0220,2
P021,R0221,2
P021,R0222,1
P021,R0223,1
P021,R0224,2
P021,R0225,0
P021,R0226,1
P021,R0227,1
P021,R0228,1
P021,R0229,2
P021,R0230,1
P021,R0231,1
P021,R0232,1
P021,R0233,0
P021,R0234,2
P021,R0235,2
P021,R0236,1
P021,R0237,2
P021,R0238,1
P021,R0239,2
P021,R0240,1
P021,R0241,1
P021,R0242,1
P021,R0243,1
P021,R0244,1
P021,R0245,2
P021,R0246,1
P021,R0247,1
P021,R0248,1
P021,R0249,1
P021,R0250,1
P021,R0251,1
P021,R0252,2
P021,R0253,1
P021,R0254,1
P021,R0255,1
P021,R0256,2
P021,R0257,2
P021,R0258,1
P021,R0259,1
P021,R0260,2
P021,R0261,1
P021,R0262,1
P021,R0263,2
P021,R0264,2
P021,R0265,1
P021,R0266,1
P021,R0267,0
P021,R0268,2
P021,R0269,1
P021,R0270,1
P021,R0271,1
P021,R0272,1
P021,R0273,1
P021,R0274,1
P021,R0275,1
P021,R0276,1
P021,R0277,1
P021,R0278,1
P021,R0279,1
P021,R0280,2
P021,R0281,2
P021,R0282,1
P021,R0283,2
P021,R0284,1
P021,R0285,1
P021,R0286,1
P021,R0287,1
P021,R0288,2
P021,R0289,1
P021,R0290,2
P021,R0291,1
P021,R0292,1
P021,R0293,1
P021,R0294,2
P021,R0295,2
P021,R0296,0
P021,R0297,2
P021,R0298,1
P021,R0299,2
P021,R0300,1
P021,R0301,1
P021,R0302,1
P021,R0303,1
P021,R0304,1
P021,R0305,1
P021,R0306,1
P021,R0307,1
P021,R0308,1
P021,R0309,2
P021,R0310,2
P021,R0311,1
P021,R0312,1
P021,R0313,2
P021,R0314,2
P021,R0315,1
P021,R0316,1
P021,R0317,1
P021,R0318,1
P021,R0319,1
P021,R0320,1
P021,R0321,1
P021,R0322,1
P021,R0323,2
P021,R0324,1
P021,R0325,2
P021,R0326,1
P021,R0327,1
P021,R0328,1
P021,R0329,1
P021,R0330,1
P021,R0331,2
P021,R0332,1
P021,R0333,1
P021,R0334,2
P021,R0335,1
P021,R0336,2
P021,R0337,1
P021,R0338,2
P021,R0339,2
P021,R0340,1
P021,R0341,1
P021,R0342,1
P021,R0343,2
P021,R0344,1
P021,R0345,1
P021,R0346,2
P021,R0347,1
P021,R0348,1
P021,R0349,1
P021,R0350,2
P021,R0351,1
P021,R0352,2
P021,R0353,1
P021,R0354,1
P021,R0355,1
P021,R0356,2
P021,R0357,2
P021,R0358,2
P021,R0359,1
P021,R0360,2
P021,R0361,1
P021,R0362,1
P021,R0363,2
P021,R0364,1
P021,R0365,1
P021,R0366,1
P021,R0367,2
P021,R0368,1
P021,R0369,1
P021,R0370,1
P021,R0371,2
P021,R0372,2
P021,R0373,2
P021,R0374,1
P021,R0375,1
P021,R0376,1
P021,R0377,1
P021,R0378,2
P021,R0379,1
P021,R0380,1
P021,R0381,1
P021,R0382,2
P021,R0383,1
P021,R0384,1
P021,R0385,1
P021,R0386,1
P021,R0387,2
P021,R0388,1
P021,R0389,1
P021,R0390,2
P021,R0391,1
P021,R0392,1
P021,R0393,2
P021,R0394,1
P021,R0395,2
P021,R0396,2
P021,R0397,1
P021,R0398,1
P021,R0399,1
P021,R0400,1
P021,R0401,1
P021,R0402,0
P021,R0403,1
P021,R0404,2
P021,R0405,1
P021,R0406,2
P021,R0407,1
P021,R0408,1
P021,R0409,1
P021,R0410,1
P021,R0411,1
P021,R0412,1
P021,R0413,1
P021,R0414,1
P021,R0415,2
P021,R0416,2
P021,R0417,1
P021,R0418,1
P021,R0419,2
P021,R0420,1
P021,R0421,1
P021,R0422,1
P021,R0423,1
P021,R0424,1
P021,R0425,1
P021,R0426,1
P021,R0427,1
P021,R0428,1
P021,R0429,2
P021,R0430,1
P021,R0431,1
P021,R0432,2
P021,R0433,0
P021,R0434,1
P021,R0435,1
P021,R0436,2
P021,R0437,1
P021,R0438,1
P021,R0439,1
P021,R0440,1
P021,R0441,1
P021,R0442,1
P021,R0443,1
P021,R0444,2
P021,R0445,1
P021,R0446,2
P021,R0447,1
P021,R0448,1
P021,R0449,1
P021,R0450,2
P021,R0451,2
P021,R0452,1
P021,R0453,1
P021,R0454,1
P021,R0455,2
P021,R0456,2
P021,R0457,1
P021,R0458,2
P021,R0459,2
P021,R0460,2
P021,R0461,1
P021,R0462,1
P021,R0463,1
P021,R0464,2
P021,R0465,1
P021,R0466,2
P021,R0467,1
P021,R0468,2
P021,R0469,1
P021,R0470,1
P021,R0471,1
P021,R0472,1
P021,R0473,2
P021,R0474,1
P021,R0475,1
P021,R0476,2
P021,R0477,1
P021,R0478,2
P021,R0479,1
P021,R0480,1
P021,R0481,1
P021,R0482,1
P021,R0483,1
P021,R0484,1
P021,R0485,2
P021,R0486,1
P021,R0487,1
P021,R0488,2
P021,R0489,1
P021,R0490,1
P021,R0491,1
P021,R0492,2
P021,R0493,2
P021,R0494,1
P021,R0495,1
P021,R0496,0
P021,R0497,2
P021,R0498,2
P021,R0499,2
P021,R0500,2
P021,R0501,1
P021,R0502,2
P021,R0503,2
P021,R0504,1
P021,R0505,1
P021,R0506,1
P021,R0507,2
P021,R0508,2
P021,R0509,2
P021,R0510,1
P021,R0511,2
P021,R0512,1
P021,R0513,2
P021,R0514,1
P021,R0515,1
P021,R0516,1
P021,R0517,1
P021,R0518,1
P021,R0519,2
P021,R0520,1
P021,R0521,2
P021,R0522,2
P021,R0523,2
P021,R0524,2
P021,R0525,1
P021,R0526,1
P021,R0527,1
P021,R0528,1
P021,R0529,1
P021,R0530,2
P021,R0531,2
P021,R0532,1
P021,R0533,2
P021,R0534,2
P021,R0535,1
P021,R0536,1
P021,R0537,1
P021,R0538,2
P021,R0539,1
P021,R0540,1
P021,R0541,1
P021,R0542,1
P021,R0543,2
P021,R0544,2
P021,R0545,2
P021,R0546,2
P021,R0547,1
P021,R0548,1
P021,R0549,2
P021,R0550,2
P021,R0551,2
P021,R0552,1
P021,R0553,1
P021,R0554,1
P021,R0555,2
P021,R0556,1
P021,R0557,1
P021,R0558,1
P021,R0559,1
P021,R0560,1
P021,R0561,1
P021,R0562,2
P021,R0563,0
P021,R0564,1
P021,R0565,0
P021,R0566,1
P021,R0567,2
P021,R0568,2
P021,R0569,1
P021,R0570,1
P021,R0571,1
P021,R0572,1
P021,R0573,1
P021,R0574,1
P021,R0575,1
P021,R0576,1
P021,R0577,2
P021,R0578,1
P021,R0579,2
P021,R0580,2
P021,R0581,2
P021,R0582,1
P021,R0583,1
P021,R0584,1
P021,R0585,1
P021,R0586,2
P021,R0587,1
P021,R0588,1
P021,R0589,1
P021,R0590,2
P021,R0591,1
P021,R0592,1
P021,R0593,1
P021,R0594,2
P021,R0595,1
P021,R0596,1
P021,R0597,1
P021,R0598,2
P021,R0599,1
P021,R0600,1
P022,R0001,2
P022,R0002,0
P022,R0003,2
P022,R0004,0
P022,R0005,2
P022,R0006,0
P022,R0007,0
P022,R0008,0
P022,R0009,0
P022,R0010,1
P022,R0011,1
P022,R0012,1
P022,R0013,0
P022,R0014,0
P022,R0015,2
P022,R0016,2
P022,R0017,1
P022,R0018,1
P022,R0019,2
P022,R0020,2
P022,R0021,2
P022,R0022,1
P022,R0023,0
P022,R0024,0
P022,R0025,1
P022,R0026,1
P022,R0027,2
P022,R0028,0
P022,R0029,0
P022,R0030,1
P022,R0031,2
P022,R0032,1
P022,R0033,1
P022,R0034,2
P022,R0035,0
P022,R0036,0
P022,R0037,0
P022,R0038,0
P022,R0039,2
P022,R0040,2
P022,R0041,0
P022,R0042,0
P022,R0043,1
P022,R0044,2
P022,R0045,2
P022,R0046,1
P022,R0047,2
P022,R0048,2
P022,R0049,0
P022,R0050,2
P022,R0051,1
P022,R0052,2
P022,R0053,2
P022,R0054,1
P022,R0055,2
P022,R0056,2
P022,R0057,1
P022,R0058,0
P022,R0059,1
P022,R0060,0
P022,R0061,2
P022,R0062,2
P022,R0063,0
P022,R0064,2
P022,R0065,2
P022,R0066,0
P022,R0067,2
P022,R0068,0
P022,R0069,2
P022,R0070,1
P022,R0071,2
P022,R0072,0
P022,R0073,0
P022,R0074,0
P022,R0075,0
P022,R0076,2
P022,R0077,0
P022,R0078,1
P022,R0079,0
P022,R0080,1
P022,R0081,2
P022,R0082,2
P022,R0083,1
P022,R0084,0
P022,R0085,0
P022,R0086,1
P022,R0087,2
P022,R0088,0
P022,R0089,2
P022,R0090,0
P022,R0091,2
P022,R0092,0
P022,R0093,2
P022,R0094,2
P022,R0095,2
P022,R0096,2
P022,R0097,0
P022,R0098,0
P022,R0099,1
P022,R0100,0
P022,R0101,0
P022,R0102,0
P022,R0103,0
P022,R0104,1
P022,R0105,1
P022,R0106,0
P022,R0107,0
P022,R0108,2
P022,R0109,1
P022,R0110,1
P022,R0111,2
P022,R0112,0
P022,R0113,0
P022,R0114,0
P022,R0115,0
P022,R0116,0
P022,R0117,1
P022,R0118,0
P022,R0119,2
P022,R0120,1
P022,R0121,0
P022,R0122,1
P022,R0123,2
P022,R0124,1
P022,R0125,2
P022,R0126,0
P022,R0127,2
P022,R0128,2
P022,R0129,2
P022,R0130,2
P022,R0131,1
P022,R0132,0
P022,R0133,0
P022,R0134,2
P022,R0135,2
P022,R0136,0
P022,R0137,0
P022,R0138,2
P022,R0139,2
P022,R0140,2
P022,R0141,1
P022,R0142,1
P022,R0143,0
P022,R0144,0
P022,R0145,2
P022,R0146,0
P022,R0147,0
P022,R0148,0
P022,R0149,0
P022,R0150,0
P022,R0151,1
P022,R0152,1
P022,R0153,0
P022,R0154,2
P022,R0155,1
P022,R0156,1
P022,R0157,2
P022,R0158,2
P022,R0159,0
P022,R0160,0
P022,R0161,2
P022,R0162,2
P022,R0163,2
P022,R0164,2
P022,R0165,0
P022,R0166,1
P022,R0167,0
P022,R0168,0
P022,R0169,2
P022,R0170,2
P022,R0171,1
P022,R0172,2
P022,R0173,2
P022,R0174,0
P022,R0175,1
P022,R0176,0
P022,R0177,1
P022,R0178,2
P022,R0179,0
P022,R0180,2
P022,R0181,0
P022,R0182,2
P022,R0183,1
P022,R0184,2
P022,R0185,2
P022,R0186,2
P022,R0187,0
P022,R0188,1
P022,R0189,0
P022,R0190,0
P022,R0191,1
P022,R0192,1
P022,R0193,2
P022,R0194,0
P022,R0195,2
P022,R0196,0
P022,R0197,0
P022,R0198,0
P022,R0199,2
P022,R0200,1
P022,R0201,2
P022,R0202,1
P022,R0203,0
P022,R0204,0
P022,R0205,2
P022,R0206,0
P022,R0207,2
P022,R0208,0
P022,R0209,0
P022,R0210,0
P022,R0211,1
P022,R0212,1
P022,R0213,0
P022,R0214,0
P022,R0215,1
P022,R0216,1
P022,R0217,0
P022,R0218,0
P022,R0219,0
P022,R0220,1
P022,R0221,0
P022,R0222,1
P022,R0223,1
P022,R0224,0
P022,R0225,0
P022,R0226,0
P022,R0227,2
P022,R0228,0
P022,R0229,1
P022,R0230,2
P022,R0231,2
P022,R0232,0
P022,R0233,0
P022,R0234,0
P022,R0235,2
P022,R0236,1
P022,R0237,2
P022,R0238,0
P022,R0239,0
P022,R0240,0
P022,R0241,0
P022,R0242,2
P022,R0243,2
P022,R0244,2
P022,R0245,2
P022,R0246,2
P022,R0247,0
P022,R0248,0
P022,R0249,1
P022,R0250,2
P022,R0251,0
P022,R0252,1
P022,R0253,0
P022,R0254,2
P022,R0255,1
P022,R0256,1
P022,R0257,2
P022,R0258,1
P022,R0259,0
P022,R0260,1
P022,R0261,0
P022,R0262,2
P022,R0263,2
P022,R0264,0
P022,R0265,2
P022,R0266,0
P022,R0267,0
P022,R0268,1
P022,R0269,0
P022,R0270,1
P022,R0271,1
P022,R0272,2
P022,R0273,0
P022,R0274,2
P022,R0275,0
P022,R0276,1
P022,R0277,0
P022,R0278,2
P022,R0279,0
P022,R0280,2
P022,R0281,1
P022,R0282,2
P022,R0283,2
P022,R0284,1
P022,R0285,0
P022,R0286,2
P022,R0287,2
P022,R0288,2
P022,R0289,2
P022,R0290,0
P022,R0291,0
P022,R0292,0
P022,R0293,2
P022,R0294,1
P022,R0295,1
P022,R0296,0
P022,R0297,1
P022,R0298,2
P022,R0299,0
P022,R0300,1
P022,R0301,2
P022,R0302,0
P022,R0303,1
P022,R0304,2
P022,R0305,0
P022,R0306,1
P022,R0307,0
P022,R0308,0
P022,R0309,1
P022,R0310,1
P022,R0311,1
P022,R0312,2
P022,R0313,1
P022,R0314,2
P022,R0315,0
P022,R0316,0
P022,R0317,0
P022,R0318,0
P022,R0319,0
P022,R0320,2
P022,R0321,2
P022,R0322,2
P022,R0323,1
P022,R0324,2
P022,R0325,0
P022,R0326,1
P022,R0327,0
P022,R0328,2
P022,R0329,0
P022,R0330,0
P022,R0331,0
P022,R0332,2
P022,R0333,0
P022,R0334,0
P022,R0335,0
P022,R0336,1
P022,R0337,2
P022,R0338,0
P022,R0339,1
P022,R0340,2
P022,R0341,2
P022,R0342,0
P022,R0343,2
P022,R0344,0
P022,R0345,0
P022,R0346,0
P022,R0347,0
P022,R0348,1
P022,R0349,0
P022,R0350,0
P022,R0351,1
P022,R0352,0
P022,R0353,2
P022,R0354,0
P022,R0355,0
P022,R0356,2
P022,R0357,2
P022,R0358,2
P022,R0359,2
P022,R0360,0
P022,R0361,2
P022,R0362,2
P022,R0363,1
P022,R0364,2
P022,R0365,0
P022,R0366,1
P022,R0367,2
P022,R0368,2
P022,R0369,2
P022,R0370,1
P022,R0371,2
P022,R0372,1
P022,R0373,0
P022,R0374,2
P022,R0375,0
P022,R0376,2
P022,R0377,0
P022,R0378,1
P022,R0379,0
P022,R0380,0
P022,R0381,0
P022,R0382,1
P022,R0383,0
P022,R0384,0
P022,R0385,1
P022,R0386,2
P022,R0387,1
P022,R0388,2
P022,R0389,0
P022,R0390,2
P022,R0391,1
P022,R0392,0
P022,R0393,0
P022,R0394,0
P022,R0395,2
P022,R0396,2
P022,R0397,2
P022,R0398,0
P022,R0399,2
P022,R0400,2
P022,R0401,0
P022,R0402,0
P022,R0403,2
P022,R0404,1
P022,R0405,2
P022,R0406,0
P022,R0407,0
P022,R0408,0
P022,R0409,1
P022,R0410,0
P022,R0411,2
P022,R0412,1
P022,R0413,2
P022,R0414,0
P022,R0415,2
P022,R0416,1
P022,R0417,2
P022,R0418,0
P022,R0419,1
P022,R0420,1
P022,R0421,1
P022,R0422,0
P022,R0423,0
P022,R0424,0
P022,R0425,0
P022,R0426,0
P022,R0427,0
P022,R0428,0
P022,R0429,0
P022,R0430,2
P022,R0431,2
P022,R0432,1
P022,R0433,0
P022,R0434,0
P022,R0435,2
P022,R0436,0
P022,R0437,0
P022,R0438,2
P022,R0439,2
P022,R0440,2
P022,R0441,2
P022,R0442,2
P022,R0443,0
P022,R0444,0
P022,R0445,0
P022,R0446,1
P022,R0447,2
P022,R0448,2
P022,R0449,0
P022,R0450,2
P022,R0451,2
P022,R0452,1
P022,R0453,0
P022,R0454,0
P022,R0455,1
P022,R0456,2
P022,R0457,1
P022,R0458,0
P022,R0459,1
P022,R0460,1
P022,R0461,2
P022,R0462,0
P022,R0463,0
P022,R0464,0
P022,R0465,2
P022,R0466,1
P022,R0467,0
P022,R0468,0
P022,R0469,2
P022,R0470,0
P022,R0471,0
P022,R0472,2
P022,R0473,1
P022,R0474,1
P022,R0475,2
P022,R0476,2
P022,R0477,2
P022,R0478,2
P022,R0479,2
P022,R0480,2
P022,R0481,2
P022,R0482,0
P022,R0483,2
P022,R0484,1
P022,R0485,1
P022,R0486,2
P022,R0487,1
P022,R0488,1
P022,R0489,1
P022,R0490,2
P022,R0491,2
P022,R0492,1
P022,R0493,2
P022,R0494,1
P022,R0495,0
P022,R0496,0
P022,R0497,1
P022,R0498,2
P022,R0499,1
P022,R0500,2
P022,R0501,2
P022,R0502,1
P022,R0503,1
P022,R0504,1
P022,R0505,0
P022,R0506,0
P022,R0507,0
P022,R0508,0
P022,R0509,2
P022,R0510,0
P022,R0511,1
P022,R0512,0
P022,R0513,0
P022,R0514,0
P022,R0515,0
P022,R0516,2
P022,R0517,0
P022,R0518,0
P022,R0519,2
P022,R0520,0
P022,R0521,2
P022,R0522,0
P022,R0523,2
P022,R0524,1
P022,R0525,1
P022,R0526,0
P022,R0527,1
P022,R0528,0
P022,R0529,2
P022,R0530,0
P022,R0531,1
P022,R0532,2
P022,R0533,1
P022,R0534,2
P022,R0535,0
P022,R0536,0
P022,R0537,1
P022,R0538,0
P022,R0539,2
P022,R0540,0
P022,R0541,0
P022,R0542,2
P022,R0543,1
P022,R0544,1
P022,R0545,0
P022,R0546,0
P022,R0547,0
P022,R0548,0
P022,R0549,0
P022,R0550,0
P022,R0551,1
P022,R0552,2
P022,R0553,1
P022,R0554,0
P022,R0555,1
P022,R0556,2
P022,R0557,1
P022,R0558,0
P022,R0559,2
P022,R0560,2
P022,R0561,1
P022,R0562,0
P022,R0563,0
P022,R0564,0
P022,R0565,0
P022,R0566,2
P022,R0567,1
P022,R0568,0
P022,R0569,2
P022,R0570,2
P022,R0571,2
P022,R0572,1
P022,R0573,2
P022,R0574,2
P022,R0575,0
P022,R0576,0
P022,R0577,1
P022,R0578,2
P022,R0579,0
P022,R0580,2
P022,R0581,2
P022,R0582,2
P022,R0583,2
P022,R0584,1
P022,R0585,2
P022,R0586,0
P022,R0587,2
P022,R0588,1
P022,R0589,0
P022,R0590,1
P022,R0591,1
P022,R0592,1
P022,R0593,0
P022,R0594,2
P022,R0595,1
P022,R0596,0
P022,R0597,0
P022,R0598,1
P022,R0599,1
P022,R0600,0
P023,R0001,1
P023,R0002,0
P023,R0003,1
P023,R0004,0
P023,R0005,1
P023,R0006,2
P023,R0007,2
P023,R0008,2
P023,R0009,0
P023,R0010,1
P023,R0011,0
P023,R0012,1
P023,R0013,2
P023,R0014,0
P023,R0015,0
P023,R0016,1
P023,R0017,1
P023,R0018,1
P023,R0019,1
P023,R0020,1
P023,R0021,0
P023,R0022,0
P023,R0023,2
P023,R0024,0
P023,R0025,0
P023,R0026,2
P023,R0027,1
P023,R0028,0
P023,R0029,1
P023,R0030,1
P023,R0031,1
P023,R0032,0
P023,R0033,1
P023,R0034,2
P023,R0035,2
P023,R0036,2
P023,R0037,0
P023,R0038,0
P023,R0039,1
P023,R0040,0
P023,R0041,0
P023,R0042,1
P023,R0043,2
P023,R0044,0
P023,R0045,2
P023,R0046,1
P023,R0047,0
P023,R0048,1
P023,R0049,1
P023,R0050,1
P023,R0051,0
P023,R0052,0
P023,R0053,1
P023,R0054,2
P023,R0055,1
P023,R0056,1
P023,R0057,0
P023,R0058,1
P023,R0059,1
P023,R0060,0
P023,R0061,1
P023,R0062,0
P023,R0063,2
P023,R0064,0
P023,R0065,0
P023,R0066,0
P023,R0067,1
P023,R0068,1
P023,R0069,0
P023,R0070,2
P023,R0071,1
P023,R0072,1
P023,R0073,1
P023,R0074,1
P023,R0075,1
P023,R0076,1
P023,R0077,0
P023,R0078,1
P023,R0079,2
P023,R0080,1
P023,R0081,1
P023,R0082,0
P023,R0083,0
P023,R0084,1
P023,R0085,1
P023,R0086,1
P023,R0087,1
P023,R0088,1
P023,R0089,1
P023,R0090,1
P023,R0091,1
P023,R0092,0
P023,R0093,1
P023,R0094,0
P023,R0095,1
P023,R0096,0
P023,R0097,1
P023,R0098,0
P023,R0099,0
P023,R0100,1
P023,R0101,1
P023,R0102,1
P023,R0103,2
P023,R0104,0
P023,R0105,1
P023,R0106,0
P023,R0107,0
P023,R0108,2
P023,R0109,0
P023,R0110,1
P023,R0111,1
P023,R0112,0
P023,R0113,1
P023,R0114,1
P023,R0115,0
P023,R0116,0
P023,R0117,1
P023,R0118,1
P023,R0119,0
P023,R0120,1
P023,R0121,2
P023,R0122,0
P023,R0123,1
P023,R0124,1
P023,R0125,0
P023,R0126,1
P023,R0127,1
P023,R0128,1
P023,R0129,1
P023,R0130,1
P023,R0131,1
P023,R0132,0
P023,R0133,0
P023,R0134,2
P023,R0135,0
P023,R0136,1
P023,R0137,0
P023,R0138,0
P023,R0139,1
P023,R0140,1
P023,R0141,0
P023,R0142,2
P023,R0143,2
P023,R0144,1
P023,R0145,1
P023,R0146,0
P023,R0147,0
P023,R0148,1
P023,R0149,2
P023,R0150,2
P023,R0151,1
P023,R0152,1
P023,R0153,1
P023,R0154,1
P023,R0155,0
P023,R0156,1
P023,R0157,2
P023,R0158,1
P023,R0159,2
P023,R0160,0
P023,R0161,1
P023,R0162,2
P023,R0163,1
P023,R0164,1
P023,R0165,0
P023,R0166,0
P023,R0167,1
P023,R0168,1
P023,R0169,1
P023,R0170,1
P023,R0171,2
P023,R0172,0
P023,R0173,1
P023,R0174,2
P023,R0175,1
P023,R0176,2
P023,R0177,2
P023,R0178,1
P023,R0179,1
P023,R0180,0
P023,R0181,1
P023,R0182,2
P023,R0183,0
P023,R0184,0
P023,R0185,2
P023,R0186,1
P023,R0187,2
P023,R0188,0
P023,R0189,0
P023,R0190,0
P023,R0191,1
P023,R0192,1
P023,R0193,2
P023,R0194,0
P023,R0195,0
P023,R0196,1
P023,R0197,2
P023,R0198,1
P023,R0199,2
P023,R0200,1
P023,R0201,1
P023,R0202,0
P023,R0203,2
P023,R0204,2
P023,R0205,1
P023,R0206,2
P023,R0207,1
P023,R0208,2
P023,R0209,0
P023,R0210,0
P023,R0211,1
P023,R0212,0
P023,R0213,0
P023,R0214,0
P023,R0215,1
P023,R0216,2
P023,R0217,0
P023,R0218,0
P023,R0219,1
P023,R0220,2
P023,R0221,1
P023,R0222,0
P023,R0223,1
P023,R0224,2
P023,R0225,0
P023,R0226,0
P023,R0227,2
P023,R0228,1
P023,R0229,0
P023,R0230,2
P023,R0231,1
P023,R0232,2
P023,R0233,0
P023,R0234,2
P023,R0235,0
P023,R0236,1
P023,R0237,1
P023,R0238,1
P023,R0239,1
P023,R0240,2
P023,R0241,2
P023,R0242,1
P023,R0243,1
P023,R0244,2
P023,R0245,1
P023,R0246,1
P023,R0247,2
P023,R0248,1
P023,R0249,0
P023,R0250,1
P023,R0251,1
P023,R0252,0
P023,R0253,2
P023,R0254,0
P023,R0255,1
P023,R0256,0
P023,R0257,1
P023,R0258,1
P023,R0259,2
P023,R0260,1
P023,R0261,0
P023,R0262,1
P023,R0263,1
P023,R0264,1
P023,R0265,1
P023,R0266,1
P023,R0267,0
P023,R0268,0
P023,R0269,2
P023,R0270,2
P023,R0271,2
P023,R0272,0
P023,R0273,1
P023,R0274,0
P023,R0275,2
P023,R0276,0
P023,R0277,0
P023,R0278,1
P023,R0279,2
P023,R0280,0
P023,R0281,1
P023,R0282,1
P023,R0283,1
P023,R0284,2
P023,R0285,0
P023,R0286,0
P023,R0287,1
P023,R0288,1
P023,R0289,1
P023,R0290,1
P023,R0291,2
P023,R0292,1
P023,R0293,0
P023,R0294,1
P023,R0295,0
P023,R0296,0
P023,R0297,1
P023,R0298,1
P023,R0299,1
P023,R0300,1
P023,R0301,0
P023,R0302,1
P023,R0303,1
P023,R0304,1
P023,R0305,1
P023,R0306,1
P023,R0307,1
P023,R0308,0
P023,R0309,1
P023,R0310,1
P023,R0311,1
P023,R0312,0
P023,R0313,1
P023,R0314,0
P023,R0315,1
P023,R0316,0
P023,R0317,0
P023,R0318,0
P023,R0319,0
P023,R0320,1
P023,R0321,2
P023,R0322,1
P023,R0323,2
P023,R0324,1
P023,R0325,2
P023,R0326,0
P023,R0327,2
P023,R0328,2
P023,R0329,2
P023,R0330,0
P023,R0331,0
P023,R0332,1
P023,R0333,2
P023,R0334,1
P023,R0335,1
P023,R0336,1
P023,R0337,1
P023,R0338,1
P023,R0339,2
P023,R0340,1
P023,R0341,1
P023,R0342,2
P023,R0343,0
P023,R0344,0
P023,R0345,0
P023,R0346,0
P023,R0347,0
P023,R0348,1
P023,R0349,0
P023,R0350,1
P023,R0351,1
P023,R0352,1
P023,R0353,1
P023,R0354,1
P023,R0355,1
P023,R0356,1
P023,R0357,1
P023,R0358,1
P023,R0359,1
P023,R0360,2
P023,R0361,0
P023,R0362,1
P023,R0363,0
P023,R0364,0
P023,R0365,2
P023,R0366,0
P023,R0367,1
P023,R0368,2
P023,R0369,1
P023,R0370,1
P023,R0371,0
P023,R0372,1
P023,R0373,1
P023,R0374,0
P023,R0375,0
P023,R0376,1
P023,R0377,0
P023,R0378,1
P023,R0379,0
P023,R0380,1
P023,R0381,0
P023,R0382,0
P023,R0383,2
P023,R0384,2
P023,R0385,0
P023,R0386,1
P023,R0387,2
P023,R0388,0
P023,R0389,2
P023,R0390,1
P023,R0391,0
P023,R0392,2
P023,R0393,2
P023,R0394,0
P023,R0395,0
P023,R0396,1
P023,R0397,1
P023,R0398,1
P023,R0399,1
P023,R0400,0
P023,R0401,1
P023,R0402,0
P023,R0403,1
P023,R0404,1
P023,R0405,1
P023,R0406,0
P023,R0407,1
P023,R0408,0
P023,R0409,0
P023,R0410,0
P023,R0411,1
P023,R0412,1
P023,R0413,1
P023,R0414,1
P023,R0415,0
P023,R0416,0
P023,R0417,1
P023,R0418,0
P023,R0419,1
P023,R0420,1
P023,R0421,1
P023,R0422,1
P023,R0423,1
P023,R0424,0
P023,R0425,1
P023,R0426,2
P023,R0427,2
P023,R0428,0
P023,R0429,1
P023,R0430,1
P023,R0431,1
P023,R0432,1
P023,R0433,0
P023,R0434,0
P023,R0435,1
P023,R0436,1
P023,R0437,2
P023,R0438,2
P023,R0439,1
P023,R0440,1
P023,R0441,0
P023,R0442,1
P023,R0443,1
P023,R0444,1
P023,R0445,2
P023,R0446,1
P023,R0447,1
P023,R0448,2
P023,R0449,1
P023,R0450,1
P023,R0451,1
P023,R0452,0
P023,R0453,0
P023,R0454,0
P023,R0455,0
P023,R0456,1
P023,R0457,1
P023,R0458,1
P023,R0459,2
P023,R0460,0
P023,R0461,1
P023,R0462,1
P023,R0463,0
P023,R0464,0
P023,R0465,2
P023,R0466,0
P023,R0467,1
P023,R0468,2
P023,R0469,1
P023,R0470,1
P023,R0471,2
P023,R0472,1
P023,R0473,0
P023,R0474,1
P023,R0475,2
P023,R0476,1
P023,R0477,2
P023,R0478,1
P023,R0479,1
P023,R0480,0
P023,R0481,1
P023,R0482,0
P023,R0483,1
P023,R0484,2
P023,R0485,1
P023,R0486,1
P023,R0487,1
P023,R0488,0
P023,R0489,0
P023,R0490,0
P023,R0491,1
P023,R0492,0
P023,R0493,0
P023,R0494,0
P023,R0495,1
P023,R0496,0
P023,R0497,0
P023,R0498,1
P023,R0499,0
P023,R0500,0
P023,R0501,1
P023,R0502,1
P023,R0503,0
P023,R0504,0
P023,R0505,2
P023,R0506,1
P023,R0507,1
P023,R0508,0
P023,R0509,1
P023,R0510,0
P023,R0511,1
P023,R0512,0
P023,R0513,1
P023,R0514,1
P023,R0515,0
P023,R0516,1
P023,R0517,0
P023,R0518,1
P023,R0519,0
P023,R0520,2
P023,R0521,0
P023,R0522,0
P023,R0523,1
P023,R0524,0
P023,R0525,0
P023,R0526,0
P023,R0527,1
P023,R0528,1
P023,R0529,1
P023,R0530,0
P023,R0531,1
P023,R0532,1
P023,R0533,1
P023,R0534,1
P023,R0535,2
P023,R0536,0
P023,R0537,1
P023,R0538,0
P023,R0539,1
P023,R0540,2
P023,R0541,1
P023,R0542,1
P023,R0543,2
P023,R0544,0
P023,R0545,1
P023,R0546,2
P023,R0547,2
P023,R0548,0
P023,R0549,1
P023,R0550,1
P023,R0551,0
P023,R0552,1
P023,R0553,0
P023,R0554,2
P023,R0555,1
P023,R0556,1
P023,R0557,0
P023,R0558,2
P023,R0559,1
P023,R0560,2
P023,R0561,0
P023,R0562,1
P023,R0563,0
P023,R0564,2
P023,R0565,0
P023,R0566,1
P023,R0567,1
P023,R0568,2
P023,R0569,1
P023,R0570,1
P023,R0571,1
P023,R0572,1
P023,R0573,0
P023,R0574,2
P023,R0575,0
P023,R0576,1
P023,R0577,2
P023,R0578,0
P023,R0579,1
P023,R0580,1
P023,R0581,0
P023,R0582,1
P023,R0583,1
P023,R0584,0
P023,R0585,2
P023,R0586,1
P023,R0587,1
P023,R0588,1
P023,R0589,2
P023,R0590,1
P023,R0591,0
P023,R0592,0
P023,R0593,1
P023,R0594,0
P023,R0595,0
P023,R0596,1
P023,R0597,1
P023,R0598,1
P023,R0599,2
P023,R0600,2
P024,R0001,1
P024,R0002,0
P024,R0003,2
P024,R0004,1
P024,R0005,2
P024,R0006,1
P024,R0007,1
P024,R0008,1
P024,R0009,0
P024,R0010,1
P024,R0011,0
P024,R0012,2
P024,R0013,1
P024,R0014,0
P024,R0015,0
P024,R0016,2
P024,R0017,1
P024,R0018,1
P024,R0019,1
P024,R0020,1
P024,R0021,0
P024,R0022,0
P024,R0023,1
P024,R0024,0
P024,R0025,0
P024,R0026,2
P024,R0027,1
P024,R0028,0
P024,R0029,1
P024,R0030,2
P024,R0031,2
P024,R0032,0
P024,R0033,1
P024,R0034,1
P024,R0035,1
P024,R0036,1
P024,R0037,0
P024,R0038,0
P024,R0039,1
P024,R0040,0
P024,R0041,0
P024,R0042,1
P024,R0043,1
P024,R0044,0
P024,R0045,2
P024,R0046,1
P024,R0047,0
P024,R0048,1
P024,R0049,1
P024,R0050,1
P024,R0051,0
P024,R0052,0
P024,R0053,2
P024,R0054,2
P024,R0055,1
P024,R0056,2
P024,R0057,0
P024,R0058,1
P024,R0059,1
P024,R0060,0
P024,R0061,1
P024,R0062,0
P024,R0063,1
P024,R0064,0
P024,R0065,0
P024,R0066,2
P024,R0067,2
P024,R0068,1
P024,R0069,0
P024,R0070,2
P024,R0071,1
P024,R0072,1
P024,R0073,2
P024,R0074,1
P024,R0075,1
P024,R0076,1
P024,R0077,0
P024,R0078,1
P024,R0079,1
P024,R0080,1
P024,R0081,1
P024,R0082,0
P024,R0083,0
P024,R0084,1
P024,R0085,1
P024,R0086,1
P024,R0087,2
P024,R0088,2
P024,R0089,2
P024,R0090,1
P024,R0091,2
P024,R0092,1
P024,R0093,2
P024,R0094,0
P024,R0095,2
P024,R0096,0
P024,R0097,1
P024,R0098,0
P024,R0099,0
P024,R0100,2
P024,R0101,1
P024,R0102,2
P024,R0103,1
P024,R0104,0
P024,R0105,1
P024,R0106,0
P024,R0107,0
P024,R0108,1
P024,R0109,0
P024,R0110,2
P024,R0111,1
P024,R0112,2
P024,R0113,1
P024,R0114,2
P024,R0115,0
P024,R0116,0
P024,R0117,1
P024,R0118,1
P024,R0119,0
P024,R0120,1
P024,R0121,1
P024,R0122,0
P024,R0123,1
P024,R0124,1
P024,R0125,0
P024,R0126,1
P024,R0127,2
P024,R0128,2
P024,R0129,2
P024,R0130,2
P024,R0131,1
P024,R0132,0
P024,R0133,0
P024,R0134,1
P024,R0135,0
P024,R0136,2
P024,R0137,0
P024,R0138,0
P024,R0139,1
P024,R0140,2
P024,R0141,0
P024,R0142,1
P024,R0143,1
P024,R0144,1
P024,R0145,2
P024,R0146,0
P024,R0147,0
P024,R0148,1
P024,R0149,1
P024,R0150,1
P024,R0151,2
P024,R0152,2
P024,R0153,1
P024,R0154,1
P024,R0155,0
P024,R0156,1
P024,R0157,1
P024,R0158,2
P024,R0159,1
P024,R0160,0
P024,R0161,1
P024,R0162,1
P024,R0163,2
P024,R0164,1
P024,R0165,0
P024,R0166,0
P024,R0167,2
P024,R0168,1
P024,R0169,2
P024,R0170,2
P024,R0171,1
P024,R0172,0
P024,R0173,2
P024,R0174,1
P024,R0175,2
P024,R0176,1
P024,R0177,1
P024,R0178,2
P024,R0179,2
P024,R0180,0
P024,R0181,1
P024,R0182,2
P024,R0183,0
P024,R0184,0
P024,R0185,1
P024,R0186,1
P024,R0187,1
P024,R0188,0
P024,R0189,0
P024,R0190,1
P024,R0191,1
P024,R0192,1
P024,R0193,2
P024,R0194,0
P024,R0195,0
P024,R0196,1
P024,R0197,1
P024,R0198,1
P024,R0199,1
P024,R0200,2
P024,R0201,2
P024,R0202,0
P024,R0203,2
P024,R0204,2
P024,R0205,2
P024,R0206,2
P024,R0207,1
P024,R0208,1
P024,R0209,0
P024,R0210,0
P024,R0211,1
P024,R0212,0
P024,R0213,0
P024,R0214,0
P024,R0215,2
P024,R0216,1
P024,R0217,0
P024,R0218,0
P024,R0219,1
P024,R0220,1
P024,R0221,1
P024,R0222,0
P024,R0223,1
P024,R0224,1
P024,R0225,0
P024,R0226,0
P024,R0227,1
P024,R0228,2
P024,R0229,0
P024,R0230,1
P024,R0231,1
P024,R0232,1
P024,R0233,1
P024,R0234,1
P024,R0235,0
P024,R0236,2
P024,R0237,1
P024,R0238,1
P024,R0239,2
P024,R0240,2
P024,R0241,1
P024,R0242,1
P024,R0243,2
P024,R0244,2
P024,R0245,1
P024,R0246,2
P024,R0247,2
P024,R0248,1
P024,R0249,0
P024,R0250,1
P024,R0251,2
P024,R0252,0
P024,R0253,2
P024,R0254,0
P024,R0255,2
P024,R0256,0
P024,R0257,2
P024,R0258,2
P024,R0259,1
P024,R0260,2
P024,R0261,0
P024,R0262,2
P024,R0263,1
P024,R0264,1
P024,R0265,2
P024,R0266,1
P024,R0267,0
P024,R0268,0
P024,R0269,1
P024,R0270,1
P024,R0271,1
P024,R0272,0
P024,R0273,1
P024,R0274,0
P024,R0275,1
P024,R0276,0
P024,R0277,0
P024,R0278,1
P024,R0279,1
P024,R0280,0
P024,R0281,2
P024,R0282,2
P024,R0283,1
P024,R0284,1
P024,R0285,0
P024,R0286,0
P024,R0287,2
P024,R0288,2
P024,R0289,1
P024,R0290,2
P024,R0291,1
P024,R0292,1
P024,R0293,0
P024,R0294,1
P024,R0295,0
P024,R0296,1
P024,R0297,1
P024,R0298,2
P024,R0299,2
P024,R0300,1
P024,R0301,0
P024,R0302,2
P024,R0303,1
P024,R0304,2
P024,R0305,2
P024,R0306,1
P024,R0307,2
P024,R0308,0
P024,R0309,1
P024,R0310,1
P024,R0311,2
P024,R0312,0
P024,R0313,2
P024,R0314,0
P024,R0315,1
P024,R0316,0
P024,R0317,0
P024,R0318,0
P024,R0319,0
P024,R0320,1
P024,R0321,2
P024,R0322,2
P024,R0323,1
P024,R0324,2
P024,R0325,1
P024,R0326,0
P024,R0327,1
P024,R0328,1
P024,R0329,2
P024,R0330,0
P024,R0331,0
P024,R0332,1
P024,R0333,2
P024,R0334,1
P024,R0335,1
P024,R0336,1
P024,R0337,2
P024,R0338,1
P024,R0339,1
P024,R0340,1
P024,R0341,1
P024,R0342,1
P024,R0343,0
P024,R0344,0
P024,R0345,0
P024,R0346,0
P024,R0347,0
P024,R0348,2
P024,R0349,0
P024,R0350,1
P024,R0351,2
P024,R0352,1
P024,R0353,2
P024,R0354,1
P024,R0355,1
P024,R0356,2
P024,R0357,1
P024,R0358,1
P024,R0359,2
P024,R0360,1
P024,R0361,0
P024,R0362,1
P024,R0363,0
P024,R0364,0
P024,R0365,1
P024,R0366,0
P024,R0367,2
P024,R0368,1
P024,R0369,2
P024,R0370,2
P024,R0371,0
P024,R0372,2
P024,R0373,2
P024,R0374,0
P024,R0375,0
P024,R0376,2
P024,R0377,0
P024,R0378,1
P024,R0379,0
P024,R0380,1
P024,R0381,0
P024,R0382,0
P024,R0383,1
P024,R0384,1
P024,R0385,0
P024,R0386,2
P024,R0387,1
P024,R0388,0
P024,R0389,1
P024,R0390,1
P024,R0391,0
P024,R0392,2
P024,R0393,1
P024,R0394,0
P024,R0395,0
P024,R0396,1
P024,R0397,1
P024,R0398,1
P024,R0399,1
P024,R0400,0
P024,R0401,1
P024,R0402,1
P024,R0403,1
P024,R0404,1
P024,R0405,1
P024,R0406,0
P024,R0407,1
P024,R0408,0
P024,R0409,0
P024,R0410,0
P024,R0411,2
P024,R0412,1
P024,R0413,2
P024,R0414,2
P024,R0415,0
P024,R0416,0
P024,R0417,1
P024,R0418,0
P024,R0419,1
P024,R0420,1
P024,R0421,2
P024,R0422,1
P024,R0423,1
P024,R0424,0
P024,R0425,2
P024,R0426,1
P024,R0427,1
P024,R0428,0
P024,R0429,2
P024,R0430,2
P024,R0431,1
P024,R0432,2
P024,R0433,1
P024,R0434,0
P024,R0435,2
P024,R0436,2
P024,R0437,1
P024,R0438,1
P024,R0439,1
P024,R0440,1
P024,R0441,0
P024,R0442,1
P024,R0443,2
P024,R0444,2
P024,R0445,1
P024,R0446,1
P024,R0447,1
P024,R0448,1
P024,R0449,1
P024,R0450,1
P024,R0451,1
P024,R0452,0
P024,R0453,0
P024,R0454,0
P024,R0455,0
P024,R0456,1
P024,R0457,2
P024,R0458,2
P024,R0459,1
P024,R0460,0
P024,R0461,1
P024,R0462,1
P024,R0463,0
P024,R0464,0
P024,R0465,1
P024,R0466,0
P024,R0467,1
P024,R0468,1
P024,R0469,1
P024,R0470,1
P024,R0471,1
P024,R0472,1
P024,R0473,0
P024,R0474,1
P024,R0475,1
P024,R0476,2
P024,R0477,1
P024,R0478,1
P024,R0479,2
P024,R0480,0
P024,R0481,2
P024,R0482,0
P024,R0483,1
P024,R0484,1
P024,R0485,1
P024,R0486,1
P024,R0487,1
P024,R0488,0
P024,R0489,0
P024,R0490,0
P024,R0491,1
P024,R0492,0
P024,R0493,0
P024,R0494,0
P024,R0495,1
P024,R0496,2
P024,R0497,0
P024,R0498,1
P024,R0499,0
P024,R0500,0
P024,R0501,2
P024,R0502,2
P024,R0503,0
P024,R0504,0
P024,R0505,1
P024,R0506,1
P024,R0507,1
P024,R0508,0
P024,R0509,1
P024,R0510,0
P024,R0511,1
P024,R0512,0
P024,R0513,1
P024,R0514,2
P024,R0515,0
P024,R0516,2
P024,R0517,0
P024,R0518,2
P024,R0519,0
P024,R0520,1
P024,R0521,0
P024,R0522,0
P024,R0523,1
P024,R0524,0
P024,R0525,0
P024,R0526,0
P024,R0527,1
P024,R0528,2
P024,R0529,1
P024,R0530,0
P024,R0531,1
P024,R0532,1
P024,R0533,1
P024,R0534,1
P024,R0535,1
P024,R0536,0
P024,R0537,1
P024,R0538,0
P024,R0539,2
P024,R0540,1
P024,R0541,2
P024,R0542,1
P024,R0543,1
P024,R0544,0
P024,R0545,1
P024,R0546,1
P024,R0547,1
P024,R0548,0
P024,R0549,1
P024,R0550,1
P024,R0551,0
P024,R0552,1
P024,R0553,0
P024,R0554,2
P024,R0555,1
P024,R0556,2
P024,R0557,0
P024,R0558,1
P024,R0559,1
P024,R0560,2
P024,R0561,0
P024,R0562,1
P024,R0563,1
P024,R0564,1
P024,R0565,1
P024,R0566,1
P024,R0567,1
P024,R0568,1
P024,R0569,2
P024,R0570,2
P024,R0571,2
P024,R0572,1
P024,R0573,0
P024,R0574,2
P024,R0575,0
P024,R0576,2
P024,R0577,1
P024,R0578,0
P024,R0579,1
P024,R0580,2
P024,R0581,0
P024,R0582,2
P024,R0583,2
P024,R0584,0
P024,R0585,1
P024,R0586,1
P024,R0587,2
P024,R0588,2
P024,R0589,1
P024,R0590,1
P024,R0591,0
P024,R0592,0
P024,R0593,1
P024,R0594,0
P024,R0595,0
P024,R0596,1
P024,R0597,2
P024,R0598,1
P024,R0599,1
P024,R0600,1
P025,R0001,1
P025,R0002,1
P025,R0003,2
P025,R0004,0
P025,R0005,1
P025,R0006,1
P025,R0007,1
P025,R0008,1
P025,R0009,2
P025,R0010,1
P025,R0011,2
P025,R0012,2
P025,R0013,1
P025,R0014,2
P025,R0015,1
P025,R0016,1
P025,R0017,2
P025,R0018,1
P025,R0019,2
P025,R0020,1
P025,R0021,2
P025,R0022,1
P025,R0023,1
P025,R0024,2
P025,R0025,1
P025,R0026,1
P025,R0027,1
P025,R0028,2
P025,R0029,1
P025,R0030,2
P025,R0031,1
P025,R0032,1
P025,R0033,1
P025,R0034,1
P025,R0035,2
P025,R0036,1
P025,R0037,2
P025,R0038,2
P025,R0039,1
P025,R0040,2
P025,R0041,0
P025,R0042,2
P025,R0043,1
P025,R0044,1
P025,R0045,1
P025,R0046,2
P025,R0047,1
P025,R0048,2
P025,R0049,1
P025,R0050,1
P025,R0051,1
P025,R0052,1
P025,R0053,2
P025,R0054,1
P025,R0055,1
P025,R0056,1
P025,R0057,1
P025,R0058,1
P025,R0059,1
P025,R0060,1
P025,R0061,2
P025,R0062,1
P025,R0063,1
P025,R0064,1
P025,R0065,2
P025,R0066,0
P025,R0067,1
P025,R0068,2
P025,R0069,1
P025,R0070,1
P025,R0071,1
P025,R0072,2
P025,R0073,2
P025,R0074,1
P025,R0075,2
P025,R0076,2
P025,R0077,1
P025,R0078,1
P025,R0079,1
P025,R0080,1
P025,R0081,1
P025,R0082,1
P025,R0083,1
P025,R0084,1
P025,R0085,1
P025,R0086,1
P025,R0087,1
P025,R0088,2
P025,R0089,2
P025,R0090,1
P025,R0091,1
P025,R0092,0
P025,R0093,2
P025,R0094,1
P025,R0095,1
P025,R0096,1
P025,R0097,1
P025,R0098,1
P025,R0099,1
P025,R0100,2
P025,R0101,2
P025,R0102,2
P025,R0103,1
P025,R0104,1
P025,R0105,1
P025,R0106,1
P025,R0107,2
P025,R0108,1
P025,R0109,2
P025,R0110,2
P025,R0111,1
P025,R0112,0
P025,R0113,1
P025,R0114,2
P025,R0115,2
P025,R0116,2
P025,R0117,1
P025,R0118,2
P025,R0119,2
P025,R0120,1
P025,R0121,1
P025,R0122,1
P025,R0123,1
P025,R0124,1
P025,R0125,1
P025,R0126,1
P025,R0127,1
P025,R0128,1
P025,R0129,1
P025,R0130,1
P025,R0131,1
P025,R0132,1
P025,R0133,2
P025,R0134,1
P025,R0135,1
P025,R0136,2
P025,R0137,1
P025,R0138,1
P025,R0139,1
P025,R0140,1
P025,R0141,1
P025,R0142,1
P025,R0143,1
P025,R0144,1
P025,R0145,2
P025,R0146,1
P025,R0147,2
P025,R0148,1
P025,R0149,1
P025,R0150,1
P025,R0151,1
P025,R0152,1
P025,R0153,1
P025,R0154,2
P025,R0155,1
P025,R0156,1
P025,R0157,1
P025,R0158,2
P025,R0159,1
P025,R0160,2
P025,R0161,1
P025,R0162,1
P025,R0163,1
P025,R0164,1
P025,R0165,1
P025,R0166,1
P025,R0167,2
P025,R0168,1
P025,R0169,2
P025,R0170,2
P025,R0171,1
P025,R0172,1
P025,R0173,2
P025,R0174,2
P025,R0175,1
P025,R0176,1
P025,R0177,1
P025,R0178,1
P025,R0179,2
P025,R0180,1
P025,R0181,2
P025,R0182,1
P025,R0183,1
P025,R0184,1
P025,R0185,1
P025,R0186,1
P025,R0187,2
P025,R0188,1
P025,R0189,1
P025,R0190,0
P025,R0191,1
P025,R0192,1
P025,R0193,1
P025,R0194,2
P025,R0195,1
P025,R0196,1
P025,R0197,1
P025,R0198,1
P025,R0199,1
P025,R0200,2
P025,R0201,2
P025,R0202,1
P025,R0203,2
P025,R0204,2
P025,R0205,2
P025,R0206,2
P025,R0207,1
P025,R0208,2
P025,R0209,2
P025,R0210,1
P025,R0211,1
P025,R0212,2
P025,R0213,2
P025,R0214,1
P025,R0215,2
P025,R0216,1
P025,R0217,2
P025,R0218,1
P025,R0219,1
P025,R0220,1
P025,R0221,1
P025,R0222,1
P025,R0223,2
P025,R0224,1
P025,R0225,0
P025,R0226,1
P025,R0227,1
P025,R0228,2
P025,R0229,2
P025,R0230,1
P025,R0231,1
P025,R0232,1
P025,R0233,0
P025,R0234,1
P025,R0235,1
P025,R0236,2
P025,R0237,1
P025,R0238,2
P025,R0239,2
P025,R0240,2
P025,R0241,2
P025,R0242,1
P025,R0243,2
P025,R0244,1
P025,R0245,1
P025,R0246,2
P025,R0247,2
P025,R0248,1
P025,R0249,2
P025,R0250,1
P025,R0251,2
P025,R0252,1
P025,R0253,2
P025,R0254,1
P025,R0255,1
P025,R0256,2
P025,R0257,1
P025,R0258,1
P025,R0259,1
P025,R0260,2
P025,R0261,1
P025,R0262,1
P025,R0263,1
P025,R0264,1
P025,R0265,2
P025,R0266,1
P025,R0267,0
P025,R0268,1
P025,R0269,1
P025,R0270,1
P025,R0271,1
P025,R0272,2
P025,R0273,1
P025,R0274,1
P025,R0275,1
P025,R0276,2
P025,R0277,1
P025,R0278,1
P025,R0279,1
P025,R0280,1
P025,R0281,2
P025,R0282,1
P025,R0283,1
P025,R0284,1
P025,R0285,2
P025,R0286,2
P025,R0287,1
P025,R0288,1
P025,R0289,1
P025,R0290,2
P025,R0291,2
P025,R0292,1
P025,R0293,1
P025,R0294,1
P025,R0295,1
P025,R0296,0
P025,R0297,1
P025,R0298,2
P025,R0299,2
P025,R0300,1
P025,R0301,1
P025,R0302,2
P025,R0303,1
P025,R0304,2
P025,R0305,2
P025,R0306,2
P025,R0307,2
P025,R0308,2
P025,R0309,1
P025,R0310,2
P025,R0311,1
P025,R0312,1
P025,R0313,2
P025,R0314,1
P025,R0315,1
P025,R0316,1
P025,R0317,1
P025,R0318,2
P025,R0319,2
P025,R0320,1
P025,R0321,1
P025,R0322,1
P025,R0323,1
P025,R0324,2
P025,R0325,1
P025,R0326,1
P025,R0327,1
P025,R0328,1
P025,R0329,2
P025,R0330,1
P025,R0331,1
P025,R0332,1
P025,R0333,2
P025,R0334,2
P025,R0335,2
P025,R0336,1
P025,R0337,1
P025,R0338,2
P025,R0339,1
P025,R0340,1
P025,R0341,1
P025,R0342,1
P025,R0343,1
P025,R0344,2
P025,R0345,2
P025,R0346,1
P025,R0347,1
P025,R0348,2
P025,R0349,1
P025,R0350,1
P025,R0351,1
P025,R0352,2
P025,R0353,1
P025,R0354,1
P025,R0355,1
P025,R0356,1
P025,R0357,1
P025,R0358,1
P025,R0359,1
P025,R0360,1
P025,R0361,1
P025,R0362,2
P025,R0363,1
P025,R0364,2
P025,R0365,1
P025,R0366,1
P025,R0367,1
P025,R0368,1
P025,R0369,2
P025,R0370,1
P025,R0371,1
P025,R0372,2
P025,R0373,2
P025,R0374,1
P025,R0375,1
P025,R0376,2
P025,R0377,2
P025,R0378,2
P025,R0379,2
P025,R0380,2
P025,R0381,2
P025,R0382,1
P025,R0383,1
P025,R0384,1
P025,R0385,2
P025,R0386,1
P025,R0387,1
P025,R0388,1
P025,R0389,2
P025,R0390,1
P025,R0391,1
P025,R0392,2
P025,R0393,1
P025,R0394,2
P025,R0395,1
P025,R0396,1
P025,R0397,1
P025,R0398,1
P025,R0399,1
P025,R0400,2
P025,R0401,1
P025,R0402,0
P025,R0403,2
P025,R0404,1
P025,R0405,1
P025,R0406,1
P025,R0407,1
P025,R0408,1
P025,R0409,1
P025,R0410,2
P025,R0411,1
P025,R0412,2
P025,R0413,2
P025,R0414,2
P025,R0415,1
P025,R0416,2
P025,R0417,1
P025,R0418,1
P025,R0419,1
P025,R0420,2
P025,R0421,2
P025,R0422,1
P025,R0423,1
P025,R0424,1
P025,R0425,2
P025,R0426,1
P025,R0427,2
P025,R0428,1
P025,R0429,2
P025,R0430,2
P025,R0431,1
P025,R0432,2
P025,R0433,0
P025,R0434,2
P025,R0435,1
P025,R0436,2
P025,R0437,2
P025,R0438,1
P025,R0439,1
P025,R0440,1
P025,R0441,1
P025,R0442,1
P025,R0443,2
P025,R0444,2
P025,R0445,2
P025,R0446,1
P025,R0447,1
P025,R0448,1
P025,R0449,1
P025,R0450,1
P025,R0451,1
P025,R0452,1
P025,R0453,1
P025,R0454,2
P025,R0455,1
P025,R0456,1
P025,R0457,1
P025,R0458,2
P025,R0459,1
P025,R0460,2
P025,R0461,1
P025,R0462,1
P025,R0463,2
P025,R0464,1
P025,R0465,1
P025,R0466,1
P025,R0467,1
P025,R0468,1
P025,R0469,1
P025,R0470,2
P025,R0471,1
P025,R0472,1
P025,R0473,1
P025,R0474,1
P025,R0475,1
P025,R0476,1
P025,R0477,1
P025,R0478,1
P025,R0479,2
P025,R0480,2
P025,R0481,1
P025,R0482,1
P025,R0483,1
P025,R0484,1
P025,R0485,1
P025,R0486,1
P025,R0487,1
P025,R0488,1
P025,R0489,2
P025,R0490,2
P025,R0491,1
P025,R0492,1
P025,R0493,1
P025,R0494,1
P025,R0495,2
P025,R0496,0
P025,R0497,1
P025,R0498,1
P025,R0499,1
P025,R0500,1
P025,R0501,1
P025,R0502,2
P025,R0503,1
P025,R0504,1
P025,R0505,1
P025,R0506,1
P025,R0507,2
P025,R0508,2
P025,R0509,1
P025,R0510,2
P025,R0511,2
P025,R0512,2
P025,R0513,1
P025,R0514,2
P025,R0515,1
P025,R0516,2
P025,R0517,1
P025,R0518,2
P025,R0519,1
P025,R0520,1
P025,R0521,1
P025,R0522,2
P025,R0523,1
P025,R0524,1
P025,R0525,1
P025,R0526,1
P025,R0527,1
P025,R0528,2
P025,R0529,1
P025,R0530,1
P025,R0531,2
P025,R0532,1
P025,R0533,1
P025,R0534,1
P025,R0535,2
P025,R0536,2
P025,R0537,1
P025,R0538,1
P025,R0539,1
P025,R0540,2
P025,R0541,2
P025,R0542,2
P025,R0543,1
P025,R0544,1
P025,R0545,1
P025,R0546,1
P025,R0547,1
P025,R0548,1
P025,R0549,2
P025,R0550,1
P025,R0551,1
P025,R0552,2
P025,R0553,1
P025,R0554,2
P025,R0555,1
P025,R0556,1
P025,R0557,1
P025,R0558,1
P025,R0559,1
P025,R0560,1
P025,R0561,1
P025,R0562,1
P025,R0563,0
P025,R0564,1
P025,R0565,0
P025,R0566,2
P025,R0567,2
P025,R0568,1
P025,R0569,2
P025,R0570,2
P025,R0571,1
P025,R0572,1
P025,R0573,1
P025,R0574,1
P025,R0575,1
P025,R0576,2
P025,R0577,1
P025,R0578,2
P025,R0579,1
P025,R0580,1
P025,R0581,1
P025,R0582,1
P025,R0583,1
P025,R0584,1
P025,R0585,1
P025,R0586,1
P025,R0587,1
P025,R0588,1
P025,R0589,1
P025,R0590,1
P025,R0591,1
P025,R0592,1
P025,R0593,1
P025,R0594,1
P025,R0595,1
P025,R0596,2
P025,R0597,2
P025,R0598,1
P025,R0599,1
P025,R0600,2
P026,R0001,1
P026,R0002,0
P026,R0003,1
P026,R0004,0
P026,R0005,0
P026,R0006,0
P026,R0007,0
P026,R0008,0
P026,R0009,2
P026,R0010,1
P026,R0011,2
P026,R0012,1
P026,R0013,0
P026,R0014,0
P026,R0015,1
P026,R0016,1
P026,R0017,2
P026,R0018,1
P026,R0019,2
P026,R0020,1
P026,R0021,0
P026,R0022,1
P026,R0023,0
P026,R0024,2
P026,R0025,1
P026,R0026,0
P026,R0027,1
P026,R0028,0
P026,R0029,0
P026,R0030,1
P026,R0031,0
P026,R0032,0
P026,R0033,1
P026,R0034,0
P026,R0035,2
P026,R0036,0
P026,R0037,1
P026,R0038,0
P026,R0039,0
P026,R0040,2
P026,R0041,0
P026,R0042,2
P026,R0043,1
P026,R0044,0
P026,R0045,0
P026,R0046,2
P026,R0047,1
P026,R0048,2
P026,R0049,0
P026,R0050,1
P026,R0051,0
P026,R0052,0
P026,R0053,0
P026,R0054,0
P026,R0055,1
P026,R0056,0
P026,R0057,1
P026,R0058,0
P026,R0059,0
P026,R0060,0
P026,R0061,2
P026,R0062,0
P026,R0063,0
P026,R0064,0
P026,R0065,0
P026,R0066,0
P026,R0067,0
P026,R0068,1
P026,R0069,1
P026,R0070,0
P026,R0071,1
P026,R0072,1
P026,R0073,0
P026,R0074,0
P026,R0075,2
P026,R0076,2
P026,R0077,0
P026,R0078,1
P026,R0079,0
P026,R0080,1
P026,R0081,0
P026,R0082,1
P026,R0083,0
P026,R0084,0
P026,R0085,0
P026,R0086,1
P026,R0087,0
P026,R0088,0
P026,R0089,2
P026,R0090,0
P026,R0091,0
P026,R0092,1
P026,R0093,1
P026,R0094,0
P026,R0095,0
P026,R0096,1
P026,R0097,0
P026,R0098,0
P026,R0099,0
P026,R0100,0
P026,R0101,2
P026,R0102,0
P026,R0103,0
P026,R0104,0
P026,R0105,0
P026,R0106,0
P026,R0107,0
P026,R0108,1
P026,R0109,1
P026,R0110,1
P026,R0111,0
P026,R0112,0
P026,R0113,0
P026,R0114,1
P026,R0115,0
P026,R0116,2
P026,R0117,1
P026,R0118,2
P026,R0119,2
P026,R0120,1
P026,R0121,0
P026,R0122,1
P026,R0123,1
P026,R0124,1
P026,R0125,0
P026,R0126,0
P026,R0127,0
P026,R0128,0
P026,R0129,0
P026,R0130,0
P026,R0131,1
P026,R0132,0
P026,R0133,1
P026,R0134,1
P026,R0135,1
P026,R0136,0
P026,R0137,0
P026,R0138,1
P026,R0139,0
P026,R0140,0
P026,R0141,0
P026,R0142,1
P026,R0143,0
P026,R0144,0
P026,R0145,2
P026,R0146,0
P026,R0147,0
P026,R0148,0
P026,R0149,0
P026,R0150,0
P026,R0151,1
P026,R0152,1
P026,R0153,0
P026,R0154,2
P026,R0155,1
P026,R0156,1
P026,R0157,1
P026,R0158,0
P026,R0159,0
P026,R0160,0
P026,R0161,1
P026,R0162,0
P026,R0163,0
P026,R0164,0
P026,R0165,0
P026,R0166,1
P026,R0167,0
P026,R0168,0
P026,R0169,1
P026,R0170,1
P026,R0171,1
P026,R0172,0
P026,R0173,0
P026,R0174,2
P026,R0175,0
P026,R0176,0
P026,R0177,1
P026,R0178,0
P026,R0179,0
P026,R0180,0
P026,R0181,2
P026,R0182,0
P026,R0183,1
P026,R0184,1
P026,R0185,1
P026,R0186,0
P026,R0187,2
P026,R0188,1
P026,R0189,0
P026,R0190,1
P026,R0191,1
P026,R0192,1
P026,R0193,0
P026,R0194,2
P026,R0195,0
P026,R0196,0
P026,R0197,0
P026,R0198,0
P026,R0199,1
P026,R0200,1
P026,R0201,0
P026,R0202,1
P026,R0203,0
P026,R0204,0
P026,R0205,1
P026,R0206,0
P026,R0207,1
P026,R0208,2
P026,R0209,0
P026,R0210,0
P026,R0211,1
P026,R0212,1
P026,R0213,2
P026,R0214,0
P026,R0215,1
P026,R0216,1
P026,R0217,2
P026,R0218,0
P026,R0219,0
P026,R0220,1
P026,R0221,0
P026,R0222,1
P026,R0223,1
P026,R0224,0
P026,R0225,2
P026,R0226,0
P026,R0227,1
P026,R0228,0
P026,R0229,1
P026,R0230,1
P026,R0231,0
P026,R0232,0
P026,R0233,0
P026,R0234,0
P026,R0235,1
P026,R0236,1
P026,R0237,0
P026,R0238,2
P026,R0239,0
P026,R0240,0
P026,R0241,2
P026,R0242,1
P026,R0243,2
P026,R0244,0
P026,R0245,1
P026,R0246,0
P026,R0247,0
P026,R0248,0
P026,R0249,1
P026,R0250,1
P026,R0251,0
P026,R0252,1
P026,R0253,0
P026,R0254,0
P026,R0255,0
P026,R0256,2
P026,R0257,1
P026,R0258,0
P026,R0259,0
P026,R0260,1
P026,R0261,0
P026,R0262,0
P026,R0263,1
P026,R0264,0
P026,R0265,0
P026,R0266,0
P026,R0267,0
P026,R0268,1
P026,R0269,0
P026,R0270,1
P026,R0271,1
P026,R0272,1
P026,R0273,0
P026,R0274,1
P026,R0275,0
P026,R0276,1
P026,R0277,0
P026,R0278,1
P026,R0279,0
P026,R0280,1
P026,R0281,1
P026,R0282,1
P026,R0283,1
P026,R0284,0
P026,R0285,2
P026,R0286,2
P026,R0287,0
P026,R0288,0
P026,R0289,0
P026,R0290,0
P026,R0291,1
P026,R0292,0
P026,R0293,0
P026,R0294,1
P026,R0295,1
P026,R0296,0
P026,R0297,1
P026,R0298,1
P026,R0299,0
P026,R0300,0
P026,R0301,0
P026,R0302,0
P026,R0303,0
P026,R0304,2
P026,R0305,0
P026,R0306,1
P026,R0307,0
P026,R0308,0
P026,R0309,1
P026,R0310,2
P026,R0311,0
P026,R0312,1
P026,R0313,1
P026,R0314,0
P026,R0315,0
P026,R0316,0
P026,R0317,0
P026,R0318,2
P026,R0319,2
P026,R0320,0
P026,R0321,0
P026,R0322,0
P026,R0323,1
P026,R0324,1
P026,R0325,0
P026,R0326,0
P026,R0327,0
P026,R0328,1
P026,R0329,0
P026,R0330,0
P026,R0331,0
P026,R0332,1
P026,R0333,0
P026,R0334,2
P026,R0335,2
P026,R0336,1
P026,R0337,1
P026,R0338,2
P026,R0339,1
P026,R0340,0
P026,R0341,0
P026,R0342,0
P026,R0343,1
P026,R0344,2
P026,R0345,2
P026,R0346,0
P026,R0347,0
P026,R0348,1
P026,R0349,0
P026,R0350,0
P026,R0351,0
P026,R0352,2
P026,R0353,0
P026,R0354,0
P026,R0355,0
P026,R0356,0
P026,R0357,1
P026,R0358,1
P026,R0359,0
P026,R0360,0
P026,R0361,1
P026,R0362,2
P026,R0363,1
P026,R0364,2
P026,R0365,0
P026,R0366,1
P026,R0367,1
P026,R0368,1
P026,R0369,1
P026,R0370,0
P026,R0371,1
P026,R0372,1
P026,R0373,0
P026,R0374,0
P026,R0375,0
P026,R0376,2
P026,R0377,0
P026,R0378,2
P026,R0379,2
P026,R0380,2
P026,R0381,1
P026,R0382,1
P026,R0383,0
P026,R0384,0
P026,R0385,1
P026,R0386,0
P026,R0387,1
P026,R0388,0
P026,R0389,2
P026,R0390,1
P026,R0391,0
P026,R0392,0
P026,R0393,0
P026,R0394,2
P026,R0395,1
P026,R0396,1
P026,R0397,0
P026,R0398,0
P026,R0399,1
P026,R0400,2
P026,R0401,0
P026,R0402,1
P026,R0403,2
P026,R0404,1
P026,R0405,0
P026,R0406,0
P026,R0407,0
P026,R0408,0
P026,R0409,0
P026,R0410,0
P026,R0411,1
P026,R0412,1
P026,R0413,0
P026,R0414,0
P026,R0415,1
P026,R0416,1
P026,R0417,1
P026,R0418,0
P026,R0419,1
P026,R0420,1
P026,R0421,0
P026,R0422,0
P026,R0423,0
P026,R0424,0
P026,R0425,0
P026,R0426,0
P026,R0427,2
P026,R0428,0
P026,R0429,0
P026,R0430,2
P026,R0431,1
P026,R0432,1
P026,R0433,1
P026,R0434,2
P026,R0435,0
P026,R0436,0
P026,R0437,1
P026,R0438,1
P026,R0439,0
P026,R0440,1
P026,R0441,0
P026,R0442,1
P026,R0443,2
P026,R0444,0
P026,R0445,2
P026,R0446,1
P026,R0447,0
P026,R0448,0
P026,R0449,0
P026,R0450,1
P026,R0451,1
P026,R0452,0
P026,R0453,0
P026,R0454,0
P026,R0455,1
P026,R0456,1
P026,R0457,0
P026,R0458,0
P026,R0459,1
P026,R0460,2
P026,R0461,1
P026,R0462,0
P026,R0463,0
P026,R0464,0
P026,R0465,1
P026,R0466,1
P026,R0467,0
P026,R0468,0
P026,R0469,1
P026,R0470,2
P026,R0471,0
P026,R0472,0
P026,R0473,1
P026,R0474,0
P026,R0475,1
P026,R0476,0
P026,R0477,1
P026,R0478,0
P026,R0479,0
P026,R0480,1
P026,R0481,0
P026,R0482,0
P026,R0483,1
P026,R0484,0
P026,R0485,1
P026,R0486,0
P026,R0487,1
P026,R0488,1
P026,R0489,0
P026,R0490,2
P026,R0491,1
P026,R0492,1
P026,R0493,1
P026,R0494,1
P026,R0495,2
P026,R0496,1
P026,R0497,1
P026,R0498,0
P026,R0499,1
P026,R0500,1
P026,R0501,0
P026,R0502,1
P026,R0503,1
P026,R0504,1
P026,R0505,0
P026,R0506,0
P026,R0507,2
P026,R0508,0
P026,R0509,1
P026,R0510,0
P026,R0511,2
P026,R0512,0
P026,R0513,0
P026,R0514,2
P026,R0515,0
P026,R0516,0
P026,R0517,0
P026,R0518,0
P026,R0519,1
P026,R0520,0
P026,R0521,0
P026,R0522,2
P026,R0523,1
P026,R0524,1
P026,R0525,0
P026,R0526,0
P026,R0527,1
P026,R0528,0
P026,R0529,0
P026,R0530,0
P026,R0531,2
P026,R0532,1
P026,R0533,1
P026,R0534,1
P026,R0535,1
P026,R0536,0
P026,R0537,0
P026,R0538,0
P026,R0539,0
P026,R0540,2
P026,R0541,0
P026,R0542,2
P026,R0543,1
P026,R0544,1
P026,R0545,0
P026,R0546,0
P026,R0547,0
P026,R0548,0
P026,R0549,2
P026,R0550,0
P026,R0551,1
P026,R0552,2
P026,R0553,1
P026,R0554,0
P026,R0555,1
P026,R0556,0
P026,R0557,0
P026,R0558,0
P026,R0559,0
P026,R0560,0
P026,R0561,0
P026,R0562,0
P026,R0563,2
P026,R0564,0
P026,R0565,1
P026,R0566,2
P026,R0567,2
P026,R0568,0
P026,R0569,0
P026,R0570,0
P026,R0571,0
P026,R0572,1
P026,R0573,1
P026,R0574,0
P026,R0575,0
P026,R0576,0
P026,R0577,1
P026,R0578,1
P026,R0579,0
P026,R0580,0
P026,R0581,1
P026,R0582,1
P026,R0583,0
P026,R0584,1
P026,R0585,0
P026,R0586,0
P026,R0587,0
P026,R0588,0
P026,R0589,0
P026,R0590,1
P026,R0591,1
P026,R0592,0
P026,R0593,0
P026,R0594,1
P026,R0595,0
P026,R0596,1
P026,R0597,0
P026,R0598,1
P026,R0599,0
P026,R0600,1
P027,R0001,0
P027,R0002,1
P027,R0003,0
P027,R0004,0
P027,R0005,0
P027,R0006,0
P027,R0007,1
P027,R0008,2
P027,R0009,2
P027,R0010,0
P027,R0011,0
P027,R0012,0
P027,R0013,2
P027,R0014,2
P027,R0015,0
P027,R0016,0
P027,R0017,0
P027,R0018,1
P027,R0019,0
P027,R0020,0
P027,R0021,0
P027,R0022,0
P027,R0023,2
P027,R0024,2
P027,R0025,0
P027,R0026,1
P027,R0027,0
P027,R0028,2
P027,R0029,2
P027,R0030,0
P027,R0031,0
P027,R0032,0
P027,R0033,0
P027,R0034,0
P027,R0035,2
P027,R0036,2
P027,R0037,1
P027,R0038,0
P027,R0039,0
P027,R0040,0
P027,R0041,0
P027,R0042,2
P027,R0043,0
P027,R0044,0
P027,R0045,0
P027,R0046,0
P027,R0047,0
P027,R0048,0
P027,R0049,1
P027,R0050,0
P027,R0051,0
P027,R0052,0
P027,R0053,0
P027,R0054,1
P027,R0055,2
P027,R0056,2
P027,R0057,2
P027,R0058,2
P027,R0059,1
P027,R0060,2
P027,R0061,0
P027,R0062,0
P027,R0063,0
P027,R0064,2
P027,R0065,0
P027,R0066,0
P027,R0067,0
P027,R0068,1
P027,R0069,0
P027,R0070,1
P027,R0071,0
P027,R0072,1
P027,R0073,1
P027,R0074,1
P027,R0075,0
P027,R0076,0
P027,R0077,2
P027,R0078,1
P027,R0079,2
P027,R0080,1
P027,R0081,2
P027,R0082,0
P027,R0083,0
P027,R0084,1
P027,R0085,2
P027,R0086,0
P027,R0087,0
P027,R0088,0
P027,R0089,0
P027,R0090,1
P027,R0091,0
P027,R0092,0
P027,R0093,0
P027,R0094,0
P027,R0095,0
P027,R0096,0
P027,R0097,2
P027,R0098,2
P027,R0099,1
P027,R0100,1
P027,R0101,0
P027,R0102,0
P027,R0103,2
P027,R0104,1
P027,R0105,1
P027,R0106,2
P027,R0107,1
P027,R0108,2
P027,R0109,0
P027,R0110,0
P027,R0111,0
P027,R0112,0
P027,R0113,2
P027,R0114,0
P027,R0115,0
P027,R0116,1
P027,R0117,0
P027,R0118,1
P027,R0119,0
P027,R0120,1
P027,R0121,1
P027,R0122,2
P027,R0123,0
P027,R0124,1
P027,R0125,0
P027,R0126,0
P027,R0127,0
P027,R0128,0
P027,R0129,2
P027,R0130,2
P027,R0131,0
P027,R0132,2
P027,R0133,1
P027,R0134,2
P027,R0135,2
P027,R0136,0
P027,R0137,2
P027,R0138,1
P027,R0139,0
P027,R0140,0
P027,R0141,0
P027,R0142,0
P027,R0143,0
P027,R0144,0
P027,R0145,0
P027,R0146,1
P027,R0147,2
P027,R0148,1
P027,R0149,2
P027,R0150,2
P027,R0151,0
P027,R0152,0
P027,R0153,2
P027,R0154,0
P027,R0155,0
P027,R0156,1
P027,R0157,2
P027,R0158,0
P027,R0159,2
P027,R0160,2
P027,R0161,0
P027,R0162,2
P027,R0163,0
P027,R0164,1
P027,R0165,2
P027,R0166,0
P027,R0167,1
P027,R0168,1
P027,R0169,0
P027,R0170,0
P027,R0171,2
P027,R0172,0
P027,R0173,0
P027,R0174,2
P027,R0175,0
P027,R0176,2
P027,R0177,0
P027,R0178,2
P027,R0179,1
P027,R0180,0
P027,R0181,0
P027,R0182,0
P027,R0183,2
P027,R0184,0
P027,R0185,2
P027,R0186,2
P027,R0187,2
P027,R0188,0
P027,R0189,0
P027,R0190,0
P027,R0191,0
P027,R0192,0
P027,R0193,0
P027,R0194,0
P027,R0195,1
P027,R0196,1
P027,R0197,2
P027,R0198,1
P027,R0199,0
P027,R0200,0
P027,R0201,0
P027,R0202,0
P027,R0203,0
P027,R0204,2
P027,R0205,0
P027,R0206,0
P027,R0207,0
P027,R0208,0
P027,R0209,0
P027,R0210,1
P027,R0211,2
P027,R0212,0
P027,R0213,0
P027,R0214,1
P027,R0215,0
P027,R0216,1
P027,R0217,2
P027,R0218,0
P027,R0219,2
P027,R0220,2
P027,R0221,1
P027,R0222,1
P027,R0223,0
P027,R0224,2
P027,R0225,0
P027,R0226,1
P027,R0227,0
P027,R0228,0
P027,R0229,0
P027,R0230,0
P027,R0231,0
P027,R0232,2
P027,R0233,0
P027,R0234,2
P027,R0235,0
P027,R0236,0
P027,R0237,1
P027,R0238,0
P027,R0239,1
P027,R0240,0
P027,R0241,0
P027,R0242,0
P027,R0243,0
P027,R0244,2
P027,R0245,1
P027,R0246,0
P027,R0247,2
P027,R0248,0
P027,R0249,0
P027,R0250,2
P027,R0251,0
P027,R0252,2
P027,R0253,1
P027,R0254,0
P027,R0255,0
P027,R0256,0
P027,R0257,0
P027,R0258,0
P027,R0259,2
P027,R0260,0
P027,R0261,2
P027,R0262,0
P027,R0263,0
P027,R0264,1
P027,R0265,0
P027,R0266,0
P027,R0267,0
P027,R0268,2
P027,R0269,2
P027,R0270,1
P027,R0271,0
P027,R0272,0
P027,R0273,1
P027,R0274,0
P027,R0275,0
P027,R0276,0
P027,R0277,0
P027,R0278,2
P027,R0279,0
P027,R0280,1
P027,R0281,0
P027,R0282,0
P027,R0283,0
P027,R0284,0
P027,R0285,0
P027,R0286,0
P027,R0287,0
P027,R0288,1
P027,R0289,0
P027,R0290,1
P027,R0291,1
P027,R0292,0
P027,R0293,2
P027,R0294,1
P027,R0295,0
P027,R0296,0
P027,R0297,0
P027,R0298,0
P027,R0299,1
P027,R0300,1
P027,R0301,2
P027,R0302,0
P027,R0303,0
P027,R0304,0
P027,R0305,2
P027,R0306,0
P027,R0307,2
P027,R0308,2
P027,R0309,0
P027,R0310,0
P027,R0311,0
P027,R0312,0
P027,R0313,0
P027,R0314,1
P027,R0315,2
P027,R0316,2
P027,R0317,1
P027,R0318,0
P027,R0319,0
P027,R0320,0
P027,R0321,2
P027,R0322,2
P027,R0323,2
P027,R0324,0
P027,R0325,1
P027,R0326,1
P027,R0327,2
P027,R0328,2
P027,R0329,2
P027,R0330,2
P027,R0331,1
P027,R0332,0
P027,R0333,1
P027,R0334,1
P027,R0335,0
P027,R0336,0
P027,R0337,0
P027,R0338,1
P027,R0339,0
P027,R0340,0
P027,R0341,2
P027,R0342,0
P027,R0343,0
P027,R0344,0
P027,R0345,0
P027,R0346,1
P027,R0347,0
P027,R0348,0
P027,R0349,0
P027,R0350,1
P027,R0351,0
P027,R0352,1
P027,R0353,2
P027,R0354,2
P027,R0355,0
P027,R0356,1
P027,R0357,0
P027,R0358,0
P027,R0359,0
P027,R0360,2
P027,R0361,0
P027,R0362,0
P027,R0363,1
P027,R0364,0
P027,R0365,0
P027,R0366,0
P027,R0367,0
P027,R0368,0
P027,R0369,0
P027,R0370,1
P027,R0371,0
P027,R0372,0
P027,R0373,1
P027,R0374,2
P027,R0375,2
P027,R0376,0
P027,R0377,1
P027,R0378,0
P027,R0379,2
P027,R0380,0
P027,R0381,1
P027,R0382,0
P027,R0383,0
P027,R0384,0
P027,R0385,0
P027,R0386,0
P027,R0387,2
P027,R0388,0
P027,R0389,2
P027,R0390,1
P027,R0391,1
P027,R0392,0
P027,R0393,2
P027,R0394,2
P027,R0395,1
P027,R0396,0
P027,R0397,2
P027,R0398,2
P027,R0399,0
P027,R0400,0
P027,R0401,0
P027,R0402,0
P027,R0403,0
P027,R0404,1
P027,R0405,0
P027,R0406,2
P027,R0407,1
P027,R0408,0
P027,R0409,1
P027,R0410,2
P027,R0411,0
P027,R0412,0
P027,R0413,0
P027,R0414,0
P027,R0415,0
P027,R0416,0
P027,R0417,0
P027,R0418,0
P027,R0419,2
P027,R0420,0
P027,R0421,0
P027,R0422,1
P027,R0423,2
P027,R0424,0
P027,R0425,2
P027,R0426,2
P027,R0427,2
P027,R0428,0
P027,R0429,1
P027,R0430,0
P027,R0431,0
P027,R0432,0
P027,R0433,0
P027,R0434,0
P027,R0435,0
P027,R0436,1
P027,R0437,0
P027,R0438,2
P027,R0439,2
P027,R0440,0
P027,R0441,2
P027,R0442,2
P027,R0443,0
P027,R0444,1
P027,R0445,0
P027,R0446,0
P027,R0447,0
P027,R0448,2
P027,R0449,1
P027,R0450,1
P027,R0451,0
P027,R0452,0
P027,R0453,2
P027,R0454,0
P027,R0455,0
P027,R0456,0
P027,R0457,0
P027,R0458,1
P027,R0459,2
P027,R0460,0
P027,R0461,0
P027,R0462,2
P027,R0463,2
P027,R0464,1
P027,R0465,2
P027,R0466,0
P027,R0467,1
P027,R0468,1
P027,R0469,0
P027,R0470,2
P027,R0471,1
P027,R0472,2
P027,R0473,2
P027,R0474,0
P027,R0475,2
P027,R0476,1
P027,R0477,2
P027,R0478,1
P027,R0479,0
P027,R0480,0
P027,R0481,2
P027,R0482,2
P027,R0483,0
P027,R0484,1
P027,R0485,0
P027,R0486,2
P027,R0487,1
P027,R0488,2
P027,R0489,0
P027,R0490,0
P027,R0491,0
P027,R0492,0
P027,R0493,0
P027,R0494,0
P027,R0495,0
P027,R0496,0
P027,R0497,0
P027,R0498,1
P027,R0499,1
P027,R0500,0
P027,R0501,0
P027,R0502,0
P027,R0503,1
P027,R0504,0
P027,R0505,2
P027,R0506,2
P027,R0507,1
P027,R0508,1
P027,R0509,0
P027,R0510,0
P027,R0511,0
P027,R0512,0
P027,R0513,2
P027,R0514,0
P027,R0515,2
P027,R0516,0
P027,R0517,2
P027,R0518,0
P027,R0519,1
P027,R0520,0
P027,R0521,1
P027,R0522,1
P027,R0523,0
P027,R0524,2
P027,R0525,0
P027,R0526,0
P027,R0527,0
P027,R0528,0
P027,R0529,0
P027,R0530,2
P027,R0531,0
P027,R0532,0
P027,R0533,0
P027,R0534,0
P027,R0535,1
P027,R0536,2
P027,R0537,0
P027,R0538,2
P027,R0539,2
P027,R0540,2
P027,R0541,2
P027,R0542,0
P027,R0543,0
P027,R0544,0
P027,R0545,2
P027,R0546,2
P027,R0547,1
P027,R0548,2
P027,R0549,1
P027,R0550,1
P027,R0551,2
P027,R0552,0
P027,R0553,0
P027,R0554,2
P027,R0555,0
P027,R0556,0
P027,R0557,0
P027,R0558,1
P027,R0559,0
P027,R0560,0
P027,R0561,1
P027,R0562,1
P027,R0563,0
P027,R0564,2
P027,R0565,0
P027,R0566,0
P027,R0567,0
P027,R0568,2
P027,R0569,0
P027,R0570,0
P027,R0571,0
P027,R0572,1
P027,R0573,0
P027,R0574,2
P027,R0575,0
P027,R0576,0
P027,R0577,0
P027,R0578,0
P027,R0579,2
P027,R0580,1
P027,R0581,0
P027,R0582,0
P027,R0583,2
P027,R0584,0
P027,R0585,2
P027,R0586,1
P027,R0587,0
P027,R0588,0
P027,R0589,2
P027,R0590,2
P027,R0591,1
P027,R0592,1
P027,R0593,0
P027,R0594,0
P027,R0595,0
P027,R0596,0
P027,R0597,1
P027,R0598,1
P027,R0599,1
P027,R0600,1
P028,R0001,1
P028,R0002,0
P028,R0003,1
P028,R0004,1
P028,R0005,1
P028,R0006,1
P028,R0007,1
P028,R0008,1
P028,R0009,0
P028,R0010,2
P028,R0011,0
P028,R0012,1
P028,R0013,1
P028,R0014,0
P028,R0015,0
P028,R0016,2
P028,R0017,2
P028,R0018,2
P028,R0019,1
P028,R0020,2
P028,R0021,0
P028,R0022,0
P028,R0023,1
P028,R0024,0
P028,R0025,0
P028,R0026,1
P028,R0027,2
P028,R0028,0
P028,R0029,1
P028,R0030,2
P028,R0031,1
P028,R0032,0
P028,R0033,1
P028,R0034,2
P028,R0035,1
P028,R0036,1
P028,R0037,0
P028,R0038,0
P028,R0039,1
P028,R0040,0
P028,R0041,0
P028,R0042,1
P028,R0043,2
P028,R0044,0
P028,R0045,2
P028,R0046,2
P028,R0047,0
P028,R0048,1
P028,R0049,1
P028,R0050,1
P028,R0051,0
P028,R0052,0
P028,R0053,1
P028,R0054,1
P028,R0055,1
P028,R0056,1
P028,R0057,0
P028,R0058,1
P028,R0059,1
P028,R0060,0
P028,R0061,1
P028,R0062,0
P028,R0063,2
P028,R0064,0
P028,R0065,0
P028,R0066,1
P028,R0067,1
P028,R0068,1
P028,R0069,0
P028,R0070,1
P028,R0071,1
P028,R0072,1
P028,R0073,1
P028,R0074,1
P028,R0075,1
P028,R0076,1
P028,R0077,0
P028,R0078,2
P028,R0079,1
P028,R0080,2
P028,R0081,1
P028,R0082,0
P028,R0083,0
P028,R0084,1
P028,R0085,1
P028,R0086,2
P028,R0087,1
P028,R0088,1
P028,R0089,1
P028,R0090,1
P028,R0091,1
P028,R0092,1
P028,R0093,1
P028,R0094,0
P028,R0095,1
P028,R0096,0
P028,R0097,1
P028,R0098,0
P028,R0099,0
P028,R0100,1
P028,R0101,1
P028,R0102,1
P028,R0103,1
P028,R0104,0
P028,R0105,1
P028,R0106,0
P028,R0107,0
P028,R0108,1
P028,R0109,0
P028,R0110,2
P028,R0111,1
P028,R0112,1
P028,R0113,1
P028,R0114,1
P028,R0115,0
P028,R0116,0
P028,R0117,1
P028,R0118,1
P028,R0119,0
P028,R0120,1
P028,R0121,2
P028,R0122,0
P028,R0123,1
P028,R0124,2
P028,R0125,0
P028,R0126,1
P028,R0127,1
P028,R0128,1
P028,R0129,1
P028,R0130,1
P028,R0131,2
P028,R0132,0
P028,R0133,0
P028,R0134,1
P028,R0135,0
P028,R0136,1
P028,R0137,0
P028,R0138,0
P028,R0139,1
P028,R0140,1
P028,R0141,0
P028,R0142,2
P028,R0143,2
P028,R0144,1
P028,R0145,1
P028,R0146,0
P028,R0147,0
P028,R0148,1
P028,R0149,1
P028,R0150,1
P028,R0151,1
P028,R0152,1
P028,R0153,1
P028,R0154,1
P028,R0155,0
P028,R0156,1
P028,R0157,1
P028,R0158,1
P028,R0159,1
P028,R0160,0
P028,R0161,2
P028,R0162,1
P028,R0163,1
P028,R0164,1
P028,R0165,0
P028,R0166,0
P028,R0167,1
P028,R0168,1
P028,R0169,1
P028,R0170,1
P028,R0171,2
P028,R0172,0
P028,R0173,1
P028,R0174,1
P028,R0175,1
P028,R0176,1
P028,R0177,2
P028,R0178,1
P028,R0179,1
P028,R0180,0
P028,R0181,1
P028,R0182,2
P028,R0183,0
P028,R0184,0
P028,R0185,1
P028,R0186,1
P028,R0187,1
P028,R0188,0
P028,R0189,0
P028,R0190,2
P028,R0191,1
P028,R0192,1
P028,R0193,2
P028,R0194,0
P028,R0195,0
P028,R0196,1
P028,R0197,2
P028,R0198,1
P028,R0199,2
P028,R0200,1
P028,R0201,1
P028,R0202,0
P028,R0203,1
P028,R0204,1
P028,R0205,1
P028,R0206,2
P028,R0207,2
P028,R0208,2
P028,R0209,0
P028,R0210,0
P028,R0211,2
P028,R0212,0
P028,R0213,0
P028,R0214,0
P028,R0215,2
P028,R0216,1
P028,R0217,0
P028,R0218,0
P028,R0219,1
P028,R0220,2
P028,R0221,1
P028,R0222,0
P028,R0223,1
P028,R0224,1
P028,R0225,0
P028,R0226,0
P028,R0227,2
P028,R0228,1
P028,R0229,0
P028,R0230,2
P028,R0231,1
P028,R0232,2
P028,R0233,2
P028,R0234,1
P028,R0235,0
P028,R0236,1
P028,R0237,1
P028,R0238,1
P028,R0239,1
P028,R0240,2
P028,R0241,2
P028,R0242,1
P028,R0243,1
P028,R0244,1
P028,R0245,1
P028,R0246,1
P028,R0247,1
P028,R0248,1
P028,R0249,0
P028,R0250,1
P028,R0251,1
P028,R0252,0
P028,R0253,1
P028,R0254,0
P028,R0255,1
P028,R0256,0
P028,R0257,2
P028,R0258,1
P028,R0259,1
P028,R0260,2
P028,R0261,0
P028,R0262,1
P028,R0263,2
P028,R0264,1
P028,R0265,1
P028,R0266,1
P028,R0267,0
P028,R0268,0
P028,R0269,1
P028,R0270,1
P028,R0271,1
P028,R0272,0
P028,R0273,1
P028,R0274,0
P028,R0275,2
P028,R0276,0
P028,R0277,0
P028,R0278,1
P028,R0279,2
P028,R0280,0
P028,R0281,2
P028,R0282,1
P028,R0283,2
P028,R0284,1
P028,R0285,0
P028,R0286,0
P028,R0287,1
P028,R0288,1
P028,R0289,1
P028,R0290,1
P028,R0291,1
P028,R0292,1
P028,R0293,0
P028,R0294,2
P028,R0295,0
P028,R0296,1
P028,R0297,2
P028,R0298,1
P028,R0299,1
P028,R0300,1
P028,R0301,0
P028,R0302,1
P028,R0303,1
P028,R0304,1
P028,R0305,1
P028,R0306,1
P028,R0307,1
P028,R0308,0
P028,R0309,2
P028,R0310,2
P028,R0311,1
P028,R0312,0
P028,R0313,2
P028,R0314,0
P028,R0315,1
P028,R0316,0
P028,R0317,0
P028,R0318,0
P028,R0319,0
P028,R0320,1
P028,R0321,1
P028,R0322,1
P028,R0323,2
P028,R0324,1
P028,R0325,2
P028,R0326,0
P028,R0327,1
P028,R0328,1
P028,R0329,1
P028,R0330,0
P028,R0331,0
P028,R0332,1
P028,R0333,1
P028,R0334,1
P028,R0335,1
P028,R0336,2
P028,R0337,1
P028,R0338,1
P028,R0339,2
P028,R0340,1
P028,R0341,1
P028,R0342,1
P028,R0343,0
P028,R0344,0
P028,R0345,0
P028,R0346,0
P028,R0347,0
P028,R0348,1
P028,R0349,0
P028,R0350,1
P028,R0351,1
P028,R0352,1
P028,R0353,1
P028,R0354,1
P028,R0355,1
P028,R0356,1
P028,R0357,2
P028,R0358,2
P028,R0359,1
P028,R0360,1
P028,R0361,0
P028,R0362,1
P028,R0363,0
P028,R0364,0
P028,R0365,1
P028,R0366,0
P028,R0367,2
P028,R0368,2
P028,R0369,1
P028,R0370,1
P028,R0371,0
P028,R0372,2
P028,R0373,1
P028,R0374,0
P028,R0375,0
P028,R0376,1
P028,R0377,0
P028,R0378,2
P028,R0379,0
P028,R0380,1
P028,R0381,0
P028,R0382,0
P028,R0383,2
P028,R0384,2
P028,R0385,0
P028,R0386,1
P028,R0387,2
P028,R0388,0
P028,R0389,1
P028,R0390,1
P028,R0391,0
P028,R0392,2
P028,R0393,1
P028,R0394,0
P028,R0395,0
P028,R0396,2
P028,R0397,1
P028,R0398,1
P028,R0399,1
P028,R0400,0
P028,R0401,1
P028,R0402,1
P028,R0403,1
P028,R0404,2
P028,R0405,1
P028,R0406,0
P028,R0407,1
P028,R0408,0
P028,R0409,0
P028,R0410,0
P028,R0411,1
P028,R0412,1
P028,R0413,1
P028,R0414,1
P028,R0415,0
P028,R0416,0
P028,R0417,1
P028,R0418,0
P028,R0419,2
P028,R0420,1
P028,R0421,1
P028,R0422,1
P028,R0423,1
P028,R0424,0
P028,R0425,1
P028,R0426,1
P028,R0427,1
P028,R0428,0
P028,R0429,1
P028,R0430,1
P028,R0431,1
P028,R0432,2
P028,R0433,1
P028,R0434,0
P028,R0435,1
P028,R0436,1
P028,R0437,1
P028,R0438,1
P028,R0439,1
P028,R0440,1
P028,R0441,0
P028,R0442,1
P028,R0443,1
P028,R0444,1
P028,R0445,2
P028,R0446,2
P028,R0447,1
P028,R0448,1
P028,R0449,1
P028,R0450,1
P028,R0451,2
P028,R0452,0
P028,R0453,0
P028,R0454,0
P028,R0455,0
P028,R0456,2
P028,R0457,1
P028,R0458,1
P028,R0459,2
P028,R0460,0
P028,R0461,1
P028,R0462,1
P028,R0463,0
P028,R0464,0
P028,R0465,1
P028,R0466,0
P028,R0467,1
P028,R0468,2
P028,R0469,1
P028,R0470,1
P028,R0471,1
P028,R0472,1
P028,R0473,0
P028,R0474,1
P028,R0475,1
P028,R0476,1
P028,R0477,1
P028,R0478,1
P028,R0479,1
P028,R0480,0
P028,R0481,1
P028,R0482,0
P028,R0483,1
P028,R0484,1
P028,R0485,2
P028,R0486,1
P028,R0487,1
P028,R0488,0
P028,R0489,0
P028,R0490,0
P028,R0491,1
P028,R0492,0
P028,R0493,0
P028,R0494,0
P028,R0495,1
P028,R0496,1
P028,R0497,0
P028,R0498,1
P028,R0499,0
P028,R0500,0
P028,R0501,1
P028,R0502,2
P028,R0503,0
P028,R0504,0
P028,R0505,2
P028,R0506,1
P028,R0507,1
P028,R0508,0
P028,R0509,2
P028,R0510,0
P028,R0511,2
P028,R0512,0
P028,R0513,1
P028,R0514,1
P028,R0515,0
P028,R0516,1
P028,R0517,0
P028,R0518,1
P028,R0519,0
P028,R0520,2
P028,R0521,0
P028,R0522,0
P028,R0523,2
P028,R0524,0
P028,R0525,0
P028,R0526,0
P028,R0527,1
P028,R0528,1
P028,R0529,1
P028,R0530,0
P028,R0531,2
P028,R0532,1
P028,R0533,2
P028,R0534,2
P028,R0535,1
P028,R0536,0
P028,R0537,1
P028,R0538,0
P028,R0539,1
P028,R0540,1
P028,R0541,1
P028,R0542,1
P028,R0543,2
P028,R0544,0
P028,R0545,1
P028,R0546,1
P028,R0547,1
P028,R0548,0
P028,R0549,1
P028,R0550,1
P028,R0551,0
P028,R0552,1
P028,R0553,0
P028,R0554,1
P028,R0555,2
P028,R0556,1
P028,R0557,0
P028,R0558,1
P028,R0559,1
P028,R0560,2
P028,R0561,0
P028,R0562,1
P028,R0563,1
P028,R0564,1
P028,R0565,1
P028,R0566,1
P028,R0567,2
P028,R0568,1
P028,R0569,1
P028,R0570,1
P028,R0571,1
P028,R0572,1
P028,R0573,0
P028,R0574,1
P028,R0575,0
P028,R0576,1
P028,R0577,2
P028,R0578,0
P028,R0579,1
P028,R0580,1
P028,R0581,0
P028,R0582,1
P028,R0583,1
P028,R0584,0
P028,R0585,1
P028,R0586,1
P028,R0587,1
P028,R0588,1
P028,R0589,1
P028,R0590,2
P028,R0591,0
P028,R0592,0
P028,R0593,1
P028,R0594,0
P028,R0595,0
P028,R0596,1
P028,R0597,1
P028,R0598,2
P028,R0599,1
P028,R0600,1
P029,R0001,0
P029,R0002,1
P029,R0003,0
P029,R0004,1
P029,R0005,0
P029,R0006,0
P029,R0007,1
P029,R0008,2
P029,R0009,0
P029,R0010,2
P029,R0011,2
P029,R0012,2
P029,R0013,0
P029,R0014,2
P029,R0015,0
P029,R0016,2
P029,R0017,2
P029,R0018,2
P029,R0019,0
P029,R0020,2
P029,R0021,0
P029,R0022,2
P029,R0023,0
P029,R0024,2
P029,R0025,2
P029,R0026,0
P029,R0027,2
P029,R0028,2
P029,R0029,2
P029,R0030,2
P029,R0031,0
P029,R0032,0
P029,R0033,2
P029,R0034,0
P029,R0035,0
P029,R0036,1
P029,R0037,0
P029,R0038,0
P029,R0039,0
P029,R0040,0
P029,R0041,0
P029,R0042,2
P029,R0043,2
P029,R0044,0
P029,R0045,0
P029,R0046,2
P029,R0047,0
P029,R0048,0
P029,R0049,1
P029,R0050,0
P029,R0051,0
P029,R0052,0
P029,R0053,0
P029,R0054,0
P029,R0055,2
P029,R0056,2
P029,R0057,2
P029,R0058,2
P029,R0059,2
P029,R0060,2
P029,R0061,0
P029,R0062,0
P029,R0063,0
P029,R0064,0
P029,R0065,0
P029,R0066,0
P029,R0067,0
P029,R0068,1
P029,R0069,0
P029,R0070,0
P029,R0071,0
P029,R0072,1
P029,R0073,1
P029,R0074,1
P029,R0075,0
P029,R0076,0
P029,R0077,2
P029,R0078,2
P029,R0079,2
P029,R0080,2
P029,R0081,2
P029,R0082,2
P029,R0083,0
P029,R0084,1
P029,R0085,2
P029,R0086,2
P029,R0087,0
P029,R0088,0
P029,R0089,0
P029,R0090,1
P029,R0091,0
P029,R0092,1
P029,R0093,0
P029,R0094,0
P029,R0095,0
P029,R0096,2
P029,R0097,2
P029,R0098,0
P029,R0099,2
P029,R0100,2
P029,R0101,0
P029,R0102,0
P029,R0103,0
P029,R0104,0
P029,R0105,2
P029,R0106,1
P029,R0107,0
P029,R0108,0
P029,R0109,0
P029,R0110,2
P029,R0111,0
P029,R0112,0
P029,R0113,2
P029,R0114,0
P029,R0115,0
P029,R0116,1
P029,R0117,2
P029,R0118,1
P029,R0119,0
P029,R0120,2
P029,R0121,1
P029,R0122,2
P029,R0123,0
P029,R0124,2
P029,R0125,0
P029,R0126,0
P029,R0127,0
P029,R0128,0
P029,R0129,2
P029,R0130,2
P029,R0131,2
P029,R0132,0
P029,R0133,2
P029,R0134,0
P029,R0135,2
P029,R0136,0
P029,R0137,0
P029,R0138,1
P029,R0139,0
P029,R0140,0
P029,R0141,0
P029,R0142,2
P029,R0143,0
P029,R0144,0
P029,R0145,0
P029,R0146,2
P029,R0147,2
P029,R0148,2
P029,R0149,0
P029,R0150,0
P029,R0151,2
P029,R0152,2
P029,R0153,2
P029,R0154,0
P029,R0155,0
P029,R0156,1
P029,R0157,0
P029,R0158,0
P029,R0159,0
P029,R0160,0
P029,R0161,2
P029,R0162,0
P029,R0163,0
P029,R0164,1
P029,R0165,0
P029,R0166,0
P029,R0167,1
P029,R0168,1
P029,R0169,0
P029,R0170,0
P029,R0171,2
P029,R0172,0
P029,R0173,0
P029,R0174,0
P029,R0175,0
P029,R0176,1
P029,R0177,2
P029,R0178,2
P029,R0179,1
P029,R0180,0
P029,R0181,0
P029,R0182,0
P029,R0183,2
P029,R0184,0
P029,R0185,0
P029,R0186,2
P029,R0187,0
P029,R0188,0
P029,R0189,0
P029,R0190,2
P029,R0191,0
P029,R0192,2
P029,R0193,0
P029,R0194,0
P029,R0195,1
P029,R0196,2
P029,R0197,0
P029,R0198,1
P029,R0199,0
P029,R0200,2
P029,R0201,0
P029,R0202,2
P029,R0203,0
P029,R0204,0
P029,R0205,0
P029,R0206,0
P029,R0207,2
P029,R0208,0
P029,R0209,0
P029,R0210,1
P029,R0211,2
P029,R0212,2
P029,R0213,0
P029,R0214,1
P029,R0215,2
P029,R0216,2
P029,R0217,0
P029,R0218,0
P029,R0219,2
P029,R0220,2
P029,R0221,1
P029,R0222,2
P029,R0223,0
P029,R0224,1
P029,R0225,0
P029,R0226,2
P029,R0227,0
P029,R0228,0
P029,R0229,2
P029,R0230,0
P029,R0231,0
P029,R0232,2
P029,R0233,1
P029,R0234,1
P029,R0235,2
P029,R0236,0
P029,R0237,1
P029,R0238,0
P029,R0239,1
P029,R0240,0
P029,R0241,0
P029,R0242,0
P029,R0243,0
P029,R0244,0
P029,R0245,1
P029,R0246,0
P029,R0247,0
P029,R0248,0
P029,R0249,2
P029,R0250,2
P029,R0251,0
P029,R0252,2
P029,R0253,0
P029,R0254,0
P029,R0255,0
P029,R0256,2
P029,R0257,2
P029,R0258,0
P029,R0259,0
P029,R0260,2
P029,R0261,2
P029,R0262,0
P029,R0263,2
P029,R0264,1
P029,R0265,0
P029,R0266,0
P029,R0267,0
P029,R0268,2
P029,R0269,2
P029,R0270,0
P029,R0271,2
P029,R0272,0
P029,R0273,1
P029,R0274,0
P029,R0275,0
P029,R0276,0
P029,R0277,0
P029,R0278,2
P029,R0279,0
P029,R0280,1
P029,R0281,2
P029,R0282,0
P029,R0283,2
P029,R0284,0
P029,R0285,0
P029,R0286,0
P029,R0287,0
P029,R0288,1
P029,R0289,0
P029,R0290,1
P029,R0291,0
P029,R0292,0
P029,R0293,0
P029,R0294,2
P029,R0295,2
P029,R0296,1
P029,R0297,2
P029,R0298,0
P029,R0299,1
P029,R0300,2
P029,R0301,0
P029,R0302,0
P029,R0303,0
P029,R0304,0
P029,R0305,2
P029,R0306,2
P029,R0307,2
P029,R0308,2
P029,R0309,2
P029,R0310,2
P029,R0311,0
P029,R0312,0
P029,R0313,2
P029,R0314,1
P029,R0315,2
P029,R0316,2
P029,R0317,2
P029,R0318,0
P029,R0319,0
P029,R0320,0
P029,R0321,0
P029,R0322,2
P029,R0323,2
P029,R0324,0
P029,R0325,1
P029,R0326,0
P029,R0327,0
P029,R0328,0
P029,R0329,0
P029,R0330,2
P029,R0331,1
P029,R0332,0
P029,R0333,0
P029,R0334,1
P029,R0335,0
P029,R0336,2
P029,R0337,0
P029,R0338,1
P029,R0339,2
P029,R0340,0
P029,R0341,2
P029,R0342,0
P029,R0343,2
P029,R0344,0
P029,R0345,0
P029,R0346,1
P029,R0347,0
P029,R0348,2
P029,R0349,0
P029,R0350,1
P029,R0351,0
P029,R0352,1
P029,R0353,2
P029,R0354,2
P029,R0355,0
P029,R0356,1
P029,R0357,2
P029,R0358,2
P029,R0359,0
P029,R0360,1
P029,R0361,0
P029,R0362,0
P029,R0363,2
P029,R0364,0
P029,R0365,0
P029,R0366,2
P029,R0367,2
P029,R0368,0
P029,R0369,0
P029,R0370,1
P029,R0371,2
P029,R0372,2
P029,R0373,1
P029,R0374,0
P029,R0375,2
P029,R0376,0
P029,R0377,1
P029,R0378,2
P029,R0379,0
P029,R0380,0
P029,R0381,1
P029,R0382,2
P029,R0383,0
P029,R0384,0
P029,R0385,0
P029,R0386,0
P029,R0387,2
P029,R0388,0
P029,R0389,0
P029,R0390,1
P029,R0391,1
P029,R0392,0
P029,R0393,1
P029,R0394,2
P029,R0395,1
P029,R0396,2
P029,R0397,2
P029,R0398,2
P029,R0399,0
P029,R0400,0
P029,R0401,0
P029,R0402,0
P029,R0403,0
P029,R0404,2
P029,R0405,0
P029,R0406,2
P029,R0407,2
P029,R0408,0
P029,R0409,1
P029,R0410,2
P029,R0411,0
P029,R0412,2
P029,R0413,0
P029,R0414,0
P029,R0415,2
P029,R0416,2
P029,R0417,0
P029,R0418,0
P029,R0419,2
P029,R0420,0
P029,R0421,0
P029,R0422,1
P029,R0423,2
P029,R0424,0
P029,R0425,2
P029,R0426,2
P029,R0427,0
P029,R0428,0
P029,R0429,1
P029,R0430,0
P029,R0431,0
P029,R0432,2
P029,R0433,2
P029,R0434,0
P029,R0435,0
P029,R0436,1
P029,R0437,0
P029,R0438,0
P029,R0439,2
P029,R0440,0
P029,R0441,2
P029,R0442,2
P029,R0443,0
P029,R0444,1
P029,R0445,0
P029,R0446,2
P029,R0447,0
P029,R0448,0
P029,R0449,2
P029,R0450,1
P029,R0451,2
P029,R0452,0
P029,R0453,2
P029,R0454,0
P029,R0455,2
P029,R0456,2
P029,R0457,0
P029,R0458,1
P029,R0459,2
P029,R0460,2
P029,R0461,0
P029,R0462,2
P029,R0463,0
P029,R0464,1
P029,R0465,0
P029,R0466,2
P029,R0467,2
P029,R0468,1
P029,R0469,0
P029,R0470,2
P029,R0471,0
P029,R0472,2
P029,R0473,2
P029,R0474,0
P029,R0475,0
P029,R0476,1
P029,R0477,0
P029,R0478,1
P029,R0479,0
P029,R0480,0
P029,R0481,2
P029,R0482,0
P029,R0483,0
P029,R0484,0
P029,R0485,2
P029,R0486,2
P029,R0487,2
P029,R0488,2
P029,R0489,0
P029,R0490,0
P029,R0491,0
P029,R0492,2
P029,R0493,2
P029,R0494,2
P029,R0495,0
P029,R0496,2
P029,R0497,2
P029,R0498,1
P029,R0499,2
P029,R0500,2
P029,R0501,0
P029,R0502,2
P029,R0503,2
P029,R0504,2
P029,R0505,0
P029,R0506,2
P029,R0507,1
P029,R0508,1
P029,R0509,2
P029,R0510,0
P029,R0511,2
P029,R0512,0
P029,R0513,2
P029,R0514,0
P029,R0515,2
P029,R0516,0
P029,R0517,2
P029,R0518,0
P029,R0519,1
P029,R0520,0
P029,R0521,1
P029,R0522,1
P029,R0523,2
P029,R0524,2
P029,R0525,0
P029,R0526,0
P029,R0527,0
P029,R0528,0
P029,R0529,0
P029,R0530,2
P029,R0531,2
P029,R0532,0
P029,R0533,2
P029,R0534,2
P029,R0535,0
P029,R0536,0
P029,R0537,0
P029,R0538,2
P029,R0539,2
P029,R0540,0
P029,R0541,2
P029,R0542,0
P029,R0543,2
P029,R0544,2
P029,R0545,2
P029,R0546,1
P029,R0547,0
P029,R0548,2
P029,R0549,1
P029,R0550,1
P029,R0551,2
P029,R0552,0
P029,R0553,2
P029,R0554,0
P029,R0555,2
P029,R0556,0
P029,R0557,0
P029,R0558,0
P029,R0559,0
P029,R0560,0
P029,R0561,0
P029,R0562,1
P029,R0563,2
P029,R0564,0
P029,R0565,2
P029,R0566,0
P029,R0567,2
P029,R0568,1
P029,R0569,0
P029,R0570,0
P029,R0571,0
P029,R0572,1
P029,R0573,0
P029,R0574,0
P029,R0575,0
P029,R0576,0
P029,R0577,2
P029,R0578,0
P029,R0579,2
P029,R0580,1
P029,R0581,2
P029,R0582,0
P029,R0583,2
P029,R0584,2
P029,R0585,0
P029,R0586,1
P029,R0587,0
P029,R0588,0
P029,R0589,2
P029,R0590,2
P029,R0591,0
P029,R0592,1
P029,R0593,0
P029,R0594,2
P029,R0595,0
P029,R0596,0
P029,R0597,1
P029,R0598,2
P029,R0599,0
P029,R0600,0
P030,R0001,2
P030,R0002,0
P030,R0003,1
P030,R0004,0
P030,R0005,2
P030,R0006,0
P030,R0007,0
P030,R0008,0
P030,R0009,0
P030,R0010,1
P030,R0011,1
P030,R0012,1
P030,R0013,0
P030,R0014,0
P030,R0015,1
P030,R0016,1
P030,R0017,1
P030,R0018,1
P030,R0019,1
P030,R0020,2
P030,R0021,0
P030,R0022,1
P030,R0023,0
P030,R0024,0
P030,R0025,1
P030,R0026,0
P030,R0027,1
P030,R0028,0
P030,R0029,0
P030,R0030,1
P030,R0031,0
P030,R0032,0
P030,R0033,2
P030,R0034,2
P030,R0035,0
P030,R0036,0
P030,R0037,0
P030,R0038,0
P030,R0039,2
P030,R0040,2
P030,R0041,0
P030,R0042,0
P030,R0043,1
P030,R0044,0
P030,R0045,0
P030,R0046,1
P030,R0047,1
P030,R0048,1
P030,R0049,0
P030,R0050,2
P030,R0051,2
P030,R0052,2
P030,R0053,2
P030,R0054,0
P030,R0055,1
P030,R0056,0
P030,R0057,1
P030,R0058,0
P030,R0059,2
P030,R0060,0
P030,R0061,1
P030,R0062,2
P030,R0063,0
P030,R0064,2
P030,R0065,2
P030,R0066,0
P030,R0067,2
P030,R0068,0
P030,R0069,1
P030,R0070,0
P030,R0071,1
P030,R0072,0
P030,R0073,0
P030,R0074,0
P030,R0075,0
P030,R0076,1
P030,R0077,0
P030,R0078,1
P030,R0079,0
P030,R0080,1
P030,R0081,2
P030,R0082,2
P030,R0083,2
P030,R0084,0
P030,R0085,0
P030,R0086,1
P030,R0087,2
P030,R0088,0
P030,R0089,0
P030,R0090,0
P030,R0091,0
P030,R0092,1
P030,R0093,1
P030,R0094,2
P030,R0095,2
P030,R0096,1
P030,R0097,0
P030,R0098,0
P030,R0099,2
P030,R0100,0
P030,R0101,0
P030,R0102,0
P030,R0103,0
P030,R0104,2
P030,R0105,2
P030,R0106,0
P030,R0107,0
P030,R0108,1
P030,R0109,2
P030,R0110,1
P030,R0111,2
P030,R0112,0
P030,R0113,0
P030,R0114,0
P030,R0115,0
P030,R0116,0
P030,R0117,1
P030,R0118,0
P030,R0119,1
P030,R0120,1
P030,R0121,0
P030,R0122,1
P030,R0123,1
P030,R0124,1
P030,R0125,2
P030,R0126,0
P030,R0127,0
P030,R0128,2
P030,R0129,0
P030,R0130,0
P030,R0131,1
P030,R0132,0
P030,R0133,0
P030,R0134,1
P030,R0135,1
P030,R0136,0
P030,R0137,0
P030,R0138,1
P030,R0139,2
P030,R0140,0
P030,R0141,2
P030,R0142,1
P030,R0143,0
P030,R0144,0
P030,R0145,0
P030,R0146,0
P030,R0147,0
P030,R0148,0
P030,R0149,0
P030,R0150,0
P030,R0151,1
P030,R0152,1
P030,R0153,0
P030,R0154,1
P030,R0155,1
P030,R0156,1
P030,R0157,1
P030,R0158,0
P030,R0159,0
P030,R0160,0
P030,R0161,1
P030,R0162,2
P030,R0163,2
P030,R0164,2
P030,R0165,0
P030,R0166,1
P030,R0167,0
P030,R0168,0
P030,R0169,1
P030,R0170,1
P030,R0171,1
P030,R0172,0
P030,R0173,2
P030,R0174,0
P030,R0175,2
P030,R0176,0
P030,R0177,1
P030,R0178,0
P030,R0179,0
P030,R0180,0
P030,R0181,0
P030,R0182,0
P030,R0183,1
P030,R0184,1
P030,R0185,1
P030,R0186,2
P030,R0187,0
P030,R0188,1
P030,R0189,0
P030,R0190,1
P030,R0191,1
P030,R0192,1
P030,R0193,0
P030,R0194,0
P030,R0195,0
P030,R0196,0
P030,R0197,0
P030,R0198,0
P030,R0199,1
P030,R0200,1
P030,R0201,0
P030,R0202,1
P030,R0203,0
P030,R0204,0
P030,R0205,1
P030,R0206,0
P030,R0207,2
P030,R0208,0
P030,R0209,0
P030,R0210,0
P030,R0211,1
P030,R0212,1
P030,R0213,0
P030,R0214,0
P030,R0215,1
P030,R0216,1
P030,R0217,0
P030,R0218,0
P030,R0219,0
P030,R0220,1
P030,R0221,0
P030,R0222,1
P030,R0223,1
P030,R0224,0
P030,R0225,1
P030,R0226,0
P030,R0227,1
P030,R0228,0
P030,R0229,1
P030,R0230,1
P030,R0231,2
P030,R0232,0
P030,R0233,0
P030,R0234,0
P030,R0235,2
P030,R0236,0
P030,R0237,2
P030,R0238,0
P030,R0239,0
P030,R0240,0
P030,R0241,0
P030,R0242,1
P030,R0243,0
P030,R0244,0
P030,R0245,1
P030,R0246,0
P030,R0247,0
P030,R0248,0
P030,R0249,1
P030,R0250,1
P030,R0251,0
P030,R0252,1
P030,R0253,0
P030,R0254,2
P030,R0255,0
P030,R0256,1
P030,R0257,1
P030,R0258,2
P030,R0259,0
P030,R0260,1
P030,R0261,0
P030,R0262,2
P030,R0263,1
P030,R0264,0
P030,R0265,2
P030,R0266,0
P030,R0267,2
P030,R0268,1
P030,R0269,0
P030,R0270,1
P030,R0271,1
P030,R0272,1
P030,R0273,0
P030,R0274,1
P030,R0275,0
P030,R0276,1
P030,R0277,0
P030,R0278,1
P030,R0279,0
P030,R0280,1
P030,R0281,1
P030,R0282,1
P030,R0283,2
P030,R0284,2
P030,R0285,0
P030,R0286,2
P030,R0287,2
P030,R0288,0
P030,R0289,2
P030,R0290,0
P030,R0291,0
P030,R0292,0
P030,R0293,2
P030,R0294,1
P030,R0295,1
P030,R0296,0
P030,R0297,1
P030,R0298,1
P030,R0299,0
P030,R0300,2
P030,R0301,0
P030,R0302,0
P030,R0303,2
P030,R0304,0
P030,R0305,0
P030,R0306,1
P030,R0307,0
P030,R0308,0
P030,R0309,1
P030,R0310,1
P030,R0311,2
P030,R0312,1
P030,R0313,1
P030,R0314,0
P030,R0315,0
P030,R0316,0
P030,R0317,0
P030,R0318,0
P030,R0319,0
P030,R0320,2
P030,R0321,0
P030,R0322,0
P030,R0323,1
P030,R0324,1
P030,R0325,0
P030,R0326,0
P030,R0327,0
P030,R0328,1
P030,R0329,0
P030,R0330,0
P030,R0331,0
P030,R0332,1
P030,R0333,0
P030,R0334,0
P030,R0335,0
P030,R0336,1
P030,R0337,1
P030,R0338,0
P030,R0339,1
P030,R0340,2
P030,R0341,2
P030,R0342,0
P030,R0343,1
P030,R0344,0
P030,R0345,0
P030,R0346,0
P030,R0347,0
P030,R0348,1
P030,R0349,0
P030,R0350,0
P030,R0351,0
P030,R0352,0
P030,R0353,0
P030,R0354,0
P030,R0355,0
P030,R0356,0
P030,R0357,1
P030,R0358,1
P030,R0359,2
P030,R0360,0
P030,R0361,1
P030,R0362,2
P030,R0363,1
P030,R0364,2
P030,R0365,0
P030,R0366,1
P030,R0367,1
P030,R0368,1
P030,R0369,1
P030,R0370,0
P030,R0371,1
P030,R0372,1
P030,R0373,0
P030,R0374,2
P030,R0375,0
P030,R0376,0
P030,R0377,0
P030,R0378,1
P030,R0379,0
P030,R0380,0
P030,R0381,0
P030,R0382,1
P030,R0383,0
P030,R0384,0
P030,R0385,1
P030,R0386,0
P030,R0387,1
P030,R0388,2
P030,R0389,0
P030,R0390,1
P030,R0391,2
P030,R0392,0
P030,R0393,0
P030,R0394,0
P030,R0395,1
P030,R0396,1
P030,R0397,2
P030,R0398,0
P030,R0399,1
P030,R0400,1
P030,R0401,0
P030,R0402,0
P030,R0403,2
P030,R0404,1
P030,R0405,2
P030,R0406,0
P030,R0407,0
P030,R0408,0
P030,R0409,2
P030,R0410,0
P030,R0411,1
P030,R0412,1
P030,R0413,0
P030,R0414,0
P030,R0415,1
P030,R0416,1
P030,R0417,1
P030,R0418,0
P030,R0419,1
P030,R0420,2
P030,R0421,2
P030,R0422,0
P030,R0423,0
P030,R0424,0
P030,R0425,0
P030,R0426,0
P030,R0427,0
P030,R0428,0
P030,R0429,0
P030,R0430,0
P030,R0431,2
P030,R0432,1
P030,R0433,1
P030,R0434,0
P030,R0435,0
P030,R0436,0
P030,R0437,0
P030,R0438,1
P030,R0439,2
P030,R0440,2
P030,R0441,0
P030,R0442,1
P030,R0443,0
P030,R0444,0
P030,R0445,0
P030,R0446,1
P030,R0447,2
P030,R0448,2
P030,R0449,0
P030,R0450,1
P030,R0451,2
P030,R0452,0
P030,R0453,0
P030,R0454,0
P030,R0455,1
P030,R0456,1
P030,R0457,0
P030,R0458,0
P030,R0459,1
P030,R0460,1
P030,R0461,1
P030,R0462,0
P030,R0463,0
P030,R0464,0
P030,R0465,1
P030,R0466,1
P030,R0467,0
P030,R0468,0
P030,R0469,1
P030,R0470,0
P030,R0471,0
P030,R0472,2
P030,R0473,1
P030,R0474,2
P030,R0475,1
P030,R0476,0
P030,R0477,1
P030,R0478,2
P030,R0479,2
P030,R0480,1
P030,R0481,0
P030,R0482,0
P030,R0483,1
P030,R0484,2
P030,R0485,1
P030,R0486,2
P030,R0487,1
P030,R0488,1
P030,R0489,2
P030,R0490,2
P030,R0491,1
P030,R0492,1
P030,R0493,1
P030,R0494,1
P030,R0495,0
P030,R0496,1
P030,R0497,1
P030,R0498,2
P030,R0499,1
P030,R0500,2
P030,R0501,2
P030,R0502,1
P030,R0503,1
P030,R0504,1
P030,R0505,0
P030,R0506,0
P030,R0507,0
P030,R0508,0
P030,R0509,1
P030,R0510,0
P030,R0511,1
P030,R0512,0
P030,R0513,0
P030,R0514,0
P030,R0515,0
P030,R0516,0
P030,R0517,0
P030,R0518,0
P030,R0519,1
P030,R0520,0
P030,R0521,0
P030,R0522,0
P030,R0523,2
P030,R0524,1
P030,R0525,0
P030,R0526,0
P030,R0527,1
P030,R0528,0
P030,R0529,2
P030,R0530,0
P030,R0531,1
P030,R0532,1
P030,R0533,1
P030,R0534,1
P030,R0535,0
P030,R0536,0
P030,R0537,2
P030,R0538,0
P030,R0539,0
P030,R0540,0
P030,R0541,0
P030,R0542,1
P030,R0543,1
P030,R0544,1
P030,R0545,0
P030,R0546,0
P030,R0547,0
P030,R0548,0
P030,R0549,0
P030,R0550,0
P030,R0551,1
P030,R0552,2
P030,R0553,1
P030,R0554,0
P030,R0555,1
P030,R0556,0
P030,R0557,2
P030,R0558,0
P030,R0559,2
P030,R0560,0
P030,R0561,0
P030,R0562,0
P030,R0563,0
P030,R0564,0
P030,R0565,1
P030,R0566,2
P030,R0567,1
P030,R0568,0
P030,R0569,0
P030,R0570,0
P030,R0571,2
P030,R0572,1
P030,R0573,1
P030,R0574,0
P030,R0575,0
P030,R0576,0
P030,R0577,1
P030,R0578,1
P030,R0579,0
P030,R0580,0
P030,R0581,1
P030,R0582,1
P030,R0583,0
P030,R0584,2
P030,R0585,2
P030,R0586,0
P030,R0587,0
P030,R0588,0
P030,R0589,0
P030,R0590,1
P030,R0591,1
P030,R0592,0
P030,R0593,0
P030,R0594,1
P030,R0595,0
P030,R0596,0
P030,R0597,0
P030,R0598,1
P030,R0599,2
P030,R0600,0
P031,R0001,1
P031,R0002,0
P031,R0003,2
P031,R0004,1
P031,R0005,1
P031,R0006,1
P031,R0007,1
P031,R0008,1
P031,R0009,0
P031,R0010,1
P031,R0011,0
P031,R0012,1
P031,R0013,1
P031,R0014,0
P031,R0015,0
P031,R0016,1
P031,R0017,1
P031,R0018,1
P031,R0019,1
P031,R0020,1
P031,R0021,0
P031,R0022,0
P031,R0023,1
P031,R0024,0
P031,R0025,0
P031,R0026,1
P031,R0027,1
P031,R0028,0
P031,R0029,1
P031,R0030,2
P031,R0031,1
P031,R0032,0
P031,R0033,1
P031,R0034,1
P031,R0035,1
P031,R0036,1
P031,R0037,0
P031,R0038,0
P031,R0039,1
P031,R0040,0
P031,R0041,0
P031,R0042,1
P031,R0043,1
P031,R0044,0
P031,R0045,1
P031,R0046,1
P031,R0047,0
P031,R0048,1
P031,R0049,1
P031,R0050,1
P031,R0051,0
P031,R0052,0
P031,R0053,2
P031,R0054,1
P031,R0055,1
P031,R0056,1
P031,R0057,0
P031,R0058,1
P031,R0059,1
P031,R0060,0
P031,R0061,1
P031,R0062,0
P031,R0063,1
P031,R0064,0
P031,R0065,0
P031,R0066,1
P031,R0067,1
P031,R0068,1
P031,R0069,0
P031,R0070,1
P031,R0071,1
P031,R0072,1
P031,R0073,1
P031,R0074,1
P031,R0075,1
P031,R0076,1
P031,R0077,0
P031,R0078,1
P031,R0079,1
P031,R0080,1
P031,R0081,1
P031,R0082,0
P031,R0083,0
P031,R0084,1
P031,R0085,1
P031,R0086,1
P031,R0087,1
P031,R0088,2
P031,R0089,1
P031,R0090,1
P031,R0091,1
P031,R0092,1
P031,R0093,2
P031,R0094,0
P031,R0095,1
P031,R0096,0
P031,R0097,1
P031,R0098,0
P031,R0099,0
P031,R0100,1
P031,R0101,1
P031,R0102,2
P031,R0103,1
P031,R0104,0
P031,R0105,1
P031,R0106,0
P031,R0107,0
P031,R0108,1
P031,R0109,0
P031,R0110,2
P031,R0111,1
P031,R0112,2
P031,R0113,1
P031,R0114,1
P031,R0115,0
P031,R0116,0
P031,R0117,1
P031,R0118,1
P031,R0119,0
P031,R0120,1
P031,R0121,1
P031,R0122,0
P031,R0123,1
P031,R0124,1
P031,R0125,0
P031,R0126,1
P031,R0127,1
P031,R0128,1
P031,R0129,1
P031,R0130,1
P031,R0131,1
P031,R0132,0
P031,R0133,0
P031,R0134,1
P031,R0135,0
P031,R0136,2
P031,R0137,0
P031,R0138,0
P031,R0139,1
P031,R0140,1
P031,R0141,0
P031,R0142,1
P031,R0143,1
P031,R0144,1
P031,R0145,1
P031,R0146,0
P031,R0147,0
P031,R0148,1
P031,R0149,1
P031,R0150,1
P031,R0151,1
P031,R0152,1
P031,R0153,1
P031,R0154,1
P031,R0155,0
P031,R0156,1
P031,R0157,1
P031,R0158,2
P031,R0159,1
P031,R0160,0
P031,R0161,1
P031,R0162,1
P031,R0163,1
P031,R0164,1
P031,R0165,0
P031,R0166,0
P031,R0167,2
P031,R0168,1
P031,R0169,2
P031,R0170,2
P031,R0171,1
P031,R0172,0
P031,R0173,2
P031,R0174,1
P031,R0175,1
P031,R0176,1
P031,R0177,1
P031,R0178,1
P031,R0179,1
P031,R0180,0
P031,R0181,1
P031,R0182,1
P031,R0183,0
P031,R0184,0
P031,R0185,1
P031,R0186,1
P031,R0187,1
P031,R0188,0
P031,R0189,0
P031,R0190,1
P031,R0191,1
P031,R0192,1
P031,R0193,1
P031,R0194,0
P031,R0195,0
P031,R0196,1
P031,R0197,1
P031,R0198,1
P031,R0199,1
P031,R0200,1
P031,R0201,2
P031,R0202,0
P031,R0203,1
P031,R0204,2
P031,R0205,2
P031,R0206,2
P031,R0207,1
P031,R0208,1
P031,R0209,0
P031,R0210,0
P031,R0211,1
P031,R0212,0
P031,R0213,0
P031,R0214,0
P031,R0215,2
P031,R0216,1
P031,R0217,0
P031,R0218,0
P031,R0219,1
P031,R0220,1
P031,R0221,1
P031,R0222,0
P031,R0223,1
P031,R0224,1
P031,R0225,0
P031,R0226,0
P031,R0227,1
P031,R0228,2
P031,R0229,0
P031,R0230,1
P031,R0231,1
P031,R0232,1
P031,R0233,1
P031,R0234,1
P031,R0235,0
P031,R0236,1
P031,R0237,1
P031,R0238,1
P031,R0239,2
P031,R0240,2
P031,R0241,1
P031,R0242,1
P031,R0243,1
P031,R0244,1
P031,R0245,1
P031,R0246,2
P031,R0247,2
P031,R0248,1
P031,R0249,0
P031,R0250,1
P031,R0251,2
P031,R0252,0
P031,R0253,1
P031,R0254,0
P031,R0255,1
P031,R0256,0
P031,R0257,1
P031,R0258,1
P031,R0259,1
P031,R0260,2
P031,R0261,0
P031,R0262,1
P031,R0263,1
P031,R0264,1
P031,R0265,2
P031,R0266,1
P031,R0267,0
P031,R0268,0
P031,R0269,1
P031,R0270,1
P031,R0271,1
P031,R0272,0
P031,R0273,1
P031,R0274,0
P031,R0275,1
P031,R0276,0
P031,R0277,0
P031,R0278,1
P031,R0279,1
P031,R0280,0
P031,R0281,2
P031,R0282,1
P031,R0283,1
P031,R0284,1
P031,R0285,0
P031,R0286,0
P031,R0287,1
P031,R0288,1
P031,R0289,1
P031,R0290,2
P031,R0291,1
P031,R0292,1
P031,R0293,0
P031,R0294,1
P031,R0295,0
P031,R0296,1
P031,R0297,1
P031,R0298,2
P031,R0299,2
P031,R0300,1
P031,R0301,0
P031,R0302,2
P031,R0303,1
P031,R0304,1
P031,R0305,2
P031,R0306,1
P031,R0307,2
P031,R0308,0
P031,R0309,1
P031,R0310,1
P031,R0311,1
P031,R0312,0
P031,R0313,2
P031,R0314,0
P031,R0315,1
P031,R0316,0
P031,R0317,0
P031,R0318,0
P031,R0319,0
P031,R0320,1
P031,R0321,1
P031,R0322,1
P031,R0323,1
P031,R0324,2
P031,R0325,1
P031,R0326,0
P031,R0327,1
P031,R0328,1
P031,R0329,2
P031,R0330,0
P031,R0331,0
P031,R0332,1
P031,R0333,1
P031,R0334,1
P031,R0335,1
P031,R0336,1
P031,R0337,1
P031,R0338,1
P031,R0339,1
P031,R0340,1
P031,R0341,1
P031,R0342,1
P031,R0343,0
P031,R0344,0
P031,R0345,0
P031,R0346,0
P031,R0347,0
P031,R0348,1
P031,R0349,0
P031,R0350,1
P031,R0351,1
P031,R0352,1
P031,R0353,1
P031,R0354,1
P031,R0355,1
P031,R0356,1
P031,R0357,1
P031,R0358,1
P031,R0359,1
P031,R0360,1
P031,R0361,0
P031,R0362,1
P031,R0363,0
P031,R0364,0
P031,R0365,1
P031,R0366,0
P031,R0367,1
P031,R0368,1
P031,R0369,2
P031,R0370,1
P031,R0371,0
P031,R0372,2
P031,R0373,2
P031,R0374,0
P031,R0375,0
P031,R0376,1
P031,R0377,0
P031,R0378,1
P031,R0379,0
P031,R0380,1
P031,R0381,0
P031,R0382,0
P031,R0383,1
P031,R0384,1
P031,R0385,0
P031,R0386,1
P031,R0387,1
P031,R0388,0
P031,R0389,1
P031,R0390,1
P031,R0391,0
P031,R0392,2
P031,R0393,1
P031,R0394,0
P031,R0395,0
P031,R0396,1
P031,R0397,1
P031,R0398,1
P031,R0399,1
P031,R0400,0
P031,R0401,1
P031,R0402,1
P031,R0403,1
P031,R0404,1
P031,R0405,1
P031,R0406,0
P031,R0407,1
P031,R0408,0
P031,R0409,0
P031,R0410,0
P031,R0411,1
P031,R0412,1
P031,R0413,2
P031,R0414,2
P031,R0415,0
P031,R0416,0
P031,R0417,1
P031,R0418,0
P031,R0419,1
P031,R0420,1
P031,R0421,1
P031,R0422,1
P031,R0423,1
P031,R0424,0
P031,R0425,2
P031,R0426,1
P031,R0427,1
P031,R0428,0
P031,R0429,2
P031,R0430,1
P031,R0431,1
P031,R0432,2
P031,R0433,1
P031,R0434,0
P031,R0435,1
P031,R0436,2
P031,R0437,1
P031,R0438,1
P031,R0439,1
P031,R0440,1
P031,R0441,0
P031,R0442,1
P031,R0443,2
P031,R0444,2
P031,R0445,1
P031,R0446,1
P031,R0447,1
P031,R0448,1
P031,R0449,1
P031,R0450,1
P031,R0451,1
P031,R0452,0
P031,R0453,0
P031,R0454,0
P031,R0455,0
P031,R0456,1
P031,R0457,1
P031,R0458,2
P031,R0459,1
P031,R0460,0
P031,R0461,1
P031,R0462,1
P031,R0463,0
P031,R0464,0
P031,R0465,1
P031,R0466,0
P031,R0467,1
P031,R0468,1
P031,R0469,1
P031,R0470,1
P031,R0471,1
P031,R0472,1
P031,R0473,0
P031,R0474,1
P031,R0475,1
P031,R0476,1
P031,R0477,1
P031,R0478,1
P031,R0479,2
P031,R0480,0
P031,R0481,1
P031,R0482,0
P031,R0483,1
P031,R0484,1
P031,R0485,1
P031,R0486,1
P031,R0487,1
P031,R0488,0
P031,R0489,0
P031,R0490,0
P031,R0491,1
P031,R0492,0
P031,R0493,0
P031,R0494,0
P031,R0495,1
P031,R0496,1
P031,R0497,0
P031,R0498,1
P031,R0499,0
P031,R0500,0
P031,R0501,1
P031,R0502,2
P031,R0503,0
P031,R0504,0
P031,R0505,1
P031,R0506,1
P031,R0507,1
P031,R0508,0
P031,R0509,1
P031,R0510,0
P031,R0511,1
P031,R0512,0
P031,R0513,1
P031,R0514,2
P031,R0515,0
P031,R0516,2
P031,R0517,0
P031,R0518,1
P031,R0519,0
P031,R0520,1
P031,R0521,0
P031,R0522,0
P031,R0523,1
P031,R0524,0
P031,R0525,0
P031,R0526,0
P031,R0527,1
P031,R0528,1
P031,R0529,1
P031,R0530,0
P031,R0531,1
P031,R0532,1
P031,R0533,1
P031,R0534,1
P031,R0535,1
P031,R0536,0
P031,R0537,1
P031,R0538,0
P031,R0539,1
P031,R0540,1
P031,R0541,2
P031,R0542,1
P031,R0543,1
P031,R0544,0
P031,R0545,1
P031,R0546,1
P031,R0547,1
P031,R0548,0
P031,R0549,1
P031,R0550,1
P031,R0551,0
P031,R0552,1
P031,R0553,0
P031,R0554,2
P031,R0555,1
P031,R0556,1
P031,R0557,0
P031,R0558,1
P031,R0559,1
P031,R0560,1
P031,R0561,0
P031,R0562,1
P031,R0563,1
P031,R0564,1
P031,R0565,1
P031,R0566,1
P031,R0567,1
P031,R0568,1
P031,R0569,2
P031,R0570,2
P031,R0571,1
P031,R0572,1
P031,R0573,0
P031,R0574,1
P031,R0575,0
P031,R0576,2
P031,R0577,1
P031,R0578,0
P031,R0579,1
P031,R0580,1
P031,R0581,0
P031,R0582,1
P031,R0583,1
P031,R0584,0
P031,R0585,1
P031,R0586,1
P031,R0587,1
P031,R0588,1
P031,R0589,1
P031,R0590,1
P031,R0591,0
P031,R0592,0
P031,R0593,1
P031,R0594,0
P031,R0595,0
P031,R0596,1
P031,R0597,1
P031,R0598,1
P031,R0599,1
P031,R0600,1
P032,R0001,2
P032,R0002,0
P032,R0003,1
P032,R0004,0
P032,R0005,2
P032,R0006,0
P032,R0007,0
P032,R0008,0
P032,R0009,0
P032,R0010,0
P032,R0011,0
P032,R0012,1
P032,R0013,0
P032,R0014,1
P032,R0015,0
P032,R0016,0
P032,R0017,0
P032,R0018,0
P032,R0019,0
P032,R0020,2
P032,R0021,1
P032,R0022,0
P032,R0023,0
P032,R0024,0
P032,R0025,0
P032,R0026,0
P032,R0027,0
P032,R0028,1
P032,R0029,0
P032,R0030,1
P032,R0031,0
P032,R0032,0
P032,R0033,1
P032,R0034,2
P032,R0035,0
P032,R0036,0
P032,R0037,0
P032,R0038,1
P032,R0039,2
P032,R0040,2
P032,R0041,0
P032,R0042,0
P032,R0043,0
P032,R0044,0
P032,R0045,0
P032,R0046,0
P032,R0047,0
P032,R0048,0
P032,R0049,0
P032,R0050,2
P032,R0051,1
P032,R0052,2
P032,R0053,2
P032,R0054,0
P032,R0055,0
P032,R0056,0
P032,R0057,0
P032,R0058,0
P032,R0059,1
P032,R0060,0
P032,R0061,0
P032,R0062,2
P032,R0063,0
P032,R0064,2
P032,R0065,2
P032,R0066,0
P032,R0067,2
P032,R0068,0
P032,R0069,0
P032,R0070,0
P032,R0071,0
P032,R0072,0
P032,R0073,1
P032,R0074,0
P032,R0075,0
P032,R0076,0
P032,R0077,0
P032,R0078,0
P032,R0079,0
P032,R0080,0
P032,R0081,2
P032,R0082,2
P032,R0083,1
P032,R0084,0
P032,R0085,0
P032,R0086,0
P032,R0087,2
P032,R0088,1
P032,R0089,0
P032,R0090,0
P032,R0091,0
P032,R0092,0
P032,R0093,1
P032,R0094,2
P032,R0095,2
P032,R0096,0
P032,R0097,0
P032,R0098,0
P032,R0099,1
P032,R0100,1
P032,R0101,0
P032,R0102,1
P032,R0103,0
P032,R0104,1
P032,R0105,1
P032,R0106,0
P032,R0107,1
P032,R0108,0
P032,R0109,1
P032,R0110,1
P032,R0111,2
P032,R0112,0
P032,R0113,0
P032,R0114,1
P032,R0115,1
P032,R0116,0
P032,R0117,0
P032,R0118,0
P032,R0119,0
P032,R0120,0
P032,R0121,0
P032,R0122,0
P032,R0123,0
P032,R0124,0
P032,R0125,2
P032,R0126,0
P032,R0127,0
P032,R0128,2
P032,R0129,0
P032,R0130,0
P032,R0131,0
P032,R0132,0
P032,R0133,0
P032,R0134,0
P032,R0135,0
P032,R0136,1
P032,R0137,0
P032,R0138,0
P032,R0139,2
P032,R0140,0
P032,R0141,1
P032,R0142,0
P032,R0143,0
P032,R0144,0
P032,R0145,0
P032,R0146,0
P032,R0147,1
P032,R0148,0
P032,R0149,0
P032,R0150,0
P032,R0151,0
P032,R0152,0
P032,R0153,0
P032,R0154,0
P032,R0155,0
P032,R0156,0
P032,R0157,0
P032,R0158,1
P032,R0159,0
P032,R0160,1
P032,R0161,0
P032,R0162,2
P032,R0163,2
P032,R0164,2
P032,R0165,0
P032,R0166,0
P032,R0167,1
P032,R0168,0
P032,R0169,1
P032,R0170,1
P032,R0171,0
P032,R0172,0
P032,R0173,2
P032,R0174,0
P032,R0175,1
P032,R0176,0
P032,R0177,0
P032,R0178,0
P032,R0179,1
P032,R0180,0
P032,R0181,0
P032,R0182,0
P032,R0183,0
P032,R0184,0
P032,R0185,0
P032,R0186,2
P032,R0187,0
P032,R0188,0
P032,R0189,0
P032,R0190,0
P032,R0191,0
P032,R0192,0
P032,R0193,0
P032,R0194,1
P032,R0195,0
P032,R0196,0
P032,R0197,0
P032,R0198,0
P032,R0199,0
P032,R0200,1
P032,R0201,1
P032,R0202,0
P032,R0203,1
P032,R0204,1
P032,R0205,1
P032,R0206,1
P032,R0207,2
P032,R0208,0
P032,R0209,1
P032,R0210,0
P032,R0211,0
P032,R0212,1
P032,R0213,1
P032,R0214,0
P032,R0215,1
P032,R0216,0
P032,R0217,0
P032,R0218,0
P032,R0219,0
P032,R0220,0
P032,R0221,0
P032,R0222,0
P032,R0223,0
P032,R0224,0
P032,R0225,0
P032,R0226,0
P032,R0227,0
P032,R0228,1
P032,R0229,1
P032,R0230,0
P032,R0231,2
P032,R0232,0
P032,R0233,0
P032,R0234,0
P032,R0235,2
P032,R0236,0
P032,R0237,2
P032,R0238,0
P032,R0239,1
P032,R0240,1
P032,R0241,0
P032,R0242,0
P032,R0243,0
P032,R0244,0
P032,R0245,0
P032,R0246,1
P032,R0247,1
P032,R0248,0
P032,R0249,0
P032,R0250,0
P032,R0251,1
P032,R0252,0
P032,R0253,1
P032,R0254,2
P032,R0255,0
P032,R0256,0
P032,R0257,0
P032,R0258,1
P032,R0259,0
P032,R0260,1
P032,R0261,0
P032,R0262,2
P032,R0263,0
P032,R0264,0
P032,R0265,2
P032,R0266,0
P032,R0267,0
P032,R0268,0
P032,R0269,0
P032,R0270,0
P032,R0271,0
P032,R0272,1
P032,R0273,0
P032,R0274,0
P032,R0275,0
P032,R0276,1
P032,R0277,0
P032,R0278,0
P032,R0279,0
P032,R0280,0
P032,R0281,1
P032,R0282,0
P032,R0283,2
P032,R0284,1
P032,R0285,0
P032,R0286,2
P032,R0287,2
P032,R0288,0
P032,R0289,2
P032,R0290,1
P032,R0291,0
P032,R0292,0
P032,R0293,2
P032,R0294,0
P032,R0295,0
P032,R0296,0
P032,R0297,0
P032,R0298,1
P032,R0299,1
P032,R0300,1
P032,R0301,0
P032,R0302,1
P032,R0303,1
P032,R0304,0
P032,R0305,1
P032,R0306,0
P032,R0307,1
P032,R0308,1
P032,R0309,0
P032,R0310,0
P032,R0311,1
P032,R0312,0
P032,R0313,1
P032,R0314,0
P032,R0315,0
P032,R0316,0
P032,R0317,0
P032,R0318,1
P032,R0319,1
P032,R0320,2
P032,R0321,0
P032,R0322,0
P032,R0323,0
P032,R0324,1
P032,R0325,0
P032,R0326,0
P032,R0327,0
P032,R0328,0
P032,R0329,1
P032,R0330,0
P032,R0331,0
P032,R0332,0
P032,R0333,1
P032,R0334,0
P032,R0335,0
P032,R0336,0
P032,R0337,0
P032,R0338,0
P032,R0339,0
P032,R0340,2
P032,R0341,2
P032,R0342,0
P032,R0343,0
P032,R0344,0
P032,R0345,0
P032,R0346,0
P032,R0347,0
P032,R0348,1
P032,R0349,0
P032,R0350,0
P032,R0351,0
P032,R0352,0
P032,R0353,0
P032,R0354,0
P032,R0355,0
P032,R0356,0
P032,R0357,0
P032,R0358,0
P032,R0359,2
P032,R0360,0
P032,R0361,0
P032,R0362,2
P032,R0363,0
P032,R0364,2
P032,R0365,0
P032,R0366,0
P032,R0367,0
P032,R0368,0
P032,R0369,1
P032,R0370,0
P032,R0371,0
P032,R0372,1
P032,R0373,1
P032,R0374,2
P032,R0375,0
P032,R0376,0
P032,R0377,1
P032,R0378,0
P032,R0379,0
P032,R0380,0
P032,R0381,0
P032,R0382,0
P032,R0383,0
P032,R0384,0
P032,R0385,1
P032,R0386,0
P032,R0387,0
P032,R0388,2
P032,R0389,0
P032,R0390,0
P032,R0391,1
P032,R0392,1
P032,R0393,0
P032,R0394,0
P032,R0395,0
P032,R0396,0
P032,R0397,2
P032,R0398,0
P032,R0399,0
P032,R0400,0
P032,R0401,0
P032,R0402,0
P032,R0403,2
P032,R0404,0
P032,R0405,2
P032,R0406,0
P032,R0407,0
P032,R0408,0
P032,R0409,1
P032,R0410,1
P032,R0411,0
P032,R0412,0
P032,R0413,1
P032,R0414,1
P032,R0415,0
P032,R0416,1
P032,R0417,0
P032,R0418,0
P032,R0419,0
P032,R0420,1
P032,R0421,1
P032,R0422,0
P032,R0423,0
P032,R0424,0
P032,R0425,1
P032,R0426,0
P032,R0427,0
P032,R0428,0
P032,R0429,1
P032,R0430,0
P032,R0431,2
P032,R0432,1
P032,R0433,0
P032,R0434,0
P032,R0435,0
P032,R0436,1
P032,R0437,0
P032,R0438,0
P032,R0439,2
P032,R0440,2
P032,R0441,0
P032,R0442,0
P032,R0443,1
P032,R0444,1
P032,R0445,0
P032,R0446,0
P032,R0447,2
P032,R0448,2
P032,R0449,0
P032,R0450,0
P032,R0451,2
P032,R0452,0
P032,R0453,0
P032,R0454,1
P032,R0455,0
P032,R0456,0
P032,R0457,0
P032,R0458,1
P032,R0459,0
P032,R0460,0
P032,R0461,0
P032,R0462,0
P032,R0463,1
P032,R0464,0
P032,R0465,0
P032,R0466,0
P032,R0467,0
P032,R0468,0
P032,R0469,0
P032,R0470,0
P032,R0471,0
P032,R0472,2
P032,R0473,0
P032,R0474,1
P032,R0475,0
P032,R0476,0
P032,R0477,0
P032,R0478,2
P032,R0479,2
P032,R0480,1
P032,R0481,0
P032,R0482,0
P032,R0483,0
P032,R0484,1
P032,R0485,0
P032,R0486,2
P032,R0487,0
P032,R0488,0
P032,R0489,1
P032,R0490,2
P032,R0491,0
P032,R0492,0
P032,R0493,0
P032,R0494,0
P032,R0495,0
P032,R0496,0
P032,R0497,0
P032,R0498,2
P032,R0499,0
P032,R0500,2
P032,R0501,2
P032,R0502,1
P032,R0503,0
P032,R0504,0
P032,R0505,0
P032,R0506,0
P032,R0507,0
P032,R0508,1
P032,R0509,0
P032,R0510,1
P032,R0511,0
P032,R0512,1
P032,R0513,0
P032,R0514,1
P032,R0515,0
P032,R0516,1
P032,R0517,0
P032,R0518,1
P032,R0519,0
P032,R0520,0
P032,R0521,0
P032,R0522,0
P032,R0523,2
P032,R0524,0
P032,R0525,0
P032,R0526,0
P032,R0527,0
P032,R0528,1
P032,R0529,2
P032,R0530,0
P032,R0531,0
P032,R0532,0
P032,R0533,0
P032,R0534,0
P032,R0535,0
P032,R0536,1
P032,R0537,1
P032,R0538,0
P032,R0539,0
P032,R0540,0
P032,R0541,1
P032,R0542,0
P032,R0543,0
P032,R0544,0
P032,R0545,0
P032,R0546,0
P032,R0547,0
P032,R0548,0
P032,R0549,0
P032,R0550,0
P032,R0551,0
P032,R0552,2
P032,R0553,0
P032,R0554,1
P032,R0555,0
P032,R0556,0
P032,R0557,1
P032,R0558,0
P032,R0559,2
P032,R0560,0
P032,R0561,0
P032,R0562,0
P032,R0563,0
P032,R0564,0
P032,R0565,0
P032,R0566,2
P032,R0567,0
P032,R0568,0
P032,R0569,1
P032,R0570,1
P032,R0571,2
P032,R0572,0
P032,R0573,0
P032,R0574,0
P032,R0575,0
P032,R0576,1
P032,R0577,0
P032,R0578,1
P032,R0579,0
P032,R0580,0
P032,R0581,0
P032,R0582,0
P032,R0583,0
P032,R0584,1
P032,R0585,2
P032,R0586,0
P032,R0587,0
P032,R0588,0
P032,R0589,0
P032,R0590,0
P032,R0591,0
P032,R0592,0
P032,R0593,0
P032,R0594,0
P032,R0595,0
P032,R0596,0
P032,R0597,1
P032,R0598,0
P032,R0599,1
P032,R0600,0
P033,R0001,2
P033,R0002,0
P033,R0003,2
P033,R0004,0
P033,R0005,0
P033,R0006,0
P033,R0007,0
P033,R0008,0
P033,R0009,0
P033,R0010,1
P033,R0011,1
P033,R0012,1
P033,R0013,0
P033,R0014,0
P033,R0015,2
P033,R0016,1
P033,R0017,1
P033,R0018,1
P033,R0019,2
P033,R0020,1
P033,R0021,0
P033,R0022,1
P033,R0023,0
P033,R0024,0
P033,R0025,1
P033,R0026,0
P033,R0027,2
P033,R0028,0
P033,R0029,0
P033,R0030,1
P033,R0031,0
P033,R0032,0
P033,R0033,1
P033,R0034,0
P033,R0035,0
P033,R0036,0
P033,R0037,0
P033,R0038,0
P033,R0039,0
P033,R0040,0
P033,R0041,0
P033,R0042,0
P033,R0043,1
P033,R0044,0
P033,R0045,0
P033,R0046,1
P033,R0047,2
P033,R0048,2
P033,R0049,0
P033,R0050,2
P033,R0051,0
P033,R0052,0
P033,R0053,0
P033,R0054,0
P033,R0055,2
P033,R0056,0
P033,R0057,1
P033,R0058,0
P033,R0059,0
P033,R0060,0
P033,R0061,2
P033,R0062,0
P033,R0063,0
P033,R0064,0
P033,R0065,0
P033,R0066,0
P033,R0067,0
P033,R0068,0
P033,R0069,2
P033,R0070,0
P033,R0071,2
P033,R0072,0
P033,R0073,0
P033,R0074,0
P033,R0075,0
P033,R0076,2
P033,R0077,0
P033,R0078,1
P033,R0079,0
P033,R0080,1
P033,R0081,0
P033,R0082,1
P033,R0083,0
P033,R0084,0
P033,R0085,0
P033,R0086,1
P033,R0087,0
P033,R0088,0
P033,R0089,0
P033,R0090,0
P033,R0091,0
P033,R0092,0
P033,R0093,2
P033,R0094,0
P033,R0095,0
P033,R0096,1
P033,R0097,0
P033,R0098,0
P033,R0099,0
P033,R0100,0
P033,R0101,0
P033,R0102,0
P033,R0103,0
P033,R0104,0
P033,R0105,0
P033,R0106,0
P033,R0107,0
P033,R0108,2
P033,R0109,0
P033,R0110,1
P033,R0111,0
P033,R0112,0
P033,R0113,0
P033,R0114,0
P033,R0115,0
P033,R0116,0
P033,R0117,1
P033,R0118,0
P033,R0119,2
P033,R0120,1
P033,R0121,0
P033,R0122,1
P033,R0123,2
P033,R0124,1
P033,R0125,0
P033,R0126,0
P033,R0127,0
P033,R0128,0
P033,R0129,0
P033,R0130,0
P033,R0131,1
P033,R0132,0
P033,R0133,0
P033,R0134,2
P033,R0135,2
P033,R0136,0
P033,R0137,0
P033,R0138,2
P033,R0139,0
P033,R0140,0
P033,R0141,0
P033,R0142,1
P033,R0143,0
P033,R0144,0
P033,R0145,0
P033,R0146,0
P033,R0147,0
P033,R0148,0
P033,R0149,0
P033,R0150,0
P033,R0151,1
P033,R0152,1
P033,R0153,0
P033,R0154,2
P033,R0155,2
P033,R0156,2
P033,R0157,2
P033,R0158,0
P033,R0159,0
P033,R0160,0
P033,R0161,2
P033,R0162,0
P033,R0163,0
P033,R0164,0
P033,R0165,0
P033,R0166,2
P033,R0167,0
P033,R0168,0
P033,R0169,2
P033,R0170,2
P033,R0171,1
P033,R0172,0
P033,R0173,0
P033,R0174,0
P033,R0175,0
P033,R0176,0
P033,R0177,1
P033,R0178,0
P033,R0179,0
P033,R0180,0
P033,R0181,0
P033,R0182,0
P033,R0183,1
P033,R0184,2
P033,R0185,2
P033,R0186,0
P033,R0187,0
P033,R0188,2
P033,R0189,0
P033,R0190,0
P033,R0191,2
P033,R0192,1
P033,R0193,0
P033,R0194,0
P033,R0195,0
P033,R0196,0
P033,R0197,0
P033,R0198,0
P033,R0199,2
P033,R0200,1
P033,R0201,0
P033,R0202,1
P033,R0203,0
P033,R0204,0
P033,R0205,2
P033,R0206,0
P033,R0207,1
P033,R0208,0
P033,R0209,0
P033,R0210,0
P033,R0211,1
P033,R0212,1
P033,R0213,0
P033,R0214,0
P033,R0215,1
P033,R0216,1
P033,R0217,0
P033,R0218,0
P033,R0219,0
P033,R0220,1
P033,R0221,0
P033,R0222,1
P033,R0223,2
P033,R0224,0
P033,R0225,0
P033,R0226,0
P033,R0227,2
P033,R0228,0
P033,R0229,1
P033,R0230,2
P033,R0231,0
P033,R0232,0
P033,R0233,0
P033,R0234,0
P033,R0235,1
P033,R0236,0
P033,R0237,0
P033,R0238,0
P033,R0239,0
P033,R0240,0
P033,R0241,0
P033,R0242,2
P033,R0243,0
P033,R0244,0
P033,R0245,2
P033,R0246,0
P033,R0247,0
P033,R0248,0
P033,R0249,1
P033,R0250,2
P033,R0251,0
P033,R0252,1
P033,R0253,0
P033,R0254,0
P033,R0255,0
P033,R0256,1
P033,R0257,1
P033,R0258,0
P033,R0259,0
P033,R0260,1
P033,R0261,0
P033,R0262,0
P033,R0263,2
P033,R0264,0
P033,R0265,0
P033,R0266,0
P033,R0267,0
P033,R0268,1
P033,R0269,0
P033,R0270,2
P033,R0271,1
P033,R0272,2
P033,R0273,0
P033,R0274,2
P033,R0275,0
P033,R0276,2
P033,R0277,0
P033,R0278,2
P033,R0279,0
P033,R0280,2
P033,R0281,1
P033,R0282,2
P033,R0283,1
P033,R0284,0
P033,R0285,0
P033,R0286,0
P033,R0287,0
P033,R0288,0
P033,R0289,0
P033,R0290,0
P033,R0291,0
P033,R0292,0
P033,R0293,0
P033,R0294,1
P033,R0295,1
P033,R0296,0
P033,R0297,1
P033,R0298,2
P033,R0299,0
P033,R0300,0
P033,R0301,0
P033,R0302,0
P033,R0303,0
P033,R0304,0
P033,R0305,0
P033,R0306,1
P033,R0307,0
P033,R0308,0
P033,R0309,1
P033,R0310,1
P033,R0311,0
P033,R0312,2
P033,R0313,1
P033,R0314,0
P033,R0315,0
P033,R0316,0
P033,R0317,0
P033,R0318,0
P033,R0319,0
P033,R0320,0
P033,R0321,0
P033,R0322,0
P033,R0323,1
P033,R0324,2
P033,R0325,0
P033,R0326,0
P033,R0327,0
P033,R0328,2
P033,R0329,0
P033,R0330,0
P033,R0331,0
P033,R0332,2
P033,R0333,0
P033,R0334,0
P033,R0335,0
P033,R0336,1
P033,R0337,2
P033,R0338,0
P033,R0339,1
P033,R0340,0
P033,R0341,0
P033,R0342,0
P033,R0343,1
P033,R0344,0
P033,R0345,0
P033,R0346,0
P033,R0347,0
P033,R0348,1
P033,R0349,0
P033,R0350,0
P033,R0351,0
P033,R0352,0
P033,R0353,0
P033,R0354,0
P033,R0355,0
P033,R0356,0
P033,R0357,2
P033,R0358,2
P033,R0359,0
P033,R0360,0
P033,R0361,2
P033,R0362,0
P033,R0363,1
P033,R0364,0
P033,R0365,0
P033,R0366,1
P033,R0367,1
P033,R0368,2
P033,R0369,2
P033,R0370,0
P033,R0371,2
P033,R0372,1
P033,R0373,0
P033,R0374,0
P033,R0375,0
P033,R0376,0
P033,R0377,0
P033,R0378,1
P033,R0379,0
P033,R0380,0
P033,R0381,0
P033,R0382,1
P033,R0383,0
P033,R0384,0
P033,R0385,2
P033,R0386,0
P033,R0387,1
P033,R0388,0
P033,R0389,0
P033,R0390,2
P033,R0391,0
P033,R0392,0
P033,R0393,0
P033,R0394,0
P033,R0395,2
P033,R0396,2
P033,R0397,0
P033,R0398,0
P033,R0399,2
P033,R0400,2
P033,R0401,0
P033,R0402,0
P033,R0403,0
P033,R0404,1
P033,R0405,0
P033,R0406,0
P033,R0407,0
P033,R0408,0
P033,R0409,0
P033,R0410,0
P033,R0411,2
P033,R0412,1
P033,R0413,0
P033,R0414,0
P033,R0415,2
P033,R0416,1
P033,R0417,2
P033,R0418,0
P033,R0419,1
P033,R0420,0
P033,R0421,0
P033,R0422,0
P033,R0423,0
P033,R0424,0
P033,R0425,0
P033,R0426,0
P033,R0427,0
P033,R0428,0
P033,R0429,0
P033,R0430,0
P033,R0431,2
P033,R0432,1
P033,R0433,0
P033,R0434,0
P033,R0435,0
P033,R0436,0
P033,R0437,0
P033,R0438,2
P033,R0439,0
P033,R0440,2
P033,R0441,0
P033,R0442,2
P033,R0443,0
P033,R0444,0
P033,R0445,0
P033,R0446,1
P033,R0447,0
P033,R0448,0
P033,R0449,0
P033,R0450,2
P033,R0451,1
P033,R0452,0
P033,R0453,0
P033,R0454,0
P033,R0455,1
P033,R0456,2
P033,R0457,0
P033,R0458,0
P033,R0459,1
P033,R0460,1
P033,R0461,2
P033,R0462,0
P033,R0463,0
P033,R0464,0
P033,R0465,2
P033,R0466,1
P033,R0467,0
P033,R0468,0
P033,R0469,2
P033,R0470,0
P033,R0471,0
P033,R0472,0
P033,R0473,1
P033,R0474,0
P033,R0475,2
P033,R0476,0
P033,R0477,2
P033,R0478,0
P033,R0479,0
P033,R0480,2
P033,R0481,0
P033,R0482,0
P033,R0483,2
P033,R0484,0
P033,R0485,1
P033,R0486,0
P033,R0487,1
P033,R0488,1
P033,R0489,0
P033,R0490,0
P033,R0491,2
P033,R0492,1
P033,R0493,2
P033,R0494,1
P033,R0495,0
P033,R0496,0
P033,R0497,1
P033,R0498,0
P033,R0499,1
P033,R0500,1
P033,R0501,0
P033,R0502,1
P033,R0503,1
P033,R0504,1
P033,R0505,0
P033,R0506,0
P033,R0507,0
P033,R0508,0
P033,R0509,2
P033,R0510,0
P033,R0511,1
P033,R0512,0
P033,R0513,0
P033,R0514,0
P033,R0515,0
P033,R0516,0
P033,R0517,0
P033,R0518,0
P033,R0519,2
P033,R0520,0
P033,R0521,0
P033,R0522,0
P033,R0523,1
P033,R0524,1
P033,R0525,0
P033,R0526,0
P033,R0527,2
P033,R0528,0
P033,R0529,0
P033,R0530,0
P033,R0531,1
P033,R0532,2
P033,R0533,1
P033,R0534,2
P033,R0535,0
P033,R0536,0
P033,R0537,0
P033,R0538,0
P033,R0539,0
P033,R0540,0
P033,R0541,0
P033,R0542,2
P033,R0543,1
P033,R0544,1
P033,R0545,0
P033,R0546,0
P033,R0547,0
P033,R0548,0
P033,R0549,0
P033,R0550,0
P033,R0551,1
P033,R0552,0
P033,R0553,2
P033,R0554,0
P033,R0555,1
P033,R0556,0
P033,R0557,0
P033,R0558,0
P033,R0559,0
P033,R0560,0
P033,R0561,0
P033,R0562,0
P033,R0563,0
P033,R0564,0
P033,R0565,0
P033,R0566,0
P033,R0567,1
P033,R0568,0
P033,R0569,0
P033,R0570,0
P033,R0571,0
P033,R0572,2
P033,R0573,2
P033,R0574,0
P033,R0575,0
P033,R0576,0
P033,R0577,1
P033,R0578,2
P033,R0579,0
P033,R0580,0
P033,R0581,1
P033,R0582,2
P033,R0583,0
P033,R0584,1
P033,R0585,0
P033,R0586,0
P033,R0587,0
P033,R0588,0
P033,R0589,0
P033,R0590,1
P033,R0591,2
P033,R0592,0
P033,R0593,0
P033,R0594,1
P033,R0595,0
P033,R0596,0
P033,R0597,0
P033,R0598,1
P033,R0599,0
P033,R0600,0
P034,R0001,2
P034,R0002,0
P034,R0003,2
P034,R0004,1
P034,R0005,0
P034,R0006,2
P034,R0007,1
P034,R0008,0
P034,R0009,0
P034,R0010,2
P034,R0011,0
P034,R0012,0
P034,R0013,2
P034,R0014,0
P034,R0015,0
P034,R0016,0
P034,R0017,0
P034,R0018,1
P034,R0019,2
P034,R0020,0
P034,R0021,0
P034,R0022,0
P034,R0023,2
P034,R0024,0
P034,R0025,0
P034,R0026,0
P034,R0027,2
P034,R0028,0
P034,R0029,0
P034,R0030,0
P034,R0031,0
P034,R0032,0
P034,R0033,0
P034,R0034,0
P034,R0035,0
P034,R0036,1
P034,R0037,0
P034,R0038,0
P034,R0039,2
P034,R0040,0
P034,R0041,0
P034,R0042,0
P034,R0043,0
P034,R0044,0
P034,R0045,0
P034,R0046,0
P034,R0047,0
P034,R0048,2
P034,R0049,1
P034,R0050,2
P034,R0051,0
P034,R0052,0
P034,R0053,0
P034,R0054,0
P034,R0055,2
P034,R0056,0
P034,R0057,0
P034,R0058,0
P034,R0059,0
P034,R0060,0
P034,R0061,2
P034,R0062,0
P034,R0063,2
P034,R0064,0
P034,R0065,0
P034,R0066,2
P034,R0067,0
P034,R0068,1
P034,R0069,0
P034,R0070,0
P034,R0071,2
P034,R0072,1
P034,R0073,1
P034,R0074,1
P034,R0075,0
P034,R0076,2
P034,R0077,0
P034,R0078,1
P034,R0079,0
P034,R0080,1
P034,R0081,0
P034,R0082,0
P034,R0083,0
P034,R0084,2
P034,R0085,1
P034,R0086,2
P034,R0087,0
P034,R0088,0
P034,R0089,0
P034,R0090,2
P034,R0091,2
P034,R0092,2
P034,R0093,2
P034,R0094,0
P034,R0095,0
P034,R0096,0
P034,R0097,2
P034,R0098,0
P034,R0099,0
P034,R0100,0
P034,R0101,0
P034,R0102,0
P034,R0103,2
P034,R0104,0
P034,R0105,0
P034,R0106,0
P034,R0107,0
P034,R0108,2
P034,R0109,0
P034,R0110,0
P034,R0111,0
P034,R0112,0
P034,R0113,2
P034,R0114,0
P034,R0115,0
P034,R0116,0
P034,R0117,2
P034,R0118,1
P034,R0119,0
P034,R0120,0
P034,R0121,1
P034,R0122,0
P034,R0123,2
P034,R0124,1
P034,R0125,0
P034,R0126,2
P034,R0127,2
P034,R0128,0
P034,R0129,0
P034,R0130,0
P034,R0131,0
P034,R0132,0
P034,R0133,0
P034,R0134,2
P034,R0135,0
P034,R0136,2
P034,R0137,0
P034,R0138,0
P034,R0139,0
P034,R0140,2
P034,R0141,0
P034,R0142,0
P034,R0143,2
P034,R0144,2
P034,R0145,0
P034,R0146,0
P034,R0147,0
P034,R0148,0
P034,R0149,0
P034,R0150,0
P034,R0151,0
P034,R0152,0
P034,R0153,1
P034,R0154,2
P034,R0155,0
P034,R0156,2
P034,R0157,2
P034,R0158,0
P034,R0159,0
P034,R0160,0
P034,R0161,2
P034,R0162,0
P034,R0163,0
P034,R0164,1
P034,R0165,0
P034,R0166,0
P034,R0167,1
P034,R0168,1
P034,R0169,2
P034,R0170,2
P034,R0171,0
P034,R0172,0
P034,R0173,0
P034,R0174,0
P034,R0175,0
P034,R0176,1
P034,R0177,0
P034,R0178,0
P034,R0179,1
P034,R0180,0
P034,R0181,0
P034,R0182,0
P034,R0183,0
P034,R0184,0
P034,R0185,2
P034,R0186,0
P034,R0187,0
P034,R0188,0
P034,R0189,0
P034,R0190,0
P034,R0191,2
P034,R0192,0
P034,R0193,0
P034,R0194,0
P034,R0195,0
P034,R0196,0
P034,R0197,0
P034,R0198,1
P034,R0199,2
P034,R0200,0
P034,R0201,0
P034,R0202,0
P034,R0203,0
P034,R0204,0
P034,R0205,2
P034,R0206,0
P034,R0207,0
P034,R0208,0
P034,R0209,0
P034,R0210,0
P034,R0211,0
P034,R0212,0
P034,R0213,0
P034,R0214,0
P034,R0215,0
P034,R0216,0
P034,R0217,0
P034,R0218,0
P034,R0219,2
P034,R0220,0
P034,R0221,2
P034,R0222,0
P034,R0223,2
P034,R0224,1
P034,R0225,0
P034,R0226,0
P034,R0227,2
P034,R0228,2
P034,R0229,0
P034,R0230,2
P034,R0231,2
P034,R0232,0
P034,R0233,1
P034,R0234,1
P034,R0235,0
P034,R0236,0
P034,R0237,1
P034,R0238,0
P034,R0239,1
P034,R0240,0
P034,R0241,0
P034,R0242,2
P034,R0243,0
P034,R0244,0
P034,R0245,2
P034,R0246,0
P034,R0247,0
P034,R0248,2
P034,R0249,0
P034,R0250,2
P034,R0251,0
P034,R0252,0
P034,R0253,0
P034,R0254,0
P034,R0255,2
P034,R0256,0
P034,R0257,0
P034,R0258,0
P034,R0259,2
P034,R0260,0
P034,R0261,0
P034,R0262,0
P034,R0263,2
P034,R0264,2
P034,R0265,0
P034,R0266,2
P034,R0267,0
P034,R0268,0
P034,R0269,0
P034,R0270,2
P034,R0271,0
P034,R0272,0
P034,R0273,2
P034,R0274,0
P034,R0275,0
P034,R0276,0
P034,R0277,0
P034,R0278,2
P034,R0279,2
P034,R0280,0
P034,R0281,0
P034,R0282,2
P034,R0283,0
P034,R0284,0
P034,R0285,0
P034,R0286,0
P034,R0287,0
P034,R0288,1
P034,R0289,2
P034,R0290,1
P034,R0291,0
P034,R0292,2
P034,R0293,0
P034,R0294,1
P034,R0295,0
P034,R0296,1
P034,R0297,2
P034,R0298,2
P034,R0299,1
P034,R0300,0
P034,R0301,0
P034,R0302,0
P034,R0303,0
P034,R0304,0
P034,R0305,0
P034,R0306,0
P034,R0307,0
P034,R0308,0
P034,R0309,2
P034,R0310,0
P034,R0311,0
P034,R0312,0
P034,R0313,0
P034,R0314,0
P034,R0315,0
P034,R0316,0
P034,R0317,0
P034,R0318,0
P034,R0319,0
P034,R0320,2
P034,R0321,0
P034,R0322,0
P034,R0323,0
P034,R0324,2
P034,R0325,1
P034,R0326,0
P034,R0327,0
P034,R0328,2
P034,R0329,0
P034,R0330,0
P034,R0331,0
P034,R0332,2
P034,R0333,0
P034,R0334,1
P034,R0335,0
P034,R0336,0
P034,R0337,2
P034,R0338,1
P034,R0339,0
P034,R0340,0
P034,R0341,0
P034,R0342,0
P034,R0343,0
P034,R0344,0
P034,R0345,0
P034,R0346,0
P034,R0347,0
P034,R0348,0
P034,R0349,0
P034,R0350,2
P034,R0351,0
P034,R0352,1
P034,R0353,0
P034,R0354,0
P034,R0355,2
P034,R0356,1
P034,R0357,2
P034,R0358,2
P034,R0359,0
P034,R0360,1
P034,R0361,0
P034,R0362,0
P034,R0363,0
P034,R0364,0
P034,R0365,2
P034,R0366,0
P034,R0367,0
P034,R0368,2
P034,R0369,2
P034,R0370,1
P034,R0371,0
P034,R0372,0
P034,R0373,1
P034,R0374,0
P034,R0375,0
P034,R0376,0
P034,R0377,0
P034,R0378,0
P034,R0379,0
P034,R0380,0
P034,R0381,0
P034,R0382,0
P034,R0383,2
P034,R0384,2
P034,R0385,0
P034,R0386,2
P034,R0387,0
P034,R0388,0
P034,R0389,0
P034,R0390,2
P034,R0391,0
P034,R0392,0
P034,R0393,1
P034,R0394,0
P034,R0395,0
P034,R0396,2
P034,R0397,0
P034,R0398,2
P034,R0399,2
P034,R0400,0
P034,R0401,2
P034,R0402,2
P034,R0403,0
P034,R0404,1
P034,R0405,2
P034,R0406,0
P034,R0407,0
P034,R0408,0
P034,R0409,0
P034,R0410,0
P034,R0411,2
P034,R0412,0
P034,R0413,0
P034,R0414,2
P034,R0415,0
P034,R0416,0
P034,R0417,2
P034,R0418,0
P034,R0419,0
P034,R0420,0
P034,R0421,0
P034,R0422,2
P034,R0423,2
P034,R0424,0
P034,R0425,0
P034,R0426,0
P034,R0427,0
P034,R0428,0
P034,R0429,1
P034,R0430,0
P034,R0431,2
P034,R0432,0
P034,R0433,2
P034,R0434,0
P034,R0435,2
P034,R0436,1
P034,R0437,0
P034,R0438,2
P034,R0439,0
P034,R0440,2
P034,R0441,0
P034,R0442,2
P034,R0443,0
P034,R0444,1
P034,R0445,0
P034,R0446,2
P034,R0447,0
P034,R0448,0
P034,R0449,1
P034,R0450,2
P034,R0451,0
P034,R0452,0
P034,R0453,0
P034,R0454,0
P034,R0455,0
P034,R0456,2
P034,R0457,0
P034,R0458,1
P034,R0459,0
P034,R0460,0
P034,R0461,2
P034,R0462,2
P034,R0463,0
P034,R0464,0
P034,R0465,2
P034,R0466,0
P034,R0467,1
P034,R0468,1
P034,R0469,2
P034,R0470,0
P034,R0471,0
P034,R0472,0
P034,R0473,0
P034,R0474,0
P034,R0475,2
P034,R0476,1
P034,R0477,2
P034,R0478,1
P034,R0479,0
P034,R0480,0
P034,R0481,0
P034,R0482,0
P034,R0483,2
P034,R0484,0
P034,R0485,0
P034,R0486,0
P034,R0487,1
P034,R0488,0
P034,R0489,0
P034,R0490,0
P034,R0491,2
P034,R0492,0
P034,R0493,0
P034,R0494,0
P034,R0495,0
P034,R0496,0
P034,R0497,0
P034,R0498,1
P034,R0499,0
P034,R0500,0
P034,R0501,0
P034,R0502,0
P034,R0503,0
P034,R0504,0
P034,R0505,0
P034,R0506,2
P034,R0507,1
P034,R0508,0
P034,R0509,2
P034,R0510,0
P034,R0511,0
P034,R0512,0
P034,R0513,1
P034,R0514,0
P034,R0515,0
P034,R0516,0
P034,R0517,0
P034,R0518,2
P034,R0519,0
P034,R0520,2
P034,R0521,0
P034,R0522,0
P034,R0523,0
P034,R0524,0
P034,R0525,0
P034,R0526,0
P034,R0527,2
P034,R0528,2
P034,R0529,2
P034,R0530,0
P034,R0531,0
P034,R0532,2
P034,R0533,2
P034,R0534,2
P034,R0535,0
P034,R0536,0
P034,R0537,0
P034,R0538,0
P034,R0539,0
P034,R0540,0
P034,R0541,0
P034,R0542,2
P034,R0543,0
P034,R0544,0
P034,R0545,1
P034,R0546,1
P034,R0547,0
P034,R0548,0
P034,R0549,1
P034,R0550,1
P034,R0551,0
P034,R0552,0
P034,R0553,0
P034,R0554,0
P034,R0555,0
P034,R0556,2
P034,R0557,0
P034,R0558,2
P034,R0559,0
P034,R0560,0
P034,R0561,0
P034,R0562,1
P034,R0563,0
P034,R0564,0
P034,R0565,2
P034,R0566,0
P034,R0567,0
P034,R0568,1
P034,R0569,0
P034,R0570,0
P034,R0571,0
P034,R0572,2
P034,R0573,0
P034,R0574,0
P034,R0575,0
P034,R0576,2
P034,R0577,0
P034,R0578,0
P034,R0579,1
P034,R0580,1
P034,R0581,0
P034,R0582,2
P034,R0583,0
P034,R0584,0
P034,R0585,0
P034,R0586,1
P034,R0587,2
P034,R0588,2
P034,R0589,0
P034,R0590,0
P034,R0591,0
P034,R0592,0
P034,R0593,2
P034,R0594,0
P034,R0595,0
P034,R0596,2
P034,R0597,1
P034,R0598,1
P034,R0599,0
P034,R0600,0
P035,R0001,2
P035,R0002,0
P035,R0003,1
P035,R0004,0
P035,R0005,2
P035,R0006,0
P035,R0007,0
P035,R0008,0
P035,R0009,0
P035,R0010,0
P035,R0011,0
P035,R0012,1
P035,R0013,0
P035,R0014,1
P035,R0015,0
P035,R0016,0
P035,R0017,0
P035,R0018,0
P035,R0019,0
P035,R0020,2
P035,R0021,1
P035,R0022,0
P035,R0023,0
P035,R0024,0
P035,R0025,0
P035,R0026,0
P035,R0027,0
P035,R0028,1
P035,R0029,0
P035,R0030,1
P035,R0031,0
P035,R0032,0
P035,R0033,2
P035,R0034,2
P035,R0035,0
P035,R0036,0
P035,R0037,0
P035,R0038,1
P035,R0039,2
P035,R0040,2
P035,R0041,0
P035,R0042,0
P035,R0043,0
P035,R0044,0
P035,R0045,0
P035,R0046,0
P035,R0047,0
P035,R0048,0
P035,R0049,0
P035,R0050,2
P035,R0051,2
P035,R0052,2
P035,R0053,2
P035,R0054,0
P035,R0055,0
P035,R0056,0
P035,R0057,0
P035,R0058,0
P035,R0059,2
P035,R0060,0
P035,R0061,0
P035,R0062,2
P035,R0063,0
P035,R0064,2
P035,R0065,2
P035,R0066,0
P035,R0067,2
P035,R0068,0
P035,R0069,0
P035,R0070,0
P035,R0071,0
P035,R0072,0
P035,R0073,1
P035,R0074,0
P035,R0075,0
P035,R0076,0
P035,R0077,0
P035,R0078,0
P035,R0079,0
P035,R0080,0
P035,R0081,2
P035,R0082,2
P035,R0083,2
P035,R0084,0
P035,R0085,0
P035,R0086,0
P035,R0087,2
P035,R0088,1
P035,R0089,0
P035,R0090,0
P035,R0091,0
P035,R0092,0
P035,R0093,1
P035,R0094,2
P035,R0095,2
P035,R0096,0
P035,R0097,0
P035,R0098,0
P035,R0099,2
P035,R0100,1
P035,R0101,0
P035,R0102,1
P035,R0103,0
P035,R0104,2
P035,R0105,2
P035,R0106,0
P035,R0107,1
P035,R0108,0
P035,R0109,2
P035,R0110,1
P035,R0111,2
P035,R0112,1
P035,R0113,0
P035,R0114,1
P035,R0115,1
P035,R0116,0
P035,R0117,0
P035,R0118,0
P035,R0119,0
P035,R0120,0
P035,R0121,0
P035,R0122,0
P035,R0123,0
P035,R0124,0
P035,R0125,2
P035,R0126,0
P035,R0127,0
P035,R0128,2
P035,R0129,0
P035,R0130,0
P035,R0131,0
P035,R0132,0
P035,R0133,0
P035,R0134,0
P035,R0135,0
P035,R0136,1
P035,R0137,0
P035,R0138,0
P035,R0139,2
P035,R0140,0
P035,R0141,2
P035,R0142,0
P035,R0143,0
P035,R0144,0
P035,R0145,0
P035,R0146,0
P035,R0147,1
P035,R0148,0
P035,R0149,0
P035,R0150,0
P035,R0151,0
P035,R0152,0
P035,R0153,0
P035,R0154,0
P035,R0155,0
P035,R0156,0
P035,R0157,0
P035,R0158,1
P035,R0159,0
P035,R0160,1
P035,R0161,0
P035,R0162,2
P035,R0163,2
P035,R0164,2
P035,R0165,0
P035,R0166,0
P035,R0167,1
P035,R0168,0
P035,R0169,1
P035,R0170,1
P035,R0171,0
P035,R0172,0
P035,R0173,2
P035,R0174,0
P035,R0175,2
P035,R0176,0
P035,R0177,0
P035,R0178,0
P035,R0179,1
P035,R0180,0
P035,R0181,0
P035,R0182,0
P035,R0183,0
P035,R0184,0
P035,R0185,0
P035,R0186,2
P035,R0187,0
P035,R0188,0
P035,R0189,0
P035,R0190,0
P035,R0191,0
P035,R0192,0
P035,R0193,0
P035,R0194,1
P035,R0195,0
P035,R0196,0
P035,R0197,0
P035,R0198,0
P035,R0199,0
P035,R0200,1
P035,R0201,1
P035,R0202,0
P035,R0203,1
P035,R0204,1
P035,R0205,1
P035,R0206,1
P035,R0207,2
P035,R0208,0
P035,R0209,1
P035,R0210,0
P035,R0211,0
P035,R0212,1
P035,R0213,1
P035,R0214,0
P035,R0215,1
P035,R0216,0
P035,R0217,0
P035,R0218,0
P035,R0219,0
P035,R0220,0
P035,R0221,0
P035,R0222,0
P035,R0223,0
P035,R0224,0
P035,R0225,0
P035,R0226,0
P035,R0227,0
P035,R0228,1
P035,R0229,1
P035,R0230,0
P035,R0231,2
P035,R0232,0
P035,R0233,0
P035,R0234,0
P035,R0235,2
P035,R0236,0
P035,R0237,2
P035,R0238,0
P035,R0239,1
P035,R0240,1
P035,R0241,0
P035,R0242,0
P035,R0243,0
P035,R0244,0
P035,R0245,0
P035,R0246,1
P035,R0247,1
P035,R0248,0
P035,R0249,0
P035,R0250,0
P035,R0251,1
P035,R0252,0
P035,R0253,1
P035,R0254,2
P035,R0255,0
P035,R0256,0
P035,R0257,0
P035,R0258,2
P035,R0259,0
P035,R0260,1
P035,R0261,0
P035,R0262,2
P035,R0263,0
P035,R0264,0
P035,R0265,2
P035,R0266,0
P035,R0267,2
P035,R0268,0
P035,R0269,0
P035,R0270,0
P035,R0271,0
P035,R0272,1
P035,R0273,0
P035,R0274,0
P035,R0275,0
P035,R0276,1
P035,R0277,0
P035,R0278,0
P035,R0279,0
P035,R0280,0
P035,R0281,1
P035,R0282,0
P035,R0283,2
P035,R0284,2
P035,R0285,0
P035,R0286,2
P035,R0287,2
P035,R0288,0
P035,R0289,2
P035,R0290,1
P035,R0291,0
P035,R0292,0
P035,R0293,2
P035,R0294,0
P035,R0295,0
P035,R0296,0
P035,R0297,0
P035,R0298,1
P035,R0299,1
P035,R0300,2
P035,R0301,0
P035,R0302,1
P035,R0303,2
P035,R0304,0
P035,R0305,1
P035,R0306,0
P035,R0307,1
P035,R0308,1
P035,R0309,0
P035,R0310,0
P035,R0311,2
P035,R0312,0
P035,R0313,1
P035,R0314,0
P035,R0315,0
P035,R0316,0
P035,R0317,0
P035,R0318,1
P035,R0319,1
P035,R0320,2
P035,R0321,0
P035,R0322,0
P035,R0323,0
P035,R0324,1
P035,R0325,0
P035,R0326,0
P035,R0327,0
P035,R0328,0
P035,R0329,1
P035,R0330,0
P035,R0331,0
P035,R0332,0
P035,R0333,1
P035,R0334,0
P035,R0335,0
P035,R0336,0
P035,R0337,0
P035,R0338,0
P035,R0339,0
P035,R0340,2
P035,R0341,2
P035,R0342,0
P035,R0343,0
P035,R0344,0
P035,R0345,0
P035,R0346,0
P035,R0347,0
P035,R0348,1
P035,R0349,0
P035,R0350,0
P035,R0351,0
P035,R0352,0
P035,R0353,0
P035,R0354,0
P035,R0355,0
P035,R0356,0
P035,R0357,0
P035,R0358,0
P035,R0359,2
P035,R0360,0
P035,R0361,0
P035,R0362,2
P035,R0363,0
P035,R0364,2
P035,R0365,0
P035,R0366,0
P035,R0367,0
P035,R0368,0
P035,R0369,1
P035,R0370,0
P035,R0371,0
P035,R0372,1
P035,R0373,1
P035,R0374,2
P035,R0375,0
P035,R0376,0
P035,R0377,1
P035,R0378,0
P035,R0379,0
P035,R0380,0
P035,R0381,0
P035,R0382,0
P035,R0383,0
P035,R0384,0
P035,R0385,1
P035,R0386,0
P035,R0387,0
P035,R0388,2
P035,R0389,0
P035,R0390,0
P035,R0391,2
P035,R0392,1
P035,R0393,0
P035,R0394,0
P035,R0395,0
P035,R0396,0
P035,R0397,2
P035,R0398,0
P035,R0399,0
P035,R0400,0
P035,R0401,0
P035,R0402,0
P035,R0403,2
P035,R0404,0
P035,R0405,2
P035,R0406,0
P035,R0407,0
P035,R0408,0
P035,R0409,2
P035,R0410,1
P035,R0411,0
P035,R0412,0
P035,R0413,1
P035,R0414,1
P035,R0415,0
P035,R0416,1
P035,R0417,0
P035,R0418,0
P035,R0419,0
P035,R0420,2
P035,R0421,2
P035,R0422,0
P035,R0423,0
P035,R0424,0
P035,R0425,1
P035,R0426,0
P035,R0427,0
P035,R0428,0
P035,R0429,1
P035,R0430,0
P035,R0431,2
P035,R0432,1
P035,R0433,0
P035,R0434,0
P035,R0435,0
P035,R0436,1
P035,R0437,0
P035,R0438,0
P035,R0439,2
P035,R0440,2
P035,R0441,0
P035,R0442,0
P035,R0443,1
P035,R0444,1
P035,R0445,0
P035,R0446,0
P035,R0447,2
P035,R0448,2
P035,R0449,0
P035,R0450,0
P035,R0451,2
P035,R0452,0
P035,R0453,0
P035,R0454,1
P035,R0455,0
P035,R0456,0
P035,R0457,0
P035,R0458,1
P035,R0459,0
P035,R0460,0
P035,R0461,0
P035,R0462,0
P035,R0463,1
P035,R0464,0
P035,R0465,0
P035,R0466,0
P035,R0467,0
P035,R0468,0
P035,R0469,0
P035,R0470,0
P035,R0471,0
P035,R0472,2
P035,R0473,0
P035,R0474,2
P035,R0475,0
P035,R0476,0
P035,R0477,0
P035,R0478,2
P035,R0479,2
P035,R0480,1
P035,R0481,0
P035,R0482,0
P035,R0483,0
P035,R0484,2
P035,R0485,0
P035,R0486,2
P035,R0487,0
P035,R0488,0
P035,R0489,2
P035,R0490,2
P035,R0491,0
P035,R0492,0
P035,R0493,0
P035,R0494,0
P035,R0495,0
P035,R0496,0
P035,R0497,0
P035,R0498,2
P035,R0499,0
P035,R0500,2
P035,R0501,2
P035,R0502,1
P035,R0503,0
P035,R0504,0
P035,R0505,0
P035,R0506,0
P035,R0507,0
P035,R0508,1
P035,R0509,0
P035,R0510,1
P035,R0511,0
P035,R0512,1
P035,R0513,0
P035,R0514,1
P035,R0515,0
P035,R0516,1
P035,R0517,0
P035,R0518,1
P035,R0519,0
P035,R0520,0
P035,R0521,0
P035,R0522,0
P035,R0523,2
P035,R0524,0
P035,R0525,0
P035,R0526,0
P035,R0527,0
P035,R0528,1
P035,R0529,2
P035,R0530,0
P035,R0531,0
P035,R0532,0
P035,R0533,0
P035,R0534,0
P035,R0535,0
P035,R0536,1
P035,R0537,2
P035,R0538,0
P035,R0539,0
P035,R0540,0
P035,R0541,1
P035,R0542,0
P035,R0543,0
P035,R0544,0
P035,R0545,0
P035,R0546,0
P035,R0547,0
P035,R0548,0
P035,R0549,0
P035,R0550,0
P035,R0551,0
P035,R0552,2
P035,R0553,0
P035,R0554,1
P035,R0555,0
P035,R0556,0
P035,R0557,2
P035,R0558,0
P035,R0559,2
P035,R0560,0
P035,R0561,0
P035,R0562,0
P035,R0563,0
P035,R0564,0
P035,R0565,0
P035,R0566,2
P035,R0567,0
P035,R0568,0
P035,R0569,1
P035,R0570,1
P035,R0571,2
P035,R0572,0
P035,R0573,0
P035,R0574,0
P035,R0575,0
P035,R0576,1
P035,R0577,0
P035,R0578,1
P035,R0579,0
P035,R0580,0
P035,R0581,0
P035,R0582,0
P035,R0583,0
P035,R0584,2
P035,R0585,2
P035,R0586,0
P035,R0587,0
P035,R0588,0
P035,R0589,0
P035,R0590,0
P035,R0591,0
P035,R0592,0
P035,R0593,0
P035,R0594,0
P035,R0595,0
P035,R0596,0
P035,R0597,1
P035,R0598,0
P035,R0599,2
P035,R0600,0
P036,R0001,1
P036,R0002,0
P036,R0003,2
P036,R0004,0
P036,R0005,0
P036,R0006,0
P036,R0007,0
P036,R0008,2
P036,R0009,0
P036,R0010,1
P036,R0011,1
P036,R0012,2
P036,R0013,0
P036,R0014,2
P036,R0015,1
P036,R0016,1
P036,R0017,1
P036,R0018,1
P036,R0019,1
P036,R0020,1
P036,R0021,2
P036,R0022,1
P036,R0023,0
P036,R0024,2
P036,R0025,1
P036,R0026,0
P036,R0027,1
P036,R0028,2
P036,R0029,2
P036,R0030,2
P036,R0031,0
P036,R0032,0
P036,R0033,1
P036,R0034,0
P036,R0035,0
P036,R0036,0
P036,R0037,0
P036,R0038,2
P036,R0039,0
P036,R0040,0
P036,R0041,0
P036,R0042,2
P036,R0043,1
P036,R0044,0
P036,R0045,0
P036,R0046,1
P036,R0047,1
P036,R0048,1
P036,R0049,0
P036,R0050,1
P036,R0051,0
P036,R0052,0
P036,R0053,2
P036,R0054,0
P036,R0055,2
P036,R0056,2
P036,R0057,1
P036,R0058,2
P036,R0059,2
P036,R0060,2
P036,R0061,1
P036,R0062,0
P036,R0063,0
P036,R0064,0
P036,R0065,2
P036,R0066,0
P036,R0067,0
P036,R0068,0
P036,R0069,1
P036,R0070,0
P036,R0071,1
P036,R0072,0
P036,R0073,2
P036,R0074,0
P036,R0075,0
P036,R0076,1
P036,R0077,2
P036,R0078,1
P036,R0079,2
P036,R0080,1
P036,R0081,2
P036,R0082,1
P036,R0083,0
P036,R0084,0
P036,R0085,2
P036,R0086,1
P036,R0087,0
P036,R0088,2
P036,R0089,0
P036,R0090,0
P036,R0091,0
P036,R0092,1
P036,R0093,2
P036,R0094,0
P036,R0095,0
P036,R0096,1
P036,R0097,2
P036,R0098,0
P036,R0099,2
P036,R0100,2
P036,R0101,0
P036,R0102,2
P036,R0103,0
P036,R0104,0
P036,R0105,2
P036,R0106,0
P036,R0107,2
P036,R0108,1
P036,R0109,0
P036,R0110,2
P036,R0111,0
P036,R0112,2
P036,R0113,2
P036,R0114,2
P036,R0115,2
P036,R0116,0
P036,R0117,1
P036,R0118,0
P036,R0119,1
P036,R0120,2
P036,R0121,0
P036,R0122,2
P036,R0123,1
P036,R0124,1
P036,R0125,0
P036,R0126,0
P036,R0127,0
P036,R0128,0
P036,R0129,2
P036,R0130,2
P036,R0131,1
P036,R0132,0
P036,R0133,2
P036,R0134,1
P036,R0135,2
P036,R0136,2
P036,R0137,0
P036,R0138,1
P036,R0139,0
P036,R0140,0
P036,R0141,0
P036,R0142,1
P036,R0143,0
P036,R0144,0
P036,R0145,0
P036,R0146,2
P036,R0147,2
P036,R0148,2
P036,R0149,0
P036,R0150,0
P036,R0151,1
P036,R0152,1
P036,R0153,2
P036,R0154,1
P036,R0155,1
P036,R0156,1
P036,R0157,1
P036,R0158,2
P036,R0159,0
P036,R0160,2
P036,R0161,1
P036,R0162,0
P036,R0163,0
P036,R0164,0
P036,R0165,0
P036,R0166,1
P036,R0167,2
P036,R0168,0
P036,R0169,2
P036,R0170,2
P036,R0171,1
P036,R0172,0
P036,R0173,2
P036,R0174,0
P036,R0175,0
P036,R0176,0
P036,R0177,1
P036,R0178,2
P036,R0179,2
P036,R0180,0
P036,R0181,0
P036,R0182,0
P036,R0183,1
P036,R0184,1
P036,R0185,1
P036,R0186,2
P036,R0187,0
P036,R0188,1
P036,R0189,0
P036,R0190,1
P036,R0191,1
P036,R0192,1
P036,R0193,0
P036,R0194,2
P036,R0195,0
P036,R0196,2
P036,R0197,0
P036,R0198,0
P036,R0199,1
P036,R0200,2
P036,R0201,2
P036,R0202,1
P036,R0203,2
P036,R0204,2
P036,R0205,2
P036,R0206,2
P036,R0207,1
P036,R0208,0
P036,R0209,2
P036,R0210,0
P036,R0211,2
P036,R0212,2
P036,R0213,2
P036,R0214,0
P036,R0215,2
P036,R0216,1
P036,R0217,0
P036,R0218,0
P036,R0219,2
P036,R0220,1
P036,R0221,0
P036,R0222,1
P036,R0223,1
P036,R0224,0
P036,R0225,1
P036,R0226,2
P036,R0227,1
P036,R0228,2
P036,R0229,2
P036,R0230,1
P036,R0231,0
P036,R0232,2
P036,R0233,0
P036,R0234,0
P036,R0235,1
P036,R0236,0
P036,R0237,0
P036,R0238,0
P036,R0239,2
P036,R0240,2
P036,R0241,0
P036,R0242,1
P036,R0243,0
P036,R0244,0
P036,R0245,1
P036,R0246,2
P036,R0247,2
P036,R0248,0
P036,R0249,1
P036,R0250,2
P036,R0251,2
P036,R0252,2
P036,R0253,2
P036,R0254,0
P036,R0255,0
P036,R0256,1
P036,R0257,1
P036,R0258,0
P036,R0259,0
P036,R0260,2
P036,R0261,2
P036,R0262,0
P036,R0263,1
P036,R0264,0
P036,R0265,2
P036,R0266,0
P036,R0267,0
P036,R0268,1
P036,R0269,2
P036,R0270,1
P036,R0271,1
P036,R0272,2
P036,R0273,0
P036,R0274,1
P036,R0275,0
P036,R0276,2
P036,R0277,0
P036,R0278,2
P036,R0279,0
P036,R0280,1
P036,R0281,2
P036,R0282,1
P036,R0283,1
P036,R0284,0
P036,R0285,0
P036,R0286,0
P036,R0287,0
P036,R0288,0
P036,R0289,0
P036,R0290,2
P036,R0291,0
P036,R0292,0
P036,R0293,0
P036,R0294,1
P036,R0295,1
P036,R0296,0
P036,R0297,1
P036,R0298,2
P036,R0299,2
P036,R0300,2
P036,R0301,0
P036,R0302,2
P036,R0303,0
P036,R0304,0
P036,R0305,2
P036,R0306,1
P036,R0307,2
P036,R0308,2
P036,R0309,1
P036,R0310,1
P036,R0311,0
P036,R0312,1
P036,R0313,2
P036,R0314,0
P036,R0315,2
P036,R0316,2
P036,R0317,2
P036,R0318,2
P036,R0319,2
P036,R0320,0
P036,R0321,0
P036,R0322,2
P036,R0323,1
P036,R0324,2
P036,R0325,0
P036,R0326,0
P036,R0327,0
P036,R0328,1
P036,R0329,2
P036,R0330,2
P036,R0331,0
P036,R0332,1
P036,R0333,2
P036,R0334,0
P036,R0335,0
P036,R0336,1
P036,R0337,1
P036,R0338,0
P036,R0339,1
P036,R0340,0
P036,R0341,2
P036,R0342,0
P036,R0343,1
P036,R0344,0
P036,R0345,0
P036,R0346,0
P036,R0347,0
P036,R0348,2
P036,R0349,0
P036,R0350,0
P036,R0351,0
P036,R0352,0
P036,R0353,2
P036,R0354,2
P036,R0355,0
P036,R0356,0
P036,R0357,1
P036,R0358,1
P036,R0359,0
P036,R0360,0
P036,R0361,1
P036,R0362,0
P036,R0363,1
P036,R0364,0
P036,R0365,0
P036,R0366,1
P036,R0367,1
P036,R0368,1
P036,R0369,2
P036,R0370,0
P036,R0371,1
P036,R0372,2
P036,R0373,2
P036,R0374,0
P036,R0375,2
P036,R0376,0
P036,R0377,2
P036,R0378,1
P036,R0379,0
P036,R0380,0
P036,R0381,0
P036,R0382,1
P036,R0383,0
P036,R0384,0
P036,R0385,2
P036,R0386,0
P036,R0387,1
P036,R0388,0
P036,R0389,0
P036,R0390,1
P036,R0391,0
P036,R0392,2
P036,R0393,0
P036,R0394,2
P036,R0395,1
P036,R0396,1
P036,R0397,2
P036,R0398,2
P036,R0399,1
P036,R0400,1
P036,R0401,0
P036,R0402,0
P036,R0403,0
P036,R0404,1
P036,R0405,0
P036,R0406,2
P036,R0407,2
P036,R0408,0
P036,R0409,0
P036,R0410,2
P036,R0411,1
P036,R0412,1
P036,R0413,2
P036,R0414,2
P036,R0415,1
P036,R0416,2
P036,R0417,1
P036,R0418,0
P036,R0419,2
P036,R0420,0
P036,R0421,2
P036,R0422,0
P036,R0423,2
P036,R0424,0
P036,R0425,2
P036,R0426,2
P036,R0427,0
P036,R0428,0
P036,R0429,2
P036,R0430,0
P036,R0431,1
P036,R0432,2
P036,R0433,2
P036,R0434,0
P036,R0435,0
P036,R0436,2
P036,R0437,0
P036,R0438,1
P036,R0439,2
P036,R0440,1
P036,R0441,2
P036,R0442,2
P036,R0443,2
P036,R0444,2
P036,R0445,0
P036,R0446,1
P036,R0447,0
P036,R0448,0
P036,R0449,2
P036,R0450,1
P036,R0451,1
P036,R0452,0
P036,R0453,2
P036,R0454,2
P036,R0455,1
P036,R0456,1
P036,R0457,0
P036,R0458,2
P036,R0459,1
P036,R0460,1
P036,R0461,1
P036,R0462,2
P036,R0463,2
P036,R0464,0
P036,R0465,1
P036,R0466,1
P036,R0467,2
P036,R0468,0
P036,R0469,1
P036,R0470,2
P036,R0471,0
P036,R0472,2
P036,R0473,2
P036,R0474,0
P036,R0475,1
P036,R0476,0
P036,R0477,1
P036,R0478,0
P036,R0479,2
P036,R0480,2
P036,R0481,2
P036,R0482,0
P036,R0483,1
P036,R0484,0
P036,R0485,1
P036,R0486,2
P036,R0487,1
P036,R0488,1
P036,R0489,2
P036,R0490,0
P036,R0491,1
P036,R0492,1
P036,R0493,1
P036,R0494,1
P036,R0495,0
P036,R0496,1
P036,R0497,1
P036,R0498,0
P036,R0499,1
P036,R0500,1
P036,R0501,0
P036,R0502,2
P036,R0503,1
P036,R0504,1
P036,R0505,0
P036,R0506,2
P036,R0507,0
P036,R0508,2
P036,R0509,1
P036,R0510,2
P036,R0511,1
P036,R0512,2
P036,R0513,2
P036,R0514,2
P036,R0515,2
P036,R0516,2
P036,R0517,2
P036,R0518,2
P036,R0519,1
P036,R0520,0
P036,R0521,0
P036,R0522,0
P036,R0523,1
P036,R0524,2
P036,R0525,0
P036,R0526,0
P036,R0527,1
P036,R0528,2
P036,R0529,0
P036,R0530,2
P036,R0531,1
P036,R0532,1
P036,R0533,1
P036,R0534,1
P036,R0535,0
P036,R0536,2
P036,R0537,0
P036,R0538,2
P036,R0539,2
P036,R0540,0
P036,R0541,2
P036,R0542,1
P036,R0543,1
P036,R0544,1
P036,R0545,2
P036,R0546,0
P036,R0547,0
P036,R0548,2
P036,R0549,0
P036,R0550,0
P036,R0551,2
P036,R0552,0
P036,R0553,1
P036,R0554,2
P036,R0555,1
P036,R0556,0
P036,R0557,0
P036,R0558,0
P036,R0559,0
P036,R0560,0
P036,R0561,0
P036,R0562,0
P036,R0563,2
P036,R0564,0
P036,R0565,2
P036,R0566,0
P036,R0567,1
P036,R0568,0
P036,R0569,2
P036,R0570,2
P036,R0571,0
P036,R0572,1
P036,R0573,1
P036,R0574,0
P036,R0575,0
P036,R0576,2
P036,R0577,1
P036,R0578,2
P036,R0579,2
P036,R0580,0
P036,R0581,1
P036,R0582,1
P036,R0583,2
P036,R0584,1
P036,R0585,0
P036,R0586,0
P036,R0587,0
P036,R0588,0
P036,R0589,2
P036,R0590,2
P036,R0591,1
P036,R0592,0
P036,R0593,0
P036,R0594,1
P036,R0595,0
P036,R0596,0
P036,R0597,2
P036,R0598,1
P036,R0599,0
P036,R0600,0
P037,R0001,1
P037,R0002,2
P037,R0003,0
P037,R0004,0
P037,R0005,1
P037,R0006,1
P037,R0007,1
P037,R0008,0
P037,R0009,0
P037,R0010,2
P037,R0011,0
P037,R0012,0
P037,R0013,2
P037,R0014,0
P037,R0015,0
P037,R0016,0
P037,R0017,0
P037,R0018,2
P037,R0019,0
P037,R0020,1
P037,R0021,0
P037,R0022,2
P037,R0023,2
P037,R0024,0
P037,R0025,0
P037,R0026,0
P037,R0027,0
P037,R0028,0
P037,R0029,0
P037,R0030,0
P037,R0031,0
P037,R0032,1
P037,R0033,1
P037,R0034,1
P037,R0035,0
P037,R0036,2
P037,R0037,0
P037,R0038,0
P037,R0039,2
P037,R0040,1
P037,R0041,0
P037,R0042,0
P037,R0043,0
P037,R0044,0
P037,R0045,0
P037,R0046,0
P037,R0047,2
P037,R0048,0
P037,R0049,2
P037,R0050,1
P037,R0051,1
P037,R0052,1
P037,R0053,1
P037,R0054,0
P037,R0055,0
P037,R0056,0
P037,R0057,0
P037,R0058,0
P037,R0059,1
P037,R0060,0
P037,R0061,0
P037,R0062,2
P037,R0063,2
P037,R0064,1
P037,R0065,1
P037,R0066,0
P037,R0067,1
P037,R0068,1
P037,R0069,0
P037,R0070,0
P037,R0071,0
P037,R0072,1
P037,R0073,1
P037,R0074,2
P037,R0075,0
P037,R0076,0
P037,R0077,0
P037,R0078,2
P037,R0079,0
P037,R0080,2
P037,R0081,1
P037,R0082,1
P037,R0083,1
P037,R0084,2
P037,R0085,2
P037,R0086,2
P037,R0087,1
P037,R0088,0
P037,R0089,0
P037,R0090,2
P037,R0091,2
P037,R0092,0
P037,R0093,0
P037,R0094,1
P037,R0095,1
P037,R0096,0
P037,R0097,2
P037,R0098,0
P037,R0099,1
P037,R0100,0
P037,R0101,0
P037,R0102,0
P037,R0103,2
P037,R0104,1
P037,R0105,1
P037,R0106,2
P037,R0107,0
P037,R0108,0
P037,R0109,1
P037,R0110,0
P037,R0111,1
P037,R0112,0
P037,R0113,2
P037,R0114,0
P037,R0115,0
P037,R0116,2
P037,R0117,1
P037,R0118,2
P037,R0119,0
P037,R0120,0
P037,R0121,2
P037,R0122,0
P037,R0123,2
P037,R0124,2
P037,R0125,2
P037,R0126,2
P037,R0127,2
P037,R0128,1
P037,R0129,0
P037,R0130,0
P037,R0131,0
P037,R0132,0
P037,R0133,0
P037,R0134,0
P037,R0135,0
P037,R0136,2
P037,R0137,0
P037,R0138,2
P037,R0139,1
P037,R0140,2
P037,R0141,1
P037,R0142,0
P037,R0143,2
P037,R0144,2
P037,R0145,0
P037,R0146,0
P037,R0147,0
P037,R0148,0
P037,R0149,0
P037,R0150,0
P037,R0151,0
P037,R0152,0
P037,R0153,2
P037,R0154,0
P037,R0155,0
P037,R0156,1
P037,R0157,0
P037,R0158,0
P037,R0159,0
P037,R0160,0
P037,R0161,0
P037,R0162,1
P037,R0163,1
P037,R0164,2
P037,R0165,0
P037,R0166,0
P037,R0167,2
P037,R0168,2
P037,R0169,0
P037,R0170,0
P037,R0171,0
P037,R0172,0
P037,R0173,1
P037,R0174,0
P037,R0175,1
P037,R0176,2
P037,R0177,0
P037,R0178,0
P037,R0179,1
P037,R0180,0
P037,R0181,0
P037,R0182,0
P037,R0183,0
P037,R0184,2
P037,R0185,0
P037,R0186,1
P037,R0187,0
P037,R0188,0
P037,R0189,1
P037,R0190,0
P037,R0191,1
P037,R0192,0
P037,R0193,0
P037,R0194,0
P037,R0195,2
P037,R0196,0
P037,R0197,0
P037,R0198,2
P037,R0199,0
P037,R0200,0
P037,R0201,0
P037,R0202,0
P037,R0203,0
P037,R0204,0
P037,R0205,0
P037,R0206,0
P037,R0207,1
P037,R0208,0
P037,R0209,0
P037,R0210,2
P037,R0211,0
P037,R0212,0
P037,R0213,0
P037,R0214,2
P037,R0215,0
P037,R0216,0
P037,R0217,0
P037,R0218,0
P037,R0219,2
P037,R0220,0
P037,R0221,2
P037,R0222,0
P037,R0223,0
P037,R0224,2
P037,R0225,0
P037,R0226,1
P037,R0227,0
P037,R0228,2
P037,R0229,0
P037,R0230,0
P037,R0231,2
P037,R0232,0
P037,R0233,0
P037,R0234,2
P037,R0235,1
P037,R0236,0
P037,R0237,2
P037,R0238,0
P037,R0239,2
P037,R0240,0
P037,R0241,0
P037,R0242,2
P037,R0243,0
P037,R0244,0
P037,R0245,2
P037,R0246,0
P037,R0247,0
P037,R0248,2
P037,R0249,0
P037,R0250,0
P037,R0251,0
P037,R0252,0
P037,R0253,0
P037,R0254,1
P037,R0255,1
P037,R0256,0
P037,R0257,0
P037,R0258,1
P037,R0259,2
P037,R0260,0
P037,R0261,2
P037,R0262,1
P037,R0263,0
P037,R0264,2
P037,R0265,1
P037,R0266,2
P037,R0267,0
P037,R0268,0
P037,R0269,0
P037,R0270,0
P037,R0271,0
P037,R0272,0
P037,R0273,1
P037,R0274,0
P037,R0275,0
P037,R0276,0
P037,R0277,2
P037,R0278,0
P037,R0279,2
P037,R0280,2
P037,R0281,0
P037,R0282,0
P037,R0283,1
P037,R0284,1
P037,R0285,0
P037,R0286,1
P037,R0287,1
P037,R0288,2
P037,R0289,2
P037,R0290,2
P037,R0291,0
P037,R0292,2
P037,R0293,1
P037,R0294,2
P037,R0295,2
P037,R0296,0
P037,R0297,2
P037,R0298,0
P037,R0299,2
P037,R0300,1
P037,R0301,0
P037,R0302,0
P037,R0303,1
P037,R0304,0
P037,R0305,0
P037,R0306,0
P037,R0307,0
P037,R0308,0
P037,R0309,2
P037,R0310,0
P037,R0311,1
P037,R0312,2
P037,R0313,0
P037,R0314,2
P037,R0315,0
P037,R0316,0
P037,R0317,0
P037,R0318,0
P037,R0319,0
P037,R0320,2
P037,R0321,0
P037,R0322,0
P037,R0323,0
P037,R0324,0
P037,R0325,2
P037,R0326,0
P037,R0327,0
P037,R0328,0
P037,R0329,0
P037,R0330,0
P037,R0331,2
P037,R0332,0
P037,R0333,0
P037,R0334,2
P037,R0335,0
P037,R0336,0
P037,R0337,0
P037,R0338,2
P037,R0339,0
P037,R0340,1
P037,R0341,1
P037,R0342,0
P037,R0343,0
P037,R0344,0
P037,R0345,2
P037,R0346,2
P037,R0347,0
P037,R0348,0
P037,R0349,2
P037,R0350,2
P037,R0351,0
P037,R0352,2
P037,R0353,0
P037,R0354,0
P037,R0355,2
P037,R0356,2
P037,R0357,0
P037,R0358,0
P037,R0359,1
P037,R0360,2
P037,R0361,0
P037,R0362,1
P037,R0363,2
P037,R0364,1
P037,R0365,1
P037,R0366,0
P037,R0367,0
P037,R0368,0
P037,R0369,0
P037,R0370,1
P037,R0371,0
P037,R0372,0
P037,R0373,2
P037,R0374,1
P037,R0375,0
P037,R0376,0
P037,R0377,1
P037,R0378,0
P037,R0379,0
P037,R0380,0
P037,R0381,1
P037,R0382,2
P037,R0383,2
P037,R0384,2
P037,R0385,0
P037,R0386,2
P037,R0387,0
P037,R0388,1
P037,R0389,0
P037,R0390,2
P037,R0391,1
P037,R0392,0
P037,R0393,2
P037,R0394,0
P037,R0395,2
P037,R0396,0
P037,R0397,1
P037,R0398,2
P037,R0399,2
P037,R0400,0
P037,R0401,2
P037,R0402,0
P037,R0403,1
P037,R0404,2
P037,R0405,2
P037,R0406,2
P037,R0407,0
P037,R0408,0
P037,R0409,1
P037,R0410,0
P037,R0411,0
P037,R0412,0
P037,R0413,0
P037,R0414,2
P037,R0415,0
P037,R0416,0
P037,R0417,0
P037,R0418,0
P037,R0419,0
P037,R0420,1
P037,R0421,1
P037,R0422,1
P037,R0423,2
P037,R0424,0
P037,R0425,0
P037,R0426,0
P037,R0427,0
P037,R0428,2
P037,R0429,2
P037,R0430,0
P037,R0431,1
P037,R0432,0
P037,R0433,0
P037,R0434,2
P037,R0435,2
P037,R0436,2
P037,R0437,0
P037,R0438,0
P037,R0439,1
P037,R0440,1
P037,R0441,0
P037,R0442,0
P037,R0443,0
P037,R0444,2
P037,R0445,0
P037,R0446,2
P037,R0447,1
P037,R0448,1
P037,R0449,1
P037,R0450,2
P037,R0451,1
P037,R0452,0
P037,R0453,0
P037,R0454,0
P037,R0455,2
P037,R0456,0
P037,R0457,0
P037,R0458,2
P037,R0459,0
P037,R0460,0
P037,R0461,0
P037,R0462,2
P037,R0463,0
P037,R0464,2
P037,R0465,0
P037,R0466,0
P037,R0467,1
P037,R0468,2
P037,R0469,2
P037,R0470,0
P037,R0471,0
P037,R0472,1
P037,R0473,0
P037,R0474,1
P037,R0475,0
P037,R0476,2
P037,R0477,0
P037,R0478,2
P037,R0479,1
P037,R0480,0
P037,R0481,0
P037,R0482,0
P037,R0483,2
P037,R0484,1
P037,R0485,0
P037,R0486,1
P037,R0487,1
P037,R0488,0
P037,R0489,1
P037,R0490,1
P037,R0491,2
P037,R0492,0
P037,R0493,0
P037,R0494,0
P037,R0495,0
P037,R0496,0
P037,R0497,0
P037,R0498,2
P037,R0499,2
P037,R0500,1
P037,R0501,1
P037,R0502,0
P037,R0503,2
P037,R0504,0
P037,R0505,0
P037,R0506,2
P037,R0507,2
P037,R0508,2
P037,R0509,0
P037,R0510,2
P037,R0511,0
P037,R0512,0
P037,R0513,2
P037,R0514,0
P037,R0515,2
P037,R0516,0
P037,R0517,0
P037,R0518,1
P037,R0519,2
P037,R0520,2
P037,R0521,2
P037,R0522,2
P037,R0523,1
P037,R0524,0
P037,R0525,0
P037,R0526,0
P037,R0527,1
P037,R0528,1
P037,R0529,2
P037,R0530,2
P037,R0531,0
P037,R0532,0
P037,R0533,2
P037,R0534,0
P037,R0535,0
P037,R0536,0
P037,R0537,1
P037,R0538,2
P037,R0539,0
P037,R0540,0
P037,R0541,0
P037,R0542,0
P037,R0543,0
P037,R0544,0
P037,R0545,2
P037,R0546,2
P037,R0547,0
P037,R0548,2
P037,R0549,2
P037,R0550,2
P037,R0551,0
P037,R0552,1
P037,R0553,0
P037,R0554,0
P037,R0555,0
P037,R0556,2
P037,R0557,1
P037,R0558,1
P037,R0559,1
P037,R0560,0
P037,R0561,0
P037,R0562,2
P037,R0563,0
P037,R0564,0
P037,R0565,0
P037,R0566,1
P037,R0567,0
P037,R0568,2
P037,R0569,0
P037,R0570,0
P037,R0571,1
P037,R0572,1
P037,R0573,0
P037,R0574,0
P037,R0575,2
P037,R0576,2
P037,R0577,0
P037,R0578,0
P037,R0579,2
P037,R0580,2
P037,R0581,0
P037,R0582,0
P037,R0583,0
P037,R0584,1
P037,R0585,1
P037,R0586,2
P037,R0587,2
P037,R0588,1
P037,R0589,0
P037,R0590,0
P037,R0591,0
P037,R0592,1
P037,R0593,2
P037,R0594,0
P037,R0595,0
P037,R0596,1
P037,R0597,1
P037,R0598,2
P037,R0599,1
P037,R0600,0
P038,R0001,2
P038,R0002,1
P038,R0003,0
P038,R0004,0
P038,R0005,2
P038,R0006,0
P038,R0007,1
P038,R0008,0
P038,R0009,0
P038,R0010,0
P038,R0011,0
P038,R0012,0
P038,R0013,0
P038,R0014,0
P038,R0015,0
P038,R0016,2
P038,R0017,0
P038,R0018,1
P038,R0019,0
P038,R0020,2
P038,R0021,2
P038,R0022,0
P038,R0023,0
P038,R0024,0
P038,R0025,0
P038,R0026,2
P038,R0027,0
P038,R0028,0
P038,R0029,0
P038,R0030,0
P038,R0031,2
P038,R0032,2
P038,R0033,2
P038,R0034,2
P038,R0035,0
P038,R0036,1
P038,R0037,0
P038,R0038,0
P038,R0039,2
P038,R0040,2
P038,R0041,0
P038,R0042,0
P038,R0043,0
P038,R0044,2
P038,R0045,2
P038,R0046,0
P038,R0047,0
P038,R0048,0
P038,R0049,1
P038,R0050,2
P038,R0051,2
P038,R0052,2
P038,R0053,2
P038,R0054,2
P038,R0055,0
P038,R0056,2
P038,R0057,0
P038,R0058,0
P038,R0059,2
P038,R0060,0
P038,R0061,0
P038,R0062,2
P038,R0063,0
P038,R0064,2
P038,R0065,2
P038,R0066,0
P038,R0067,2
P038,R0068,1
P038,R0069,0
P038,R0070,2
P038,R0071,0
P038,R0072,1
P038,R0073,1
P038,R0074,1
P038,R0075,0
P038,R0076,0
P038,R0077,0
P038,R0078,1
P038,R0079,0
P038,R0080,1
P038,R0081,2
P038,R0082,2
P038,R0083,2
P038,R0084,1
P038,R0085,1
P038,R0086,0
P038,R0087,2
P038,R0088,0
P038,R0089,2
P038,R0090,1
P038,R0091,2
P038,R0092,0
P038,R0093,0
P038,R0094,2
P038,R0095,2
P038,R0096,2
P038,R0097,0
P038,R0098,0
P038,R0099,2
P038,R0100,0
P038,R0101,0
P038,R0102,0
P038,R0103,0
P038,R0104,2
P038,R0105,2
P038,R0106,1
P038,R0107,0
P038,R0108,0
P038,R0109,2
P038,R0110,0
P038,R0111,2
P038,R0112,0
P038,R0113,0
P038,R0114,0
P038,R0115,0
P038,R0116,1
P038,R0117,0
P038,R0118,1
P038,R0119,0
P038,R0120,0
P038,R0121,1
P038,R0122,0
P038,R0123,0
P038,R0124,1
P038,R0125,2
P038,R0126,0
P038,R0127,2
P038,R0128,2
P038,R0129,2
P038,R0130,2
P038,R0131,0
P038,R0132,0
P038,R0133,0
P038,R0134,0
P038,R0135,0
P038,R0136,0
P038,R0137,0
P038,R0138,1
P038,R0139,2
P038,R0140,2
P038,R0141,2
P038,R0142,0
P038,R0143,0
P038,R0144,0
P038,R0145,2
P038,R0146,0
P038,R0147,0
P038,R0148,0
P038,R0149,0
P038,R0150,0
P038,R0151,2
P038,R0152,2
P038,R0153,1
P038,R0154,0
P038,R0155,2
P038,R0156,1
P038,R0157,0
P038,R0158,2
P038,R0159,0
P038,R0160,0
P038,R0161,0
P038,R0162,2
P038,R0163,2
P038,R0164,2
P038,R0165,0
P038,R0166,2
P038,R0167,1
P038,R0168,1
P038,R0169,0
P038,R0170,0
P038,R0171,0
P038,R0172,2
P038,R0173,2
P038,R0174,0
P038,R0175,2
P038,R0176,1
P038,R0177,0
P038,R0178,2
P038,R0179,1
P038,R0180,2
P038,R0181,0
P038,R0182,2
P038,R0183,0
P038,R0184,0
P038,R0185,0
P038,R0186,2
P038,R0187,0
P038,R0188,0
P038,R0189,0
P038,R0190,0
P038,R0191,0
P038,R0192,0
P038,R0193,2
P038,R0194,0
P038,R0195,2
P038,R0196,0
P038,R0197,0
P038,R0198,1
P038,R0199,0
P038,R0200,0
P038,R0201,2
P038,R0202,0
P038,R0203,0
P038,R0204,0
P038,R0205,0
P038,R0206,0
P038,R0207,2
P038,R0208,0
P038,R0209,0
P038,R0210,1
P038,R0211,0
P038,R0212,0
P038,R0213,0
P038,R0214,1
P038,R0215,0
P038,R0216,0
P038,R0217,0
P038,R0218,0
P038,R0219,0
P038,R0220,0
P038,R0221,1
P038,R0222,0
P038,R0223,0
P038,R0224,1
P038,R0225,0
P038,R0226,0
P038,R0227,0
P038,R0228,0
P038,R0229,0
P038,R0230,0
P038,R0231,2
P038,R0232,0
P038,R0233,0
P038,R0234,1
P038,R0235,2
P038,R0236,2
P038,R0237,2
P038,R0238,0
P038,R0239,1
P038,R0240,0
P038,R0241,0
P038,R0242,0
P038,R0243,2
P038,R0244,2
P038,R0245,1
P038,R0246,2
P038,R0247,0
P038,R0248,0
P038,R0249,0
P038,R0250,0
P038,R0251,0
P038,R0252,0
P038,R0253,0
P038,R0254,2
P038,R0255,2
P038,R0256,0
P038,R0257,2
P038,R0258,2
P038,R0259,0
P038,R0260,0
P038,R0261,0
P038,R0262,2
P038,R0263,0
P038,R0264,1
P038,R0265,2
P038,R0266,0
P038,R0267,0
P038,R0268,0
P038,R0269,0
P038,R0270,0
P038,R0271,0
P038,R0272,0
P038,R0273,1
P038,R0274,0
P038,R0275,0
P038,R0276,0
P038,R0277,0
P038,R0278,0
P038,R0279,0
P038,R0280,1
P038,R0281,0
P038,R0282,2
P038,R0283,2
P038,R0284,2
P038,R0285,0
P038,R0286,2
P038,R0287,2
P038,R0288,2
P038,R0289,2
P038,R0290,1
P038,R0291,0
P038,R0292,0
P038,R0293,2
P038,R0294,1
P038,R0295,0
P038,R0296,0
P038,R0297,0
P038,R0298,0
P038,R0299,1
P038,R0300,2
P038,R0301,2
P038,R0302,0
P038,R0303,2
P038,R0304,2
P038,R0305,0
P038,R0306,0
P038,R0307,0
P038,R0308,0
P038,R0309,0
P038,R0310,0
P038,R0311,2
P038,R0312,0
P038,R0313,0
P038,R0314,2
P038,R0315,0
P038,R0316,0
P038,R0317,0
P038,R0318,0
P038,R0319,0
P038,R0320,2
P038,R0321,2
P038,R0322,2
P038,R0323,0
P038,R0324,0
P038,R0325,1
P038,R0326,2
P038,R0327,0
P038,R0328,0
P038,R0329,0
P038,R0330,0
P038,R0331,1
P038,R0332,0
P038,R0333,0
P038,R0334,1
P038,R0335,0
P038,R0336,0
P038,R0337,2
P038,R0338,1
P038,R0339,0
P038,R0340,2
P038,R0341,2
P038,R0342,0
P038,R0343,2
P038,R0344,0
P038,R0345,0
P038,R0346,1
P038,R0347,0
P038,R0348,0
P038,R0349,0
P038,R0350,1
P038,R0351,2
P038,R0352,1
P038,R0353,2
P038,R0354,0
P038,R0355,0
P038,R0356,2
P038,R0357,0
P038,R0358,0
P038,R0359,2
P038,R0360,1
P038,R0361,2
P038,R0362,2
P038,R0363,1
P038,R0364,2
P038,R0365,0
P038,R0366,2
P038,R0367,2
P038,R0368,0
P038,R0369,0
P038,R0370,2
P038,R0371,0
P038,R0372,0
P038,R0373,1
P038,R0374,2
P038,R0375,0
P038,R0376,2
P038,R0377,1
P038,R0378,0
P038,R0379,0
P038,R0380,0
P038,R0381,1
P038,R0382,0
P038,R0383,0
P038,R0384,0
P038,R0385,0
P038,R0386,2
P038,R0387,0
P038,R0388,2
P038,R0389,0
P038,R0390,1
P038,R0391,2
P038,R0392,0
P038,R0393,1
P038,R0394,0
P038,R0395,1
P038,R0396,0
P038,R0397,2
P038,R0398,0
P038,R0399,0
P038,R0400,0
P038,R0401,0
P038,R0402,0
P038,R0403,2
P038,R0404,1
P038,R0405,2
P038,R0406,1
P038,R0407,0
P038,R0408,0
P038,R0409,2
P038,R0410,0
P038,R0411,2
P038,R0412,0
P038,R0413,2
P038,R0414,0
P038,R0415,0
P038,R0416,0
P038,R0417,0
P038,R0418,0
P038,R0419,0
P038,R0420,2
P038,R0421,2
P038,R0422,1
P038,R0423,0
P038,R0424,0
P038,R0425,0
P038,R0426,0
P038,R0427,0
P038,R0428,0
P038,R0429,1
P038,R0430,2
P038,R0431,2
P038,R0432,0
P038,R0433,0
P038,R0434,0
P038,R0435,2
P038,R0436,1
P038,R0437,0
P038,R0438,0
P038,R0439,2
P038,R0440,2
P038,R0441,2
P038,R0442,0
P038,R0443,0
P038,R0444,1
P038,R0445,0
P038,R0446,0
P038,R0447,2
P038,R0448,2
P038,R0449,1
P038,R0450,1
P038,R0451,2
P038,R0452,2
P038,R0453,0
P038,R0454,0
P038,R0455,0
P038,R0456,0
P038,R0457,2
P038,R0458,1
P038,R0459,0
P038,R0460,0
P038,R0461,0
P038,R0462,0
P038,R0463,0
P038,R0464,1
P038,R0465,0
P038,R0466,0
P038,R0467,1
P038,R0468,1
P038,R0469,0
P038,R0470,0
P038,R0471,0
P038,R0472,2
P038,R0473,0
P038,R0474,2
P038,R0475,0
P038,R0476,2
P038,R0477,0
P038,R0478,2
P038,R0479,2
P038,R0480,0
P038,R0481,2
P038,R0482,0
P038,R0483,0
P038,R0484,2
P038,R0485,0
P038,R0486,2
P038,R0487,1
P038,R0488,0
P038,R0489,2
P038,R0490,2
P038,R0491,0
P038,R0492,0
P038,R0493,0
P038,R0494,0
P038,R0495,0
P038,R0496,0
P038,R0497,0
P038,R0498,2
P038,R0499,1
P038,R0500,2
P038,R0501,2
P038,R0502,0
P038,R0503,1
P038,R0504,2
P038,R0505,0
P038,R0506,0
P038,R0507,1
P038,R0508,1
P038,R0509,0
P038,R0510,0
P038,R0511,0
P038,R0512,0
P038,R0513,1
P038,R0514,0
P038,R0515,0
P038,R0516,2
P038,R0517,0
P038,R0518,0
P038,R0519,1
P038,R0520,0
P038,R0521,2
P038,R0522,1
P038,R0523,2
P038,R0524,0
P038,R0525,2
P038,R0526,0
P038,R0527,0
P038,R0528,0
P038,R0529,2
P038,R0530,1
P038,R0531,0
P038,R0532,0
P038,R0533,0
P038,R0534,0
P038,R0535,0
P038,R0536,0
P038,R0537,2
P038,R0538,1
P038,R0539,2
P038,R0540,0
P038,R0541,0
P038,R0542,0
P038,R0543,0
P038,R0544,0
P038,R0545,1
P038,R0546,1
P038,R0547,0
P038,R0548,0
P038,R0549,1
P038,R0550,1
P038,R0551,0
P038,R0552,2
P038,R0553,0
P038,R0554,0
P038,R0555,0
P038,R0556,2
P038,R0557,2
P038,R0558,0
P038,R0559,2
P038,R0560,2
P038,R0561,2
P038,R0562,1
P038,R0563,0
P038,R0564,0
P038,R0565,0
P038,R0566,2
P038,R0567,0
P038,R0568,1
P038,R0569,2
P038,R0570,2
P038,R0571,2
P038,R0572,1
P038,R0573,2
P038,R0574,2
P038,R0575,0
P038,R0576,0
P038,R0577,0
P038,R0578,0
P038,R0579,1
P038,R0580,2
P038,R0581,2
P038,R0582,2
P038,R0583,2
P038,R0584,2
P038,R0585,2
P038,R0586,1
P038,R0587,2
P038,R0588,2
P038,R0589,0
P038,R0590,0
P038,R0591,0
P038,R0592,2
P038,R0593,0
P038,R0594,2
P038,R0595,2
P038,R0596,0
P038,R0597,1
P038,R0598,1
P038,R0599,2
P038,R0600,0
P039,R0001,1
P039,R0002,0
P039,R0003,1
P039,R0004,0
P039,R0005,1
P039,R0006,1
P039,R0007,1
P039,R0008,2
P039,R0009,0
P039,R0010,1
P039,R0011,0
P039,R0012,1
P039,R0013,2
P039,R0014,0
P039,R0015,0
P039,R0016,1
P039,R0017,1
P039,R0018,1
P039,R0019,1
P039,R0020,1
P039,R0021,0
P039,R0022,0
P039,R0023,2
P039,R0024,0
P039,R0025,0
P039,R0026,1
P039,R0027,1
P039,R0028,0
P039,R0029,1
P039,R0030,1
P039,R0031,1
P039,R0032,0
P039,R0033,1
P039,R0034,1
P039,R0035,2
P039,R0036,2
P039,R0037,0
P039,R0038,0
P039,R0039,1
P039,R0040,0
P039,R0041,0
P039,R0042,1
P039,R0043,1
P039,R0044,0
P039,R0045,1
P039,R0046,1
P039,R0047,0
P039,R0048,1
P039,R0049,1
P039,R0050,1
P039,R0051,0
P039,R0052,0
P039,R0053,1
P039,R0054,1
P039,R0055,1
P039,R0056,1
P039,R0057,0
P039,R0058,1
P039,R0059,1
P039,R0060,0
P039,R0061,1
P039,R0062,0
P039,R0063,1
P039,R0064,0
P039,R0065,0
P039,R0066,0
P039,R0067,1
P039,R0068,1
P039,R0069,0
P039,R0070,1
P039,R0071,1
P039,R0072,1
P039,R0073,1
P039,R0074,1
P039,R0075,1
P039,R0076,1
P039,R0077,0
P039,R0078,1
P039,R0079,2
P039,R0080,1
P039,R0081,1
P039,R0082,0
P039,R0083,0
P039,R0084,1
P039,R0085,1
P039,R0086,1
P039,R0087,1
P039,R0088,1
P039,R0089,1
P039,R0090,1
P039,R0091,1
P039,R0092,0
P039,R0093,1
P039,R0094,0
P039,R0095,1
P039,R0096,0
P039,R0097,1
P039,R0098,0
P039,R0099,0
P039,R0100,1
P039,R0101,1
P039,R0102,1
P039,R0103,2
P039,R0104,0
P039,R0105,1
P039,R0106,0
P039,R0107,0
P039,R0108,2
P039,R0109,0
P039,R0110,1
P039,R0111,1
P039,R0112,0
P039,R0113,1
P039,R0114,1
P039,R0115,0
P039,R0116,0
P039,R0117,1
P039,R0118,1
P039,R0119,0
P039,R0120,1
P039,R0121,1
P039,R0122,0
P039,R0123,1
P039,R0124,1
P039,R0125,0
P039,R0126,1
P039,R0127,1
P039,R0128,1
P039,R0129,1
P039,R0130,1
P039,R0131,1
P039,R0132,0
P039,R0133,0
P039,R0134,2
P039,R0135,0
P039,R0136,1
P039,R0137,0
P039,R0138,0
P039,R0139,1
P039,R0140,1
P039,R0141,0
P039,R0142,1
P039,R0143,1
P039,R0144,1
P039,R0145,1
P039,R0146,0
P039,R0147,0
P039,R0148,1
P039,R0149,2
P039,R0150,2
P039,R0151,1
P039,R0152,1
P039,R0153,1
P039,R0154,1
P039,R0155,0
P039,R0156,1
P039,R0157,2
P039,R0158,1
P039,R0159,2
P039,R0160,0
P039,R0161,1
P039,R0162,2
P039,R0163,1
P039,R0164,1
P039,R0165,0
P039,R0166,0
P039,R0167,1
P039,R0168,1
P039,R0169,1
P039,R0170,1
P039,R0171,2
P039,R0172,0
P039,R0173,1
P039,R0174,2
P039,R0175,1
P039,R0176,2
P039,R0177,1
P039,R0178,1
P039,R0179,1
P039,R0180,0
P039,R0181,1
P039,R0182,1
P039,R0183,0
P039,R0184,0
P039,R0185,2
P039,R0186,1
P039,R0187,2
P039,R0188,0
P039,R0189,0
P039,R0190,0
P039,R0191,1
P039,R0192,1
P039,R0193,1
P039,R0194,0
P039,R0195,0
P039,R0196,1
P039,R0197,2
P039,R0198,1
P039,R0199,1
P039,R0200,1
P039,R0201,1
P039,R0202,0
P039,R0203,1
P039,R0204,2
P039,R0205,1
P039,R0206,1
P039,R0207,1
P039,R0208,1
P039,R0209,0
P039,R0210,0
P039,R0211,1
P039,R0212,0
P039,R0213,0
P039,R0214,0
P039,R0215,1
P039,R0216,1
P039,R0217,0
P039,R0218,0
P039,R0219,1
P039,R0220,2
P039,R0221,1
P039,R0222,0
P039,R0223,1
P039,R0224,2
P039,R0225,0
P039,R0226,0
P039,R0227,1
P039,R0228,1
P039,R0229,0
P039,R0230,1
P039,R0231,1
P039,R0232,1
P039,R0233,0
P039,R0234,2
P039,R0235,0
P039,R0236,1
P039,R0237,1
P039,R0238,1
P039,R0239,1
P039,R0240,1
P039,R0241,1
P039,R0242,1
P039,R0243,1
P039,R0244,2
P039,R0245,1
P039,R0246,1
P039,R0247,2
P039,R0248,1
P039,R0249,0
P039,R0250,1
P039,R0251,1
P039,R0252,0
P039,R0253,1
P039,R0254,0
P039,R0255,1
P039,R0256,0
P039,R0257,1
P039,R0258,1
P039,R0259,2
P039,R0260,1
P039,R0261,0
P039,R0262,1
P039,R0263,1
P039,R0264,1
P039,R0265,1
P039,R0266,1
P039,R0267,0
P039,R0268,0
P039,R0269,2
P039,R0270,1
P039,R0271,1
P039,R0272,0
P039,R0273,1
P039,R0274,0
P039,R0275,1
P039,R0276,0
P039,R0277,0
P039,R0278,1
P039,R0279,1
P039,R0280,0
P039,R0281,1
P039,R0282,1
P039,R0283,1
P039,R0284,1
P039,R0285,0
P039,R0286,0
P039,R0287,1
P039,R0288,1
P039,R0289,1
P039,R0290,1
P039,R0291,1
P039,R0292,1
P039,R0293,0
P039,R0294,1
P039,R0295,0
P039,R0296,0
P039,R0297,1
P039,R0298,1
P039,R0299,1
P039,R0300,1
P039,R0301,0
P039,R0302,1
P039,R0303,1
P039,R0304,1
P039,R0305,1
P039,R0306,1
P039,R0307,1
P039,R0308,0
P039,R0309,1
P039,R0310,1
P039,R0311,1
P039,R0312,0
P039,R0313,1
P039,R0314,0
P039,R0315,1
P039,R0316,0
P039,R0317,0
P039,R0318,0
P039,R0319,0
P039,R0320,1
P039,R0321,2
P039,R0322,1
P039,R0323,2
P039,R0324,1
P039,R0325,1
P039,R0326,0
P039,R0327,2
P039,R0328,2
P039,R0329,2
P039,R0330,0
P039,R0331,0
P039,R0332,1
P039,R0333,1
P039,R0334,1
P039,R0335,1
P039,R0336,1
P039,R0337,1
P039,R0338,1
P039,R0339,1
P039,R0340,1
P039,R0341,1
P039,R0342,1
P039,R0343,0
P039,R0344,0
P039,R0345,0
P039,R0346,0
P039,R0347,0
P039,R0348,1
P039,R0349,0
P039,R0350,1
P039,R0351,1
P039,R0352,1
P039,R0353,1
P039,R0354,1
P039,R0355,1
P039,R0356,1
P039,R0357,1
P039,R0358,1
P039,R0359,1
P039,R0360,2
P039,R0361,0
P039,R0362,1
P039,R0363,0
P039,R0364,0
P039,R0365,1
P039,R0366,0
P039,R0367,1
P039,R0368,1
P039,R0369,1
P039,R0370,1
P039,R0371,0
P039,R0372,1
P039,R0373,1
P039,R0374,0
P039,R0375,0
P039,R0376,1
P039,R0377,0
P039,R0378,1
P039,R0379,0
P039,R0380,1
P039,R0381,0
P039,R0382,0
P039,R0383,1
P039,R0384,1
P039,R0385,0
P039,R0386,1
P039,R0387,2
P039,R0388,0
P039,R0389,2
P039,R0390,1
P039,R0391,0
P039,R0392,1
P039,R0393,2
P039,R0394,0
P039,R0395,0
P039,R0396,1
P039,R0397,1
P039,R0398,1
P039,R0399,1
P039,R0400,0
P039,R0401,1
P039,R0402,0
P039,R0403,1
P039,R0404,1
P039,R0405,1
P039,R0406,0
P039,R0407,1
P039,R0408,0
P039,R0409,0
P039,R0410,0
P039,R0411,1
P039,R0412,1
P039,R0413,1
P039,R0414,1
P039,R0415,0
P039,R0416,0
P039,R0417,1
P039,R0418,0
P039,R0419,1
P039,R0420,1
P039,R0421,1
P039,R0422,1
P039,R0423,1
P039,R0424,0
P039,R0425,1
P039,R0426,2
P039,R0427,2
P039,R0428,0
P039,R0429,1
P039,R0430,1
P039,R0431,1
P039,R0432,1
P039,R0433,0
P039,R0434,0
P039,R0435,1
P039,R0436,1
P039,R0437,1
P039,R0438,2
P039,R0439,1
P039,R0440,1
P039,R0441,0
P039,R0442,1
P039,R0443,1
P039,R0444,1
P039,R0445,1
P039,R0446,1
P039,R0447,1
P039,R0448,2
P039,R0449,1
P039,R0450,1
P039,R0451,1
P039,R0452,0
P039,R0453,0
P039,R0454,0
P039,R0455,0
P039,R0456,1
P039,R0457,1
P039,R0458,1
P039,R0459,2
P039,R0460,0
P039,R0461,1
P039,R0462,1
P039,R0463,0
P039,R0464,0
P039,R0465,2
P039,R0466,0
P039,R0467,1
P039,R0468,1
P039,R0469,1
P039,R0470,1
P039,R0471,1
P039,R0472,1
P039,R0473,0
P039,R0474,1
P039,R0475,2
P039,R0476,1
P039,R0477,2
P039,R0478,1
P039,R0479,1
P039,R0480,0
P039,R0481,1
P039,R0482,0
P039,R0483,1
P039,R0484,1
P039,R0485,1
P039,R0486,1
P039,R0487,1
P039,R0488,0
P039,R0489,0
P039,R0490,0
P039,R0491,1
P039,R0492,0
P039,R0493,0
P039,R0494,0
P039,R0495,1
P039,R0496,0
P039,R0497,0
P039,R0498,1
P039,R0499,0
P039,R0500,0
P039,R0501,1
P039,R0502,1
P039,R0503,0
P039,R0504,0
P039,R0505,2
P039,R0506,1
P039,R0507,1
P039,R0508,0
P039,R0509,1
P039,R0510,0
P039,R0511,1
P039,R0512,0
P039,R0513,1
P039,R0514,1
P039,R0515,0
P039,R0516,1
P039,R0517,0
P039,R0518,1
P039,R0519,0
P039,R0520,1
P039,R0521,0
P039,R0522,0
P039,R0523,1
P039,R0524,0
P039,R0525,0
P039,R0526,0
P039,R0527,1
P039,R0528,1
P039,R0529,1
P039,R0530,0
P039,R0531,1
P039,R0532,1
P039,R0533,1
P039,R0534,1
P039,R0535,1
P039,R0536,0
P039,R0537,1
P039,R0538,0
P039,R0539,1
P039,R0540,2
P039,R0541,1
P039,R0542,1
P039,R0543,1
P039,R0544,0
P039,R0545,1
P039,R0546,2
P039,R0547,1
P039,R0548,0
P039,R0549,1
P039,R0550,1
P039,R0551,0
P039,R0552,1
P039,R0553,0
P039,R0554,2
P039,R0555,1
P039,R0556,1
P039,R0557,0
P039,R0558,1
P039,R0559,1
P039,R0560,1
P039,R0561,0
P039,R0562,1
P039,R0563,0
P039,R0564,2
P039,R0565,0
P039,R0566,1
P039,R0567,1
P039,R0568,2
P039,R0569,1
P039,R0570,1
P039,R0571,1
P039,R0572,1
P039,R0573,0
P039,R0574,2
P039,R0575,0
P039,R0576,1
P039,R0577,1
P039,R0578,0
P039,R0579,1
P039,R0580,1
P039,R0581,0
P039,R0582,1
P039,R0583,1
P039,R0584,0
P039,R0585,2
P039,R0586,1
P039,R0587,1
P039,R0588,1
P039,R0589,2
P039,R0590,1
P039,R0591,0
P039,R0592,0
P039,R0593,1
P039,R0594,0
P039,R0595,0
P039,R0596,1
P039,R0597,1
P039,R0598,1
P039,R0599,1
P039,R0600,1
P040,R0001,2
P040,R0002,0
P040,R0003,2
P040,R0004,2
P040,R0005,2
P040,R0006,0
P040,R0007,1
P040,R0008,0
P040,R0009,0
P040,R0010,0
P040,R0011,0
P040,R0012,0
P040,R0013,0
P040,R0014,0
P040,R0015,0
P040,R0016,2
P040,R0017,0
P040,R0018,1
P040,R0019,2
P040,R0020,0
P040,R0021,0
P040,R0022,0
P040,R0023,0
P040,R0024,0
P040,R0025,0
P040,R0026,2
P040,R0027,2
P040,R0028,0
P040,R0029,2
P040,R0030,0
P040,R0031,2
P040,R0032,0
P040,R0033,0
P040,R0034,0
P040,R0035,0
P040,R0036,1
P040,R0037,0
P040,R0038,0
P040,R0039,0
P040,R0040,0
P040,R0041,0
P040,R0042,0
P040,R0043,0
P040,R0044,0
P040,R0045,2
P040,R0046,0
P040,R0047,0
P040,R0048,2
P040,R0049,2
P040,R0050,2
P040,R0051,0
P040,R0052,0
P040,R0053,0
P040,R0054,2
P040,R0055,2
P040,R0056,2
P040,R0057,0
P040,R0058,2
P040,R0059,0
P040,R0060,0
P040,R0061,2
P040,R0062,0
P040,R0063,0
P040,R0064,0
P040,R0065,0
P040,R0066,2
P040,R0067,2
P040,R0068,1
P040,R0069,0
P040,R0070,2
P040,R0071,2
P040,R0072,1
P040,R0073,1
P040,R0074,2
P040,R0075,2
P040,R0076,2
P040,R0077,0
P040,R0078,1
P040,R0079,0
P040,R0080,1
P040,R0081,0
P040,R0082,0
P040,R0083,0
P040,R0084,1
P040,R0085,1
P040,R0086,0
P040,R0087,2
P040,R0088,2
P040,R0089,2
P040,R0090,1
P040,R0091,2
P040,R0092,2
P040,R0093,2
P040,R0094,0
P040,R0095,2
P040,R0096,0
P040,R0097,0
P040,R0098,0
P040,R0099,0
P040,R0100,0
P040,R0101,2
P040,R0102,2
P040,R0103,0
P040,R0104,0
P040,R0105,0
P040,R0106,0
P040,R0107,0
P040,R0108,2
P040,R0109,0
P040,R0110,0
P040,R0111,2
P040,R0112,2
P040,R0113,0
P040,R0114,0
P040,R0115,0
P040,R0116,0
P040,R0117,0
P040,R0118,1
P040,R0119,0
P040,R0120,0
P040,R0121,1
P040,R0122,0
P040,R0123,2
P040,R0124,1
P040,R0125,0
P040,R0126,2
P040,R0127,2
P040,R0128,2
P040,R0129,2
P040,R0130,2
P040,R0131,2
P040,R0132,0
P040,R0133,0
P040,R0134,2
P040,R0135,0
P040,R0136,0
P040,R0137,0
P040,R0138,0
P040,R0139,2
P040,R0140,2
P040,R0141,0
P040,R0142,0
P040,R0143,0
P040,R0144,2
P040,R0145,2
P040,R0146,0
P040,R0147,0
P040,R0148,2
P040,R0149,2
P040,R0150,2
P040,R0151,2
P040,R0152,2
P040,R0153,1
P040,R0154,2
P040,R0155,0
P040,R0156,2
P040,R0157,2
P040,R0158,2
P040,R0159,2
P040,R0160,0
P040,R0161,2
P040,R0162,0
P040,R0163,2
P040,R0164,1
P040,R0165,0
P040,R0166,0
P040,R0167,1
P040,R0168,2
P040,R0169,2
P040,R0170,2
P040,R0171,0
P040,R0172,0
P040,R0173,0
P040,R0174,0
P040,R0175,2
P040,R0176,1
P040,R0177,0
P040,R0178,2
P040,R0179,1
P040,R0180,0
P040,R0181,2
P040,R0182,2
P040,R0183,0
P040,R0184,0
P040,R0185,2
P040,R0186,0
P040,R0187,0
P040,R0188,0
P040,R0189,0
P040,R0190,2
P040,R0191,2
P040,R0192,2
P040,R0193,2
P040,R0194,0
P040,R0195,0
P040,R0196,2
P040,R0197,0
P040,R0198,2
P040,R0199,2
P040,R0200,0
P040,R0201,2
P040,R0202,0
P040,R0203,0
P040,R0204,0
P040,R0205,2
P040,R0206,0
P040,R0207,0
P040,R0208,0
P040,R0209,0
P040,R0210,0
P040,R0211,0
P040,R0212,0
P040,R0213,0
P040,R0214,0
P040,R0215,0
P040,R0216,0
P040,R0217,0
P040,R0218,0
P040,R0219,0
P040,R0220,0
P040,R0221,1
P040,R0222,0
P040,R0223,2
P040,R0224,1
P040,R0225,0
P040,R0226,0
P040,R0227,2
P040,R0228,0
P040,R0229,0
P040,R0230,2
P040,R0231,0
P040,R0232,0
P040,R0233,1
P040,R0234,1
P040,R0235,0
P040,R0236,2
P040,R0237,1
P040,R0238,2
P040,R0239,1
P040,R0240,0
P040,R0241,0
P040,R0242,2
P040,R0243,2
P040,R0244,2
P040,R0245,2
P040,R0246,2
P040,R0247,0
P040,R0248,2
P040,R0249,0
P040,R0250,2
P040,R0251,2
P040,R0252,0
P040,R0253,0
P040,R0254,0
P040,R0255,2
P040,R0256,0
P040,R0257,2
P040,R0258,2
P040,R0259,0
P040,R0260,0
P040,R0261,0
P040,R0262,2
P040,R0263,2
P040,R0264,1
P040,R0265,0
P040,R0266,2
P040,R0267,0
P040,R0268,0
P040,R0269,0
P040,R0270,2
P040,R0271,0
P040,R0272,0
P040,R0273,1
P040,R0274,0
P040,R0275,2
P040,R0276,0
P040,R0277,0
P040,R0278,2
P040,R0279,0
P040,R0280,0
P040,R0281,0
P040,R0282,2
P040,R0283,0
P040,R0284,0
P040,R0285,0
P040,R0286,0
P040,R0287,2
P040,R0288,2
P040,R0289,0
P040,R0290,1
P040,R0291,0
P040,R0292,2
P040,R0293,0
P040,R0294,1
P040,R0295,0
P040,R0296,1
P040,R0297,0
P040,R0298,2
P040,R0299,1
P040,R0300,0
P040,R0301,0
P040,R0302,2
P040,R0303,2
P040,R0304,2
P040,R0305,0
P040,R0306,0
P040,R0307,0
P040,R0308,0
P040,R0309,0
P040,R0310,0
P040,R0311,2
P040,R0312,0
P040,R0313,0
P040,R0314,0
P040,R0315,2
P040,R0316,0
P040,R0317,0
P040,R0318,0
P040,R0319,0
P040,R0320,0
P040,R0321,2
P040,R0322,2
P040,R0323,0
P040,R0324,2
P040,R0325,1
P040,R0326,0
P040,R0327,2
P040,R0328,2
P040,R0329,0
P040,R0330,0
P040,R0331,0
P040,R0332,2
P040,R0333,0
P040,R0334,1
P040,R0335,2
P040,R0336,2
P040,R0337,2
P040,R0338,1
P040,R0339,0
P040,R0340,2
P040,R0341,0
P040,R0342,2
P040,R0343,0
P040,R0344,0
P040,R0345,0
P040,R0346,0
P040,R0347,0
P040,R0348,0
P040,R0349,0
P040,R0350,1
P040,R0351,2
P040,R0352,1
P040,R0353,2
P040,R0354,2
P040,R0355,2
P040,R0356,2
P040,R0357,2
P040,R0358,2
P040,R0359,2
P040,R0360,1
P040,R0361,0
P040,R0362,0
P040,R0363,0
P040,R0364,0
P040,R0365,0
P040,R0366,0
P040,R0367,2
P040,R0368,2
P040,R0369,2
P040,R0370,2
P040,R0371,0
P040,R0372,0
P040,R0373,1
P040,R0374,0
P040,R0375,0
P040,R0376,2
P040,R0377,0
P040,R0378,0
P040,R0379,0
P040,R0380,2
P040,R0381,0
P040,R0382,0
P040,R0383,0
P040,R0384,0
P040,R0385,0
P040,R0386,2
P040,R0387,0
P040,R0388,0
P040,R0389,0
P040,R0390,2
P040,R0391,0
P040,R0392,0
P040,R0393,1
P040,R0394,0
P040,R0395,0
P040,R0396,2
P040,R0397,0
P040,R0398,0
P040,R0399,2
P040,R0400,0
P040,R0401,2
P040,R0402,0
P040,R0403,0
P040,R0404,1
P040,R0405,0
P040,R0406,0
P040,R0407,2
P040,R0408,0
P040,R0409,0
P040,R0410,0
P040,R0411,2
P040,R0412,0
P040,R0413,2
P040,R0414,0
P040,R0415,0
P040,R0416,0
P040,R0417,2
P040,R0418,0
P040,R0419,0
P040,R0420,0
P040,R0421,0
P040,R0422,1
P040,R0423,0
P040,R0424,0
P040,R0425,0
P040,R0426,0
P040,R0427,0
P040,R0428,0
P040,R0429,1
P040,R0430,2
P040,R0431,2
P040,R0432,0
P040,R0433,2
P040,R0434,0
P040,R0435,2
P040,R0436,1
P040,R0437,0
P040,R0438,2
P040,R0439,0
P040,R0440,2
P040,R0441,0
P040,R0442,2
P040,R0443,0
P040,R0444,1
P040,R0445,0
P040,R0446,0
P040,R0447,2
P040,R0448,0
P040,R0449,1
P040,R0450,2
P040,R0451,0
P040,R0452,0
P040,R0453,0
P040,R0454,0
P040,R0455,0
P040,R0456,2
P040,R0457,2
P040,R0458,1
P040,R0459,0
P040,R0460,0
P040,R0461,2
P040,R0462,0
P040,R0463,0
P040,R0464,0
P040,R0465,2
P040,R0466,0
P040,R0467,1
P040,R0468,1
P040,R0469,2
P040,R0470,0
P040,R0471,0
P040,R0472,0
P040,R0473,0
P040,R0474,2
P040,R0475,2
P040,R0476,2
P040,R0477,2
P040,R0478,1
P040,R0479,0
P040,R0480,0
P040,R0481,2
P040,R0482,0
P040,R0483,2
P040,R0484,0
P040,R0485,2
P040,R0486,0
P040,R0487,1
P040,R0488,0
P040,R0489,0
P040,R0490,0
P040,R0491,2
P040,R0492,0
P040,R0493,0
P040,R0494,0
P040,R0495,2
P040,R0496,2
P040,R0497,0
P040,R0498,1
P040,R0499,0
P040,R0500,0
P040,R0501,2
P040,R0502,0
P040,R0503,0
P040,R0504,0
P040,R0505,0
P040,R0506,0
P040,R0507,1
P040,R0508,0
P040,R0509,2
P040,R0510,0
P040,R0511,0
P040,R0512,0
P040,R0513,1
P040,R0514,0
P040,R0515,0
P040,R0516,2
P040,R0517,0
P040,R0518,0
P040,R0519,0
P040,R0520,0
P040,R0521,0
P040,R0522,0
P040,R0523,0
P040,R0524,0
P040,R0525,0
P040,R0526,0
P040,R0527,2
P040,R0528,0
P040,R0529,0
P040,R0530,0
P040,R0531,0
P040,R0532,2
P040,R0533,0
P040,R0534,2
P040,R0535,0
P040,R0536,0
P040,R0537,2
P040,R0538,0
P040,R0539,2
P040,R0540,0
P040,R0541,0
P040,R0542,2
P040,R0543,0
P040,R0544,0
P040,R0545,1
P040,R0546,1
P040,R0547,2
P040,R0548,0
P040,R0549,1
P040,R0550,2
P040,R0551,0
P040,R0552,0
P040,R0553,0
P040,R0554,0
P040,R0555,2
P040,R0556,2
P040,R0557,0
P040,R0558,0
P040,R0559,2
P040,R0560,2
P040,R0561,0
P040,R0562,2
P040,R0563,0
P040,R0564,2
P040,R0565,2
P040,R0566,0
P040,R0567,0
P040,R0568,1
P040,R0569,2
P040,R0570,2
P040,R0571,2
P040,R0572,2
P040,R0573,0
P040,R0574,2
P040,R0575,0
P040,R0576,0
P040,R0577,0
P040,R0578,0
P040,R0579,1
P040,R0580,2
P040,R0581,0
P040,R0582,2
P040,R0583,2
P040,R0584,0
P040,R0585,0
P040,R0586,2
P040,R0587,2
P040,R0588,2
P040,R0589,0
P040,R0590,0
P040,R0591,0
P040,R0592,0
P040,R0593,2
P040,R0594,0
P040,R0595,0
P040,R0596,0
P040,R0597,1
P040,R0598,1
P040,R0599,0
P040,R0600,0
P041,R0001,2
P041,R0002,0
P041,R0003,0
P041,R0004,1
P041,R0005,2
P041,R0006,0
P041,R0007,1
P041,R0008,2
P041,R0009,0
P041,R0010,0
P041,R0011,0
P041,R0012,0
P041,R0013,2
P041,R0014,0
P041,R0015,0
P041,R0016,0
P041,R0017,0
P041,R0018,1
P041,R0019,0
P041,R0020,2
P041,R0021,0
P041,R0022,0
P041,R0023,2
P041,R0024,0
P041,R0025,0
P041,R0026,1
P041,R0027,0
P041,R0028,0
P041,R0029,0
P041,R0030,0
P041,R0031,0
P041,R0032,0
P041,R0033,1
P041,R0034,2
P041,R0035,2
P041,R0036,2
P041,R0037,0
P041,R0038,0
P041,R0039,2
P041,R0040,0
P041,R0041,0
P041,R0042,0
P041,R0043,0
P041,R0044,0
P041,R0045,0
P041,R0046,0
P041,R0047,0
P041,R0048,0
P041,R0049,1
P041,R0050,2
P041,R0051,0
P041,R0052,0
P041,R0053,2
P041,R0054,1
P041,R0055,0
P041,R0056,0
P041,R0057,0
P041,R0058,0
P041,R0059,1
P041,R0060,0
P041,R0061,0
P041,R0062,0
P041,R0063,0
P041,R0064,0
P041,R0065,0
P041,R0066,0
P041,R0067,2
P041,R0068,1
P041,R0069,0
P041,R0070,1
P041,R0071,0
P041,R0072,1
P041,R0073,1
P041,R0074,1
P041,R0075,0
P041,R0076,0
P041,R0077,0
P041,R0078,1
P041,R0079,2
P041,R0080,1
P041,R0081,2
P041,R0082,0
P041,R0083,0
P041,R0084,1
P041,R0085,1
P041,R0086,0
P041,R0087,2
P041,R0088,0
P041,R0089,0
P041,R0090,1
P041,R0091,0
P041,R0092,1
P041,R0093,0
P041,R0094,0
P041,R0095,2
P041,R0096,0
P041,R0097,0
P041,R0098,0
P041,R0099,0
P041,R0100,0
P041,R0101,0
P041,R0102,0
P041,R0103,2
P041,R0104,0
P041,R0105,1
P041,R0106,0
P041,R0107,0
P041,R0108,2
P041,R0109,0
P041,R0110,0
P041,R0111,2
P041,R0112,0
P041,R0113,0
P041,R0114,0
P041,R0115,0
P041,R0116,0
P041,R0117,0
P041,R0118,1
P041,R0119,0
P041,R0120,0
P041,R0121,1
P041,R0122,0
P041,R0123,0
P041,R0124,1
P041,R0125,0
P041,R0126,0
P041,R0127,0
P041,R0128,2
P041,R0129,0
P041,R0130,0
P041,R0131,0
P041,R0132,0
P041,R0133,0
P041,R0134,2
P041,R0135,0
P041,R0136,0
P041,R0137,0
P041,R0138,0
P041,R0139,2
P041,R0140,0
P041,R0141,0
P041,R0142,0
P041,R0143,0
P041,R0144,0
P041,R0145,0
P041,R0146,0
P041,R0147,0
P041,R0148,0
P041,R0149,2
P041,R0150,2
P041,R0151,0
P041,R0152,0
P041,R0153,1
P041,R0154,0
P041,R0155,0
P041,R0156,1
P041,R0157,2
P041,R0158,0
P041,R0159,2
P041,R0160,0
P041,R0161,0
P041,R0162,2
P041,R0163,2
P041,R0164,2
P041,R0165,0
P041,R0166,0
P041,R0167,1
P041,R0168,1
P041,R0169,0
P041,R0170,0
P041,R0171,2
P041,R0172,0
P041,R0173,2
P041,R0174,2
P041,R0175,1
P041,R0176,2
P041,R0177,0
P041,R0178,0
P041,R0179,1
P041,R0180,0
P041,R0181,0
P041,R0182,0
P041,R0183,0
P041,R0184,0
P041,R0185,2
P041,R0186,2
P041,R0187,2
P041,R0188,0
P041,R0189,0
P041,R0190,0
P041,R0191,0
P041,R0192,0
P041,R0193,0
P041,R0194,0
P041,R0195,0
P041,R0196,0
P041,R0197,2
P041,R0198,1
P041,R0199,0
P041,R0200,0
P041,R0201,0
P041,R0202,0
P041,R0203,0
P041,R0204,2
P041,R0205,0
P041,R0206,0
P041,R0207,2
P041,R0208,0
P041,R0209,0
P041,R0210,0
P041,R0211,0
P041,R0212,0
P041,R0213,0
P041,R0214,0
P041,R0215,0
P041,R0216,1
P041,R0217,0
P041,R0218,0
P041,R0219,0
P041,R0220,2
P041,R0221,1
P041,R0222,0
P041,R0223,0
P041,R0224,2
P041,R0225,0
P041,R0226,0
P041,R0227,0
P041,R0228,0
P041,R0229,0
P041,R0230,0
P041,R0231,2
P041,R0232,0
P041,R0233,1
P041,R0234,2
P041,R0235,0
P041,R0236,0
P041,R0237,2
P041,R0238,0
P041,R0239,1
P041,R0240,0
P041,R0241,0
P041,R0242,0
P041,R0243,0
P041,R0244,2
P041,R0245,1
P041,R0246,0
P041,R0247,2
P041,R0248,0
P041,R0249,0
P041,R0250,0
P041,R0251,0
P041,R0252,0
P041,R0253,1
P041,R0254,0
P041,R0255,0
P041,R0256,0
P041,R0257,0
P041,R0258,1
P041,R0259,2
P041,R0260,0
P041,R0261,0
P041,R0262,2
P041,R0263,0
P041,R0264,1
P041,R0265,2
P041,R0266,0
P041,R0267,0
P041,R0268,0
P041,R0269,2
P041,R0270,1
P041,R0271,0
P041,R0272,0
P041,R0273,1
P041,R0274,0
P041,R0275,0
P041,R0276,0
P041,R0277,0
P041,R0278,0
P041,R0279,0
P041,R0280,0
P041,R0281,0
P041,R0282,0
P041,R0283,2
P041,R0284,1
P041,R0285,0
P041,R0286,0
P041,R0287,2
P041,R0288,1
P041,R0289,2
P041,R0290,1
P041,R0291,1
P041,R0292,0
P041,R0293,0
P041,R0294,1
P041,R0295,0
P041,R0296,2
P041,R0297,0
P041,R0298,0
P041,R0299,1
P041,R0300,1
P041,R0301,0
P041,R0302,0
P041,R0303,1
P041,R0304,0
P041,R0305,0
P041,R0306,0
P041,R0307,0
P041,R0308,0
P041,R0309,0
P041,R0310,0
P041,R0311,1
P041,R0312,0
P041,R0313,0
P041,R0314,0
P041,R0315,0
P041,R0316,0
P041,R0317,0
P041,R0318,0
P041,R0319,0
P041,R0320,2
P041,R0321,2
P041,R0322,0
P041,R0323,2
P041,R0324,0
P041,R0325,1
P041,R0326,0
P041,R0327,2
P041,R0328,2
P041,R0329,2
P041,R0330,0
P041,R0331,0
P041,R0332,0
P041,R0333,1
P041,R0334,1
P041,R0335,0
P041,R0336,0
P041,R0337,0
P041,R0338,1
P041,R0339,0
P041,R0340,2
P041,R0341,2
P041,R0342,0
P041,R0343,0
P041,R0344,0
P041,R0345,0
P041,R0346,0
P041,R0347,0
P041,R0348,0
P041,R0349,0
P041,R0350,1
P041,R0351,0
P041,R0352,1
P041,R0353,0
P041,R0354,0
P041,R0355,0
P041,R0356,1
P041,R0357,0
P041,R0358,0
P041,R0359,2
P041,R0360,2
P041,R0361,0
P041,R0362,2
P041,R0363,0
P041,R0364,0
P041,R0365,0
P041,R0366,0
P041,R0367,0
P041,R0368,0
P041,R0369,0
P041,R0370,1
P041,R0371,0
P041,R0372,0
P041,R0373,1
P041,R0374,0
P041,R0375,0
P041,R0376,0
P041,R0377,0
P041,R0378,0
P041,R0379,0
P041,R0380,0
P041,R0381,0
P041,R0382,0
P041,R0383,0
P041,R0384,0
P041,R0385,0
P041,R0386,0
P041,R0387,2
P041,R0388,0
P041,R0389,2
P041,R0390,1
P041,R0391,0
P041,R0392,0
P041,R0393,2
P041,R0394,0
P041,R0395,0
P041,R0396,0
P041,R0397,2
P041,R0398,0
P041,R0399,0
P041,R0400,0
P041,R0401,0
P041,R0402,0
P041,R0403,2
P041,R0404,1
P041,R0405,2
P041,R0406,0
P041,R0407,0
P041,R0408,0
P041,R0409,0
P041,R0410,0
P041,R0411,0
P041,R0412,0
P041,R0413,0
P041,R0414,0
P041,R0415,0
P041,R0416,0
P041,R0417,0
P041,R0418,0
P041,R0419,0
P041,R0420,1
P041,R0421,1
P041,R0422,1
P041,R0423,0
P041,R0424,0
P041,R0425,0
P041,R0426,2
P041,R0427,2
P041,R0428,0
P041,R0429,1
P041,R0430,0
P041,R0431,2
P041,R0432,0
P041,R0433,0
P041,R0434,0
P041,R0435,0
P041,R0436,1
P041,R0437,0
P041,R0438,2
P041,R0439,2
P041,R0440,2
P041,R0441,0
P041,R0442,0
P041,R0443,0
P041,R0444,1
P041,R0445,0
P041,R0446,0
P041,R0447,2
P041,R0448,2
P041,R0449,1
P041,R0450,1
P041,R0451,2
P041,R0452,0
P041,R0453,0
P041,R0454,0
P041,R0455,0
P041,R0456,0
P041,R0457,0
P041,R0458,1
P041,R0459,2
P041,R0460,0
P041,R0461,0
P041,R0462,0
P041,R0463,0
P041,R0464,0
P041,R0465,2
P041,R0466,0
P041,R0467,1
P041,R0468,1
P041,R0469,0
P041,R0470,0
P041,R0471,1
P041,R0472,2
P041,R0473,0
P041,R0474,1
P041,R0475,2
P041,R0476,1
P041,R0477,2
P041,R0478,2
P041,R0479,2
P041,R0480,0
P041,R0481,0
P041,R0482,0
P041,R0483,0
P041,R0484,1
P041,R0485,0
P041,R0486,2
P041,R0487,1
P041,R0488,0
P041,R0489,0
P041,R0490,0
P041,R0491,0
P041,R0492,0
P041,R0493,0
P041,R0494,0
P041,R0495,0
P041,R0496,0
P041,R0497,0
P041,R0498,2
P041,R0499,0
P041,R0500,0
P041,R0501,2
P041,R0502,0
P041,R0503,0
P041,R0504,0
P041,R0505,2
P041,R0506,0
P041,R0507,1
P041,R0508,0
P041,R0509,0
P041,R0510,0
P041,R0511,0
P041,R0512,0
P041,R0513,1
P041,R0514,0
P041,R0515,0
P041,R0516,0
P041,R0517,0
P041,R0518,0
P041,R0519,0
P041,R0520,0
P041,R0521,0
P041,R0522,0
P041,R0523,2
P041,R0524,0
P041,R0525,0
P041,R0526,0
P041,R0527,0
P041,R0528,0
P041,R0529,2
P041,R0530,0
P041,R0531,0
P041,R0532,0
P041,R0533,0
P041,R0534,0
P041,R0535,1
P041,R0536,0
P041,R0537,1
P041,R0538,0
P041,R0539,0
P041,R0540,2
P041,R0541,0
P041,R0542,0
P041,R0543,0
P041,R0544,0
P041,R0545,1
P041,R0546,2
P041,R0547,1
P041,R0548,0
P041,R0549,1
P041,R0550,1
P041,R0551,0
P041,R0552,2
P041,R0553,0
P041,R0554,2
P041,R0555,0
P041,R0556,0
P041,R0557,0
P041,R0558,1
P041,R0559,2
P041,R0560,0
P041,R0561,0
P041,R0562,1
P041,R0563,0
P041,R0564,2
P041,R0565,0
P041,R0566,2
P041,R0567,0
P041,R0568,2
P041,R0569,0
P041,R0570,0
P041,R0571,2
P041,R0572,1
P041,R0573,0
P041,R0574,2
P041,R0575,0
P041,R0576,0
P041,R0577,0
P041,R0578,0
P041,R0579,1
P041,R0580,1
P041,R0581,0
P041,R0582,0
P041,R0583,0
P041,R0584,0
P041,R0585,2
P041,R0586,1
P041,R0587,0
P041,R0588,0
P041,R0589,2
P041,R0590,0
P041,R0591,0
P041,R0592,0
P041,R0593,0
P041,R0594,0
P041,R0595,0
P041,R0596,0
P041,R0597,1
P041,R0598,1
P041,R0599,1
P041,R0600,1
P042,R0001,0
P042,R0002,0
P042,R0003,0
P042,R0004,0
P042,R0005,2
P042,R0006,2
P042,R0007,1
P042,R0008,0
P042,R0009,0
P042,R0010,0
P042,R0011,0
P042,R0012,0
P042,R0013,0
P042,R0014,0
P042,R0015,0
P042,R0016,2
P042,R0017,0
P042,R0018,1
P042,R0019,0
P042,R0020,0
P042,R0021,0
P042,R0022,0
P042,R0023,0
P042,R0024,0
P042,R0025,0
P042,R0026,2
P042,R0027,0
P042,R0028,0
P042,R0029,0
P042,R0030,0
P042,R0031,2
P042,R0032,0
P042,R0033,0
P042,R0034,2
P042,R0035,0
P042,R0036,1
P042,R0037,0
P042,R0038,0
P042,R0039,0
P042,R0040,0
P042,R0041,0
P042,R0042,0
P042,R0043,2
P042,R0044,0
P042,R0045,2
P042,R0046,0
P042,R0047,0
P042,R0048,0
P042,R0049,1
P042,R0050,0
P042,R0051,0
P042,R0052,0
P042,R0053,0
P042,R0054,2
P042,R0055,0
P042,R0056,2
P042,R0057,0
P042,R0058,0
P042,R0059,0
P042,R0060,0
P042,R0061,0
P042,R0062,0
P042,R0063,2
P042,R0064,0
P042,R0065,0
P042,R0066,0
P042,R0067,2
P042,R0068,1
P042,R0069,0
P042,R0070,2
P042,R0071,0
P042,R0072,1
P042,R0073,1
P042,R0074,1
P042,R0075,0
P042,R0076,0
P042,R0077,0
P042,R0078,1
P042,R0079,0
P042,R0080,1
P042,R0081,0
P042,R0082,0
P042,R0083,0
P042,R0084,1
P042,R0085,1
P042,R0086,0
P042,R0087,2
P042,R0088,0
P042,R0089,2
P042,R0090,1
P042,R0091,2
P042,R0092,0
P042,R0093,0
P042,R0094,0
P042,R0095,2
P042,R0096,0
P042,R0097,0
P042,R0098,0
P042,R0099,0
P042,R0100,0
P042,R0101,0
P042,R0102,0
P042,R0103,0
P042,R0104,0
P042,R0105,0
P042,R0106,0
P042,R0107,0
P042,R0108,0
P042,R0109,0
P042,R0110,0
P042,R0111,0
P042,R0112,0
P042,R0113,0
P042,R0114,0
P042,R0115,0
P042,R0116,0
P042,R0117,0
P042,R0118,1
P042,R0119,0
P042,R0120,0
P042,R0121,2
P042,R0122,0
P042,R0123,0
P042,R0124,1
P042,R0125,0
P042,R0126,0
P042,R0127,2
P042,R0128,2
P042,R0129,2
P042,R0130,2
P042,R0131,0
P042,R0132,0
P042,R0133,0
P042,R0134,0
P042,R0135,0
P042,R0136,0
P042,R0137,0
P042,R0138,0
P042,R0139,0
P042,R0140,2
P042,R0141,0
P042,R0142,2
P042,R0143,2
P042,R0144,0
P042,R0145,2
P042,R0146,0
P042,R0147,0
P042,R0148,0
P042,R0149,0
P042,R0150,0
P042,R0151,2
P042,R0152,2
P042,R0153,1
P042,R0154,0
P042,R0155,0
P042,R0156,1
P042,R0157,0
P042,R0158,2
P042,R0159,0
P042,R0160,0
P042,R0161,0
P042,R0162,0
P042,R0163,2
P042,R0164,1
P042,R0165,0
P042,R0166,0
P042,R0167,1
P042,R0168,1
P042,R0169,0
P042,R0170,0
P042,R0171,0
P042,R0172,0
P042,R0173,0
P042,R0174,0
P042,R0175,2
P042,R0176,1
P042,R0177,2
P042,R0178,2
P042,R0179,1
P042,R0180,0
P042,R0181,0
P042,R0182,2
P042,R0183,0
P042,R0184,0
P042,R0185,0
P042,R0186,0
P042,R0187,0
P042,R0188,0
P042,R0189,0
P042,R0190,0
P042,R0191,0
P042,R0192,0
P042,R0193,2
P042,R0194,0
P042,R0195,0
P042,R0196,0
P042,R0197,2
P042,R0198,1
P042,R0199,2
P042,R0200,0
P042,R0201,2
P042,R0202,0
P042,R0203,2
P042,R0204,0
P042,R0205,0
P042,R0206,2
P042,R0207,0
P042,R0208,2
P042,R0209,0
P042,R0210,0
P042,R0211,0
P042,R0212,0
P042,R0213,0
P042,R0214,0
P042,R0215,0
P042,R0216,0
P042,R0217,0
P042,R0218,0
P042,R0219,0
P042,R0220,0
P042,R0221,1
P042,R0222,0
P042,R0223,0
P042,R0224,1
P042,R0225,0
P042,R0226,0
P042,R0227,2
P042,R0228,0
P042,R0229,0
P042,R0230,2
P042,R0231,0
P042,R0232,2
P042,R0233,0
P042,R0234,1
P042,R0235,0
P042,R0236,2
P042,R0237,1
P042,R0238,0
P042,R0239,1
P042,R0240,2
P042,R0241,2
P042,R0242,0
P042,R0243,2
P042,R0244,2
P042,R0245,1
P042,R0246,2
P042,R0247,0
P042,R0248,0
P042,R0249,0
P042,R0250,0
P042,R0251,0
P042,R0252,0
P042,R0253,0
P042,R0254,0
P042,R0255,2
P042,R0256,0
P042,R0257,2
P042,R0258,2
P042,R0259,0
P042,R0260,0
P042,R0261,0
P042,R0262,2
P042,R0263,0
P042,R0264,1
P042,R0265,0
P042,R0266,0
P042,R0267,0
P042,R0268,0
P042,R0269,0
P042,R0270,0
P042,R0271,2
P042,R0272,0
P042,R0273,1
P042,R0274,0
P042,R0275,2
P042,R0276,0
P042,R0277,0
P042,R0278,0
P042,R0279,2
P042,R0280,0
P042,R0281,0
P042,R0282,2
P042,R0283,0
P042,R0284,2
P042,R0285,0
P042,R0286,0
P042,R0287,2
P042,R0288,2
P042,R0289,0
P042,R0290,1
P042,R0291,0
P042,R0292,0
P042,R0293,0
P042,R0294,1
P042,R0295,0
P042,R0296,0
P042,R0297,0
P042,R0298,0
P042,R0299,1
P042,R0300,0
P042,R0301,0
P042,R0302,0
P042,R0303,0
P042,R0304,2
P042,R0305,0
P042,R0306,0
P042,R0307,0
P042,R0308,0
P042,R0309,0
P042,R0310,0
P042,R0311,2
P042,R0312,0
P042,R0313,0
P042,R0314,0
P042,R0315,0
P042,R0316,0
P042,R0317,0
P042,R0318,0
P042,R0319,0
P042,R0320,0
P042,R0321,2
P042,R0322,2
P042,R0323,0
P042,R0324,0
P042,R0325,2
P042,R0326,0
P042,R0327,0
P042,R0328,0
P042,R0329,0
P042,R0330,0
P042,R0331,0
P042,R0332,0
P042,R0333,0
P042,R0334,1
P042,R0335,0
P042,R0336,0
P042,R0337,2
P042,R0338,1
P042,R0339,2
P042,R0340,0
P042,R0341,0
P042,R0342,2
P042,R0343,0
P042,R0344,0
P042,R0345,0
P042,R0346,0
P042,R0347,0
P042,R0348,0
P042,R0349,0
P042,R0350,1
P042,R0351,2
P042,R0352,1
P042,R0353,2
P042,R0354,0
P042,R0355,0
P042,R0356,2
P042,R0357,0
P042,R0358,0
P042,R0359,2
P042,R0360,1
P042,R0361,0
P042,R0362,0
P042,R0363,0
P042,R0364,0
P042,R0365,2
P042,R0366,0
P042,R0367,2
P042,R0368,2
P042,R0369,0
P042,R0370,2
P042,R0371,0
P042,R0372,0
P042,R0373,1
P042,R0374,0
P042,R0375,0
P042,R0376,2
P042,R0377,0
P042,R0378,0
P042,R0379,0
P042,R0380,0
P042,R0381,0
P042,R0382,0
P042,R0383,2
P042,R0384,2
P042,R0385,0
P042,R0386,2
P042,R0387,0
P042,R0388,0
P042,R0389,0
P042,R0390,1
P042,R0391,0
P042,R0392,2
P042,R0393,1
P042,R0394,0
P042,R0395,0
P042,R0396,0
P042,R0397,0
P042,R0398,0
P042,R0399,0
P042,R0400,0
P042,R0401,0
P042,R0402,0
P042,R0403,0
P042,R0404,1
P042,R0405,0
P042,R0406,0
P042,R0407,0
P042,R0408,0
P042,R0409,0
P042,R0410,0
P042,R0411,2
P042,R0412,0
P042,R0413,2
P042,R0414,0
P042,R0415,0
P042,R0416,0
P042,R0417,0
P042,R0418,0
P042,R0419,0
P042,R0420,0
P042,R0421,0
P042,R0422,1
P042,R0423,0
P042,R0424,0
P042,R0425,0
P042,R0426,0
P042,R0427,0
P042,R0428,0
P042,R0429,1
P042,R0430,2
P042,R0431,0
P042,R0432,0
P042,R0433,0
P042,R0434,0
P042,R0435,2
P042,R0436,1
P042,R0437,2
P042,R0438,0
P042,R0439,0
P042,R0440,0
P042,R0441,0
P042,R0442,0
P042,R0443,0
P042,R0444,1
P042,R0445,2
P042,R0446,0
P042,R0447,0
P042,R0448,0
P042,R0449,1
P042,R0450,1
P042,R0451,0
P042,R0452,0
P042,R0453,0
P042,R0454,0
P042,R0455,0
P042,R0456,0
P042,R0457,2
P042,R0458,1
P042,R0459,0
P042,R0460,0
P042,R0461,0
P042,R0462,0
P042,R0463,0
P042,R0464,0
P042,R0465,0
P042,R0466,0
P042,R0467,1
P042,R0468,2
P042,R0469,0
P042,R0470,0
P042,R0471,2
P042,R0472,0
P042,R0473,0
P042,R0474,0
P042,R0475,0
P042,R0476,2
P042,R0477,0
P042,R0478,1
P042,R0479,0
P042,R0480,0
P042,R0481,2
P042,R0482,0
P042,R0483,0
P042,R0484,0
P042,R0485,0
P042,R0486,0
P042,R0487,1
P042,R0488,0
P042,R0489,0
P042,R0490,0
P042,R0491,0
P042,R0492,0
P042,R0493,0
P042,R0494,0
P042,R0495,0
P042,R0496,0
P042,R0497,0
P042,R0498,1
P042,R0499,0
P042,R0500,0
P042,R0501,2
P042,R0502,0
P042,R0503,0
P042,R0504,0
P042,R0505,2
P042,R0506,0
P042,R0507,1
P042,R0508,0
P042,R0509,0
P042,R0510,0
P042,R0511,0
P042,R0512,0
P042,R0513,1
P042,R0514,0
P042,R0515,0
P042,R0516,2
P042,R0517,0
P042,R0518,0
P042,R0519,0
P042,R0520,2
P042,R0521,0
P042,R0522,0
P042,R0523,0
P042,R0524,0
P042,R0525,0
P042,R0526,0
P042,R0527,0
P042,R0528,0
P042,R0529,0
P042,R0530,0
P042,R0531,0
P042,R0532,0
P042,R0533,0
P042,R0534,0
P042,R0535,0
P042,R0536,0
P042,R0537,0
P042,R0538,0
P042,R0539,2
P042,R0540,0
P042,R0541,0
P042,R0542,0
P042,R0543,2
P042,R0544,0
P042,R0545,1
P042,R0546,1
P042,R0547,0
P042,R0548,0
P042,R0549,1
P042,R0550,1
P042,R0551,0
P042,R0552,0
P042,R0553,0
P042,R0554,0
P042,R0555,0
P042,R0556,2
P042,R0557,0
P042,R0558,0
P042,R0559,0
P042,R0560,2
P042,R0561,0
P042,R0562,1
P042,R0563,0
P042,R0564,0
P042,R0565,0
P042,R0566,0
P042,R0567,0
P042,R0568,1
P042,R0569,2
P042,R0570,2
P042,R0571,2
P042,R0572,1
P042,R0573,0
P042,R0574,2
P042,R0575,0
P042,R0576,0
P042,R0577,2
P042,R0578,0
P042,R0579,1
P042,R0580,2
P042,R0581,0
P042,R0582,2
P042,R0583,2
P042,R0584,0
P042,R0585,0
P042,R0586,1
P042,R0587,2
P042,R0588,2
P042,R0589,0
P042,R0590,0
P042,R0591,0
P042,R0592,0
P042,R0593,0
P042,R0594,0
P042,R0595,0
P042,R0596,0
P042,R0597,1
P042,R0598,1
P042,R0599,0
P042,R0600,0
P043,R0001,1
P043,R0002,1
P043,R0003,2
P043,R0004,1
P043,R0005,1
P043,R0006,2
P043,R0007,1
P043,R0008,1
P043,R0009,1
P043,R0010,1
P043,R0011,1
P043,R0012,2
P043,R0013,1
P043,R0014,2
P043,R0015,1
P043,R0016,1
P043,R0017,1
P043,R0018,1
P043,R0019,1
P043,R0020,1
P043,R0021,2
P043,R0022,1
P043,R0023,1
P043,R0024,1
P043,R0025,1
P043,R0026,1
P043,R0027,1
P043,R0028,2
P043,R0029,1
P043,R0030,2
P043,R0031,1
P043,R0032,1
P043,R0033,1
P043,R0034,2
P043,R0035,1
P043,R0036,1
P043,R0037,1
P043,R0038,2
P043,R0039,1
P043,R0040,1
P043,R0041,2
P043,R0042,1
P043,R0043,2
P043,R0044,2
P043,R0045,2
P043,R0046,1
P043,R0047,1
P043,R0048,1
P043,R0049,1
P043,R0050,1
P043,R0051,1
P043,R0052,2
P043,R0053,2
P043,R0054,1
P043,R0055,1
P043,R0056,1
P043,R0057,1
P043,R0058,1
P043,R0059,1
P043,R0060,1
P043,R0061,1
P043,R0062,1
P043,R0063,2
P043,R0064,1
P043,R0065,2
P043,R0066,1
P043,R0067,1
P043,R0068,1
P043,R0069,1
P043,R0070,1
P043,R0071,1
P043,R0072,1
P043,R0073,2
P043,R0074,1
P043,R0075,1
P043,R0076,1
P043,R0077,1
P043,R0078,1
P043,R0079,1
P043,R0080,1
P043,R0081,1
P043,R0082,1
P043,R0083,1
P043,R0084,1
P043,R0085,1
P043,R0086,1
P043,R0087,1
P043,R0088,2
P043,R0089,1
P043,R0090,1
P043,R0091,1
P043,R0092,1
P043,R0093,2
P043,R0094,1
P043,R0095,1
P043,R0096,1
P043,R0097,1
P043,R0098,1
P043,R0099,1
P043,R0100,2
P043,R0101,1
P043,R0102,2
P043,R0103,1
P043,R0104,1
P043,R0105,1
P043,R0106,1
P043,R0107,2
P043,R0108,1
P043,R0109,1
P043,R0110,2
P043,R0111,1
P043,R0112,2
P043,R0113,1
P043,R0114,2
P043,R0115,2
P043,R0116,1
P043,R0117,1
P043,R0118,1
P043,R0119,1
P043,R0120,1
P043,R0121,2
P043,R0122,1
P043,R0123,1
P043,R0124,1
P043,R0125,1
P043,R0126,1
P043,R0127,1
P043,R0128,1
P043,R0129,1
P043,R0130,1
P043,R0131,1
P043,R0132,2
P043,R0133,1
P043,R0134,1
P043,R0135,1
P043,R0136,2
P043,R0137,2
P043,R0138,1
P043,R0139,1
P043,R0140,1
P043,R0141,1
P043,R0142,2
P043,R0143,2
P043,R0144,1
P043,R0145,1
P043,R0146,1
P043,R0147,2
P043,R0148,1
P043,R0149,1
P043,R0150,1
P043,R0151,1
P043,R0152,1
P043,R0153,1
P043,R0154,1
P043,R0155,1
P043,R0156,1
P043,R0157,1
P043,R0158,2
P043,R0159,1
P043,R0160,2
P043,R0161,1
P043,R0162,1
P043,R0163,1
P043,R0164,1
P043,R0165,1
P043,R0166,1
P043,R0167,2
P043,R0168,1
P043,R0169,2
P043,R0170,2
P043,R0171,1
P043,R0172,1
P043,R0173,2
P043,R0174,1
P043,R0175,1
P043,R0176,1
P043,R0177,2
P043,R0178,1
P043,R0179,2
P043,R0180,2
P043,R0181,1
P043,R0182,2
P043,R0183,1
P043,R0184,1
P043,R0185,1
P043,R0186,1
P043,R0187,1
P043,R0188,1
P043,R0189,2
P043,R0190,1
P043,R0191,1
P043,R0192,1
P043,R0193,2
P043,R0194,2
P043,R0195,1
P043,R0196,1
P043,R0197,2
P043,R0198,1
P043,R0199,2
P043,R0200,2
P043,R0201,2
P043,R0202,1
P043,R0203,2
P043,R0204,2
P043,R0205,2
P043,R0206,2
P043,R0207,1
P043,R0208,2
P043,R0209,2
P043,R0210,1
P043,R0211,1
P043,R0212,2
P043,R0213,2
P043,R0214,1
P043,R0215,2
P043,R0216,1
P043,R0217,1
P043,R0218,2
P043,R0219,1
P043,R0220,1
P043,R0221,1
P043,R0222,1
P043,R0223,1
P043,R0224,1
P043,R0225,1
P043,R0226,1
P043,R0227,2
P043,R0228,2
P043,R0229,2
P043,R0230,2
P043,R0231,1
P043,R0232,2
P043,R0233,2
P043,R0234,1
P043,R0235,1
P043,R0236,1
P043,R0237,1
P043,R0238,1
P043,R0239,2
P043,R0240,2
P043,R0241,2
P043,R0242,1
P043,R0243,1
P043,R0244,1
P043,R0245,1
P043,R0246,2
P043,R0247,2
P043,R0248,1
P043,R0249,1
P043,R0250,1
P043,R0251,2
P043,R0252,1
P043,R0253,2
P043,R0254,2
P043,R0255,1
P043,R0256,1
P043,R0257,1
P043,R0258,1
P043,R0259,1
P043,R0260,2
P043,R0261,1
P043,R0262,1
P043,R0263,1
P043,R0264,1
P043,R0265,2
P043,R0266,1
P043,R0267,1
P043,R0268,1
P043,R0269,1
P043,R0270,1
P043,R0271,2
P043,R0272,2
P043,R0273,1
P043,R0274,1
P043,R0275,2
P043,R0276,2
P043,R0277,1
P043,R0278,1
P043,R0279,2
P043,R0280,1
P043,R0281,2
P043,R0282,1
P043,R0283,1
P043,R0284,2
P043,R0285,2
P043,R0286,1
P043,R0287,1
P043,R0288,1
P043,R0289,1
P043,R0290,2
P043,R0291,1
P043,R0292,1
P043,R0293,1
P043,R0294,1
P043,R0295,1
P043,R0296,1
P043,R0297,1
P043,R0298,2
P043,R0299,2
P043,R0300,1
P043,R0301,1
P043,R0302,2
P043,R0303,1
P043,R0304,1
P043,R0305,2
P043,R0306,1
P043,R0307,2
P043,R0308,2
P043,R0309,1
P043,R0310,1
P043,R0311,1
P043,R0312,1
P043,R0313,2
P043,R0314,1
P043,R0315,1
P043,R0316,1
P043,R0317,2
P043,R0318,2
P043,R0319,2
P043,R0320,1
P043,R0321,1
P043,R0322,1
P043,R0323,1
P043,R0324,2
P043,R0325,2
P043,R0326,1
P043,R0327,1
P043,R0328,1
P043,R0329,2
P043,R0330,1
P043,R0331,2
P043,R0332,1
P043,R0333,2
P043,R0334,1
P043,R0335,1
P043,R0336,1
P043,R0337,1
P043,R0338,1
P043,R0339,2
P043,R0340,1
P043,R0341,1
P043,R0342,2
P043,R0343,1
P043,R0344,1
P043,R0345,1
P043,R0346,1
P043,R0347,2
P043,R0348,2
P043,R0349,2
P043,R0350,1
P043,R0351,1
P043,R0352,1
P043,R0353,1
P043,R0354,1
P043,R0355,1
P043,R0356,1
P043,R0357,1
P043,R0358,1
P043,R0359,1
P043,R0360,1
P043,R0361,1
P043,R0362,1
P043,R0363,1
P043,R0364,1
P043,R0365,2
P043,R0366,1
P043,R0367,1
P043,R0368,2
P043,R0369,2
P043,R0370,1
P043,R0371,1
P043,R0372,2
P043,R0373,2
P043,R0374,1
P043,R0375,2
P043,R0376,1
P043,R0377,2
P043,R0378,1
P043,R0379,1
P043,R0380,1
P043,R0381,1
P043,R0382,1
P043,R0383,2
P043,R0384,2
P043,R0385,2
P043,R0386,1
P043,R0387,1
P043,R0388,2
P043,R0389,1
P043,R0390,1
P043,R0391,1
P043,R0392,2
P043,R0393,1
P043,R0394,1
P043,R0395,1
P043,R0396,1
P043,R0397,1
P043,R0398,1
P043,R0399,1
P043,R0400,1
P043,R0401,1
P043,R0402,1
P043,R0403,1
P043,R0404,1
P043,R0405,1
P043,R0406,1
P043,R0407,1
P043,R0408,2
P043,R0409,1
P043,R0410,2
P043,R0411,1
P043,R0412,1
P043,R0413,2
P043,R0414,2
P043,R0415,1
P043,R0416,2
P043,R0417,1
P043,R0418,2
P043,R0419,1
P043,R0420,1
P043,R0421,2
P043,R0422,1
P043,R0423,1
P043,R0424,2
P043,R0425,2
P043,R0426,1
P043,R0427,1
P043,R0428,1
P043,R0429,2
P043,R0430,1
P043,R0431,1
P043,R0432,2
P043,R0433,1
P043,R0434,1
P043,R0435,1
P043,R0436,2
P043,R0437,2
P043,R0438,1
P043,R0439,1
P043,R0440,1
P043,R0441,1
P043,R0442,1
P043,R0443,2
P043,R0444,2
P043,R0445,2
P043,R0446,1
P043,R0447,1
P043,R0448,1
P043,R0449,1
P043,R0450,1
P043,R0451,1
P043,R0452,1
P043,R0453,1
P043,R0454,2
P043,R0455,1
P043,R0456,1
P043,R0457,1
P043,R0458,2
P043,R0459,1
P043,R0460,1
P043,R0461,1
P043,R0462,1
P043,R0463,2
P043,R0464,1
P043,R0465,1
P043,R0466,2
P043,R0467,1
P043,R0468,2
P043,R0469,1
P043,R0470,1
P043,R0471,2
P043,R0472,1
P043,R0473,1
P043,R0474,1
P043,R0475,1
P043,R0476,1
P043,R0477,1
P043,R0478,1
P043,R0479,2
P043,R0480,2
P043,R0481,1
P043,R0482,2
P043,R0483,1
P043,R0484,1
P043,R0485,1
P043,R0486,1
P043,R0487,1
P043,R0488,1
P043,R0489,2
P043,R0490,1
P043,R0491,1
P043,R0492,1
P043,R0493,1
P043,R0494,1
P043,R0495,1
P043,R0496,1
P043,R0497,2
P043,R0498,1
P043,R0499,1
P043,R0500,1
P043,R0501,1
P043,R0502,2
P043,R0503,1
P043,R0504,1
P043,R0505,2
P043,R0506,1
P043,R0507,1
P043,R0508,2
P043,R0509,1
P043,R0510,2
P043,R0511,1
P043,R0512,2
P043,R0513,1
P043,R0514,2
P043,R0515,1
P043,R0516,2
P043,R0517,2
P043,R0518,2
P043,R0519,1
P043,R0520,2
P043,R0521,1
P043,R0522,1
P043,R0523,1
P043,R0524,1
P043,R0525,1
P043,R0526,2
P043,R0527,1
P043,R0528,2
P043,R0529,1
P043,R0530,1
P043,R0531,1
P043,R0532,1
P043,R0533,1
P043,R0534,1
P043,R0535,1
P043,R0536,2
P043,R0537,1
P043,R0538,1
P043,R0539,1
P043,R0540,1
P043,R0541,2
P043,R0542,1
P043,R0543,2
P043,R0544,1
P043,R0545,1
P043,R0546,1
P043,R0547,1
P043,R0548,1
P043,R0549,1
P043,R0550,1
P043,R0551,1
P043,R0552,1
P043,R0553,1
P043,R0554,2
P043,R0555,1
P043,R0556,1
P043,R0557,1
P043,R0558,1
P043,R0559,1
P043,R0560,2
P043,R0561,1
P043,R0562,1
P043,R0563,1
P043,R0564,1
P043,R0565,1
P043,R0566,1
P043,R0567,1
P043,R0568,1
P043,R0569,2
P043,R0570,2
P043,R0571,1
P043,R0572,1
P043,R0573,1
P043,R0574,1
P043,R0575,1
P043,R0576,2
P043,R0577,2
P043,R0578,2
P043,R0579,1
P043,R0580,1
P043,R0581,1
P043,R0582,1
P043,R0583,1
P043,R0584,1
P043,R0585,1
P043,R0586,1
P043,R0587,1
P043,R0588,1
P043,R0589,1
P043,R0590,1
P043,R0591,1
P043,R0592,1
P043,R0593,1
P043,R0594,1
P043,R0595,1
P043,R0596,1
P043,R0597,2
P043,R0598,1
P043,R0599,1
P043,R0600,1
P044,R0001,2
P044,R0002,0
P044,R0003,2
P044,R0004,1
P044,R0005,1
P044,R0006,2
P044,R0007,1
P044,R0008,1
P044,R0009,0
P044,R0010,1
P044,R0011,0
P044,R0012,1
P044,R0013,1
P044,R0014,0
P044,R0015,0
P044,R0016,1
P044,R0017,1
P044,R0018,1
P044,R0019,2
P044,R0020,1
P044,R0021,0
P044,R0022,0
P044,R0023,1
P044,R0024,0
P044,R0025,0
P044,R0026,1
P044,R0027,2
P044,R0028,0
P044,R0029,1
P044,R0030,1
P044,R0031,1
P044,R0032,0
P044,R0033,1
P044,R0034,2
P044,R0035,1
P044,R0036,1
P044,R0037,0
P044,R0038,0
P044,R0039,1
P044,R0040,0
P044,R0041,0
P044,R0042,1
P044,R0043,2
P044,R0044,0
P044,R0045,2
P044,R0046,1
P044,R0047,0
P044,R0048,2
P044,R0049,1
P044,R0050,2
P044,R0051,0
P044,R0052,0
P044,R0053,1
P044,R0054,1
P044,R0055,2
P044,R0056,1
P044,R0057,0
P044,R0058,1
P044,R0059,1
P044,R0060,0
P044,R0061,2
P044,R0062,0
P044,R0063,2
P044,R0064,0
P044,R0065,0
P044,R0066,1
P044,R0067,1
P044,R0068,1
P044,R0069,0
P044,R0070,1
P044,R0071,2
P044,R0072,1
P044,R0073,1
P044,R0074,1
P044,R0075,1
P044,R0076,2
P044,R0077,0
P044,R0078,1
P044,R0079,1
P044,R0080,1
P044,R0081,1
P044,R0082,0
P044,R0083,0
P044,R0084,1
P044,R0085,1
P044,R0086,1
P044,R0087,1
P044,R0088,1
P044,R0089,1
P044,R0090,1
P044,R0091,1
P044,R0092,2
P044,R0093,2
P044,R0094,0
P044,R0095,1
P044,R0096,0
P044,R0097,1
P044,R0098,0
P044,R0099,0
P044,R0100,1
P044,R0101,1
P044,R0102,1
P044,R0103,1
P044,R0104,0
P044,R0105,1
P044,R0106,0
P044,R0107,0
P044,R0108,2
P044,R0109,0
P044,R0110,1
P044,R0111,1
P044,R0112,1
P044,R0113,1
P044,R0114,1
P044,R0115,0
P044,R0116,0
P044,R0117,1
P044,R0118,1
P044,R0119,0
P044,R0120,1
P044,R0121,2
P044,R0122,0
P044,R0123,2
P044,R0124,1
P044,R0125,0
P044,R0126,1
P044,R0127,1
P044,R0128,1
P044,R0129,1
P044,R0130,1
P044,R0131,1
P044,R0132,0
P044,R0133,0
P044,R0134,2
P044,R0135,0
P044,R0136,1
P044,R0137,0
P044,R0138,0
P044,R0139,1
P044,R0140,1
P044,R0141,0
P044,R0142,2
P044,R0143,2
P044,R0144,1
P044,R0145,1
P044,R0146,0
P044,R0147,0
P044,R0148,1
P044,R0149,1
P044,R0150,1
P044,R0151,1
P044,R0152,1
P044,R0153,1
P044,R0154,2
P044,R0155,0
P044,R0156,2
P044,R0157,2
P044,R0158,1
P044,R0159,1
P044,R0160,0
P044,R0161,2
P044,R0162,1
P044,R0163,1
P044,R0164,1
P044,R0165,0
P044,R0166,0
P044,R0167,1
P044,R0168,1
P044,R0169,2
P044,R0170,2
P044,R0171,1
P044,R0172,0
P044,R0173,1
P044,R0174,1
P044,R0175,1
P044,R0176,1
P044,R0177,2
P044,R0178,1
P044,R0179,1
P044,R0180,0
P044,R0181,1
P044,R0182,2
P044,R0183,0
P044,R0184,0
P044,R0185,2
P044,R0186,1
P044,R0187,1
P044,R0188,0
P044,R0189,0
P044,R0190,1
P044,R0191,2
P044,R0192,1
P044,R0193,2
P044,R0194,0
P044,R0195,0
P044,R0196,1
P044,R0197,2
P044,R0198,1
P044,R0199,2
P044,R0200,1
P044,R0201,1
P044,R0202,0
P044,R0203,2
P044,R0204,1
P044,R0205,2
P044,R0206,2
P044,R0207,1
P044,R0208,2
P044,R0209,0
P044,R0210,0
P044,R0211,1
P044,R0212,0
P044,R0213,0
P044,R0214,0
P044,R0215,1
P044,R0216,1
P044,R0217,0
P044,R0218,0
P044,R0219,1
P044,R0220,1
P044,R0221,1
P044,R0222,0
P044,R0223,2
P044,R0224,1
P044,R0225,0
P044,R0226,0
P044,R0227,2
P044,R0228,1
P044,R0229,0
P044,R0230,2
P044,R0231,1
P044,R0232,2
P044,R0233,2
P044,R0234,1
P044,R0235,0
P044,R0236,1
P044,R0237,1
P044,R0238,1
P044,R0239,1
P044,R0240,2
P044,R0241,2
P044,R0242,2
P044,R0243,1
P044,R0244,1
P044,R0245,2
P044,R0246,1
P044,R0247,1
P044,R0248,1
P044,R0249,0
P044,R0250,2
P044,R0251,1
P044,R0252,0
P044,R0253,1
P044,R0254,0
P044,R0255,1
P044,R0256,0
P044,R0257,1
P044,R0258,1
P044,R0259,1
P044,R0260,1
P044,R0261,0
P044,R0262,1
P044,R0263,2
P044,R0264,1
P044,R0265,1
P044,R0266,1
P044,R0267,0
P044,R0268,0
P044,R0269,1
P044,R0270,2
P044,R0271,2
P044,R0272,0
P044,R0273,1
P044,R0274,0
P044,R0275,2
P044,R0276,0
P044,R0277,0
P044,R0278,2
P044,R0279,2
P044,R0280,0
P044,R0281,1
P044,R0282,2
P044,R0283,1
P044,R0284,2
P044,R0285,0
P044,R0286,0
P044,R0287,1
P044,R0288,1
P044,R0289,1
P044,R0290,1
P044,R0291,1
P044,R0292,1
P044,R0293,0
P044,R0294,1
P044,R0295,0
P044,R0296,1
P044,R0297,1
P044,R0298,2
P044,R0299,1
P044,R0300,1
P044,R0301,0
P044,R0302,1
P044,R0303,1
P044,R0304,1
P044,R0305,1
P044,R0306,1
P044,R0307,1
P044,R0308,0
P044,R0309,1
P044,R0310,1
P044,R0311,1
P044,R0312,0
P044,R0313,1
P044,R0314,0
P044,R0315,1
P044,R0316,0
P044,R0317,0
P044,R0318,0
P044,R0319,0
P044,R0320,1
P044,R0321,1
P044,R0322,1
P044,R0323,1
P044,R0324,2
P044,R0325,2
P044,R0326,0
P044,R0327,1
P044,R0328,2
P044,R0329,1
P044,R0330,0
P044,R0331,0
P044,R0332,2
P044,R0333,1
P044,R0334,1
P044,R0335,1
P044,R0336,1
P044,R0337,2
P044,R0338,1
P044,R0339,2
P044,R0340,1
P044,R0341,1
P044,R0342,2
P044,R0343,0
P044,R0344,0
P044,R0345,0
P044,R0346,0
P044,R0347,0
P044,R0348,1
P044,R0349,0
P044,R0350,1
P044,R0351,1
P044,R0352,1
P044,R0353,1
P044,R0354,1
P044,R0355,1
P044,R0356,1
P044,R0357,2
P044,R0358,2
P044,R0359,1
P044,R0360,1
P044,R0361,0
P044,R0362,1
P044,R0363,0
P044,R0364,0
P044,R0365,2
P044,R0366,0
P044,R0367,1
P044,R0368,2
P044,R0369,2
P044,R0370,1
P044,R0371,0
P044,R0372,1
P044,R0373,1
P044,R0374,0
P044,R0375,0
P044,R0376,1
P044,R0377,0
P044,R0378,1
P044,R0379,0
P044,R0380,1
P044,R0381,0
P044,R0382,0
P044,R0383,2
P044,R0384,2
P044,R0385,0
P044,R0386,1
P044,R0387,1
P044,R0388,0
P044,R0389,1
P044,R0390,2
P044,R0391,0
P044,R0392,2
P044,R0393,1
P044,R0394,0
P044,R0395,0
P044,R0396,2
P044,R0397,1
P044,R0398,1
P044,R0399,2
P044,R0400,0
P044,R0401,1
P044,R0402,1
P044,R0403,1
P044,R0404,1
P044,R0405,1
P044,R0406,0
P044,R0407,1
P044,R0408,0
P044,R0409,0
P044,R0410,0
P044,R0411,2
P044,R0412,1
P044,R0413,1
P044,R0414,1
P044,R0415,0
P044,R0416,0
P044,R0417,2
P044,R0418,0
P044,R0419,1
P044,R0420,1
P044,R0421,1
P044,R0422,1
P044,R0423,1
P044,R0424,0
P044,R0425,1
P044,R0426,1
P044,R0427,1
P044,R0428,0
P044,R0429,1
P044,R0430,1
P044,R0431,2
P044,R0432,1
P044,R0433,2
P044,R0434,0
P044,R0435,1
P044,R0436,1
P044,R0437,2
P044,R0438,2
P044,R0439,1
P044,R0440,2
P044,R0441,0
P044,R0442,2
P044,R0443,1
P044,R0444,1
P044,R0445,2
P044,R0446,1
P044,R0447,1
P044,R0448,1
P044,R0449,1
P044,R0450,2
P044,R0451,1
P044,R0452,0
P044,R0453,0
P044,R0454,0
P044,R0455,0
P044,R0456,2
P044,R0457,1
P044,R0458,1
P044,R0459,1
P044,R0460,0
P044,R0461,2
P044,R0462,1
P044,R0463,0
P044,R0464,0
P044,R0465,2
P044,R0466,0
P044,R0467,1
P044,R0468,2
P044,R0469,2
P044,R0470,1
P044,R0471,2
P044,R0472,1
P044,R0473,0
P044,R0474,1
P044,R0475,2
P044,R0476,1
P044,R0477,2
P044,R0478,1
P044,R0479,1
P044,R0480,0
P044,R0481,1
P044,R0482,0
P044,R0483,2
P044,R0484,1
P044,R0485,1
P044,R0486,1
P044,R0487,1
P044,R0488,0
P044,R0489,0
P044,R0490,0
P044,R0491,2
P044,R0492,0
P044,R0493,0
P044,R0494,0
P044,R0495,1
P044,R0496,1
P044,R0497,0
P044,R0498,1
P044,R0499,0
P044,R0500,0
P044,R0501,1
P044,R0502,1
P044,R0503,0
P044,R0504,0
P044,R0505,2
P044,R0506,1
P044,R0507,1
P044,R0508,0
P044,R0509,2
P044,R0510,0
P044,R0511,1
P044,R0512,0
P044,R0513,1
P044,R0514,1
P044,R0515,0
P044,R0516,1
P044,R0517,0
P044,R0518,1
P044,R0519,0
P044,R0520,2
P044,R0521,0
P044,R0522,0
P044,R0523,1
P044,R0524,0
P044,R0525,0
P044,R0526,0
P044,R0527,2
P044,R0528,1
P044,R0529,1
P044,R0530,0
P044,R0531,1
P044,R0532,2
P044,R0533,1
P044,R0534,2
P044,R0535,1
P044,R0536,0
P044,R0537,1
P044,R0538,0
P044,R0539,1
P044,R0540,1
P044,R0541,1
P044,R0542,2
P044,R0543,2
P044,R0544,0
P044,R0545,1
P044,R0546,1
P044,R0547,1
P044,R0548,0
P044,R0549,1
P044,R0550,1
P044,R0551,0
P044,R0552,1
P044,R0553,0
P044,R0554,1
P044,R0555,1
P044,R0556,1
P044,R0557,0
P044,R0558,1
P044,R0559,1
P044,R0560,2
P044,R0561,0
P044,R0562,1
P044,R0563,1
P044,R0564,1
P044,R0565,2
P044,R0566,1
P044,R0567,1
P044,R0568,1
P044,R0569,1
P044,R0570,1
P044,R0571,1
P044,R0572,2
P044,R0573,0
P044,R0574,1
P044,R0575,0
P044,R0576,1
P044,R0577,2
P044,R0578,0
P044,R0579,1
P044,R0580,1
P044,R0581,0
P044,R0582,2
P044,R0583,1
P044,R0584,0
P044,R0585,1
P044,R0586,1
P044,R0587,1
P044,R0588,1
P044,R0589,1
P044,R0590,1
P044,R0591,0
P044,R0592,0
P044,R0593,1
P044,R0594,0
P044,R0595,0
P044,R0596,1
P044,R0597,1
P044,R0598,1
P044,R0599,1
P044,R0600,1
P045,R0001,2
P045,R0002,0
P045,R0003,1
P045,R0004,0
P045,R0005,2
P045,R0006,2
P045,R0007,2
P045,R0008,1
P045,R0009,0
P045,R0010,1
P045,R0011,0
P045,R0012,1
P045,R0013,1
P045,R0014,0
P045,R0015,0
P045,R0016,1
P045,R0017,1
P045,R0018,2
P045,R0019,1
P045,R0020,2
P045,R0021,0
P045,R0022,0
P045,R0023,1
P045,R0024,0
P045,R0025,0
P045,R0026,1
P045,R0027,1
P045,R0028,0
P045,R0029,1
P045,R0030,1
P045,R0031,1
P045,R0032,0
P045,R0033,2
P045,R0034,2
P045,R0035,1
P045,R0036,2
P045,R0037,0
P045,R0038,0
P045,R0039,2
P045,R0040,0
P045,R0041,0
P045,R0042,1
P045,R0043,2
P045,R0044,0
P045,R0045,2
P045,R0046,1
P045,R0047,0
P045,R0048,1
P045,R0049,2
P045,R0050,2
P045,R0051,0
P045,R0052,0
P045,R0053,2
P045,R0054,1
P045,R0055,1
P045,R0056,1
P045,R0057,0
P045,R0058,1
P045,R0059,2
P045,R0060,0
P045,R0061,1
P045,R0062,0
P045,R0063,2
P045,R0064,0
P045,R0065,0
P045,R0066,0
P045,R0067,2
P045,R0068,2
P045,R0069,0
P045,R0070,1
P045,R0071,1
P045,R0072,2
P045,R0073,2
P045,R0074,2
P045,R0075,1
P045,R0076,1
P045,R0077,0
P045,R0078,2
P045,R0079,1
P045,R0080,2
P045,R0081,2
P045,R0082,0
P045,R0083,0
P045,R0084,2
P045,R0085,2
P045,R0086,1
P045,R0087,2
P045,R0088,1
P045,R0089,1
P045,R0090,2
P045,R0091,1
P045,R0092,0
P045,R0093,1
P045,R0094,0
P045,R0095,2
P045,R0096,0
P045,R0097,1
P045,R0098,0
P045,R0099,0
P045,R0100,1
P045,R0101,1
P045,R0102,1
P045,R0103,1
P045,R0104,0
P045,R0105,2
P045,R0106,0
P045,R0107,0
P045,R0108,1
P045,R0109,0
P045,R0110,1
P045,R0111,2
P045,R0112,0
P045,R0113,1
P045,R0114,1
P045,R0115,0
P045,R0116,0
P045,R0117,1
P045,R0118,2
P045,R0119,0
P045,R0120,1
P045,R0121,2
P045,R0122,0
P045,R0123,1
P045,R0124,2
P045,R0125,0
P045,R0126,1
P045,R0127,1
P045,R0128,2
P045,R0129,1
P045,R0130,1
P045,R0131,1
P045,R0132,0
P045,R0133,0
P045,R0134,1
P045,R0135,0
P045,R0136,1
P045,R0137,0
P045,R0138,0
P045,R0139,2
P045,R0140,1
P045,R0141,0
P045,R0142,2
P045,R0143,2
P045,R0144,1
P045,R0145,1
P045,R0146,0
P045,R0147,0
P045,R0148,1
P045,R0149,1
P045,R0150,1
P045,R0151,1
P045,R0152,1
P045,R0153,2
P045,R0154,1
P045,R0155,0
P045,R0156,2
P045,R0157,1
P045,R0158,1
P045,R0159,1
P045,R0160,0
P045,R0161,1
P045,R0162,2
P045,R0163,2
P045,R0164,2
P045,R0165,0
P045,R0166,0
P045,R0167,2
P045,R0168,2
P045,R0169,1
P045,R0170,1
P045,R0171,1
P045,R0172,0
P045,R0173,2
P045,R0174,1
P045,R0175,2
P045,R0176,2
P045,R0177,2
P045,R0178,1
P045,R0179,2
P045,R0180,0
P045,R0181,1
P045,R0182,2
P045,R0183,0
P045,R0184,0
P045,R0185,1
P045,R0186,2
P045,R0187,1
P045,R0188,0
P045,R0189,0
P045,R0190,0
P045,R0191,1
P045,R0192,1
P045,R0193,2
P045,R0194,0
P045,R0195,0
P045,R0196,1
P045,R0197,2
P045,R0198,2
P045,R0199,2
P045,R0200,1
P045,R0201,1
P045,R0202,0
P045,R0203,2
P045,R0204,1
P045,R0205,1
P045,R0206,2
P045,R0207,2
P045,R0208,2
P045,R0209,0
P045,R0210,0
P045,R0211,1
P045,R0212,0
P045,R0213,0
P045,R0214,0
P045,R0215,1
P045,R0216,1
P045,R0217,0
P045,R0218,0
P045,R0219,1
P045,R0220,1
P045,R0221,2
P045,R0222,0
P045,R0223,1
P045,R0224,2
P045,R0225,0
P045,R0226,0
P045,R0227,2
P045,R0228,1
P045,R0229,0
P045,R0230,2
P045,R0231,2
P045,R0232,2
P045,R0233,0
P045,R0234,2
P045,R0235,0
P045,R0236,1
P045,R0237,2
P045,R0238,1
P045,R0239,2
P045,R0240,2
P045,R0241,2
P045,R0242,1
P045,R0243,1
P045,R0244,1
P045,R0245,2
P045,R0246,1
P045,R0247,1
P045,R0248,1
P045,R0249,0
P045,R0250,1
P045,R0251,1
P045,R0252,0
P045,R0253,1
P045,R0254,0
P045,R0255,1
P045,R0256,0
P045,R0257,1
P045,R0258,2
P045,R0259,1
P045,R0260,1
P045,R0261,0
P045,R0262,2
P045,R0263,1
P045,R0264,2
P045,R0265,2
P045,R0266,1
P045,R0267,0
P045,R0268,0
P045,R0269,1
P045,R0270,1
P045,R0271,2
P045,R0272,0
P045,R0273,2
P045,R0274,0
P045,R0275,2
P045,R0276,0
P045,R0277,0
P045,R0278,1
P045,R0279,2
P045,R0280,0
P045,R0281,1
P045,R0282,1
P045,R0283,2
P045,R0284,2
P045,R0285,0
P045,R0286,0
P045,R0287,2
P045,R0288,2
P045,R0289,2
P045,R0290,2
P045,R0291,1
P045,R0292,1
P045,R0293,0
P045,R0294,2
P045,R0295,0
P045,R0296,0
P045,R0297,1
P045,R0298,1
P045,R0299,2
P045,R0300,2
P045,R0301,0
P045,R0302,1
P045,R0303,2
P045,R0304,1
P045,R0305,1
P045,R0306,1
P045,R0307,1
P045,R0308,0
P045,R0309,1
P045,R0310,1
P045,R0311,2
P045,R0312,0
P045,R0313,1
P045,R0314,0
P045,R0315,1
P045,R0316,0
P045,R0317,0
P045,R0318,0
P045,R0319,0
P045,R0320,2
P045,R0321,1
P045,R0322,1
P045,R0323,1
P045,R0324,1
P045,R0325,2
P045,R0326,0
P045,R0327,1
P045,R0328,1
P045,R0329,1
P045,R0330,0
P045,R0331,0
P045,R0332,1
P045,R0333,1
P045,R0334,2
P045,R0335,1
P045,R0336,1
P045,R0337,1
P045,R0338,2
P045,R0339,2
P045,R0340,2
P045,R0341,2
P045,R0342,2
P045,R0343,0
P045,R0344,0
P045,R0345,0
P045,R0346,0
P045,R0347,0
P045,R0348,1
P045,R0349,0
P045,R0350,2
P045,R0351,1
P045,R0352,2
P045,R0353,1
P045,R0354,1
P045,R0355,1
P045,R0356,2
P045,R0357,1
P045,R0358,1
P045,R0359,2
P045,R0360,2
P045,R0361,0
P045,R0362,2
P045,R0363,0
P045,R0364,0
P045,R0365,2
P045,R0366,0
P045,R0367,1
P045,R0368,2
P045,R0369,1
P045,R0370,2
P045,R0371,0
P045,R0372,1
P045,R0373,2
P045,R0374,0
P045,R0375,0
P045,R0376,1
P045,R0377,0
P045,R0378,1
P045,R0379,0
P045,R0380,1
P045,R0381,0
P045,R0382,0
P045,R0383,2
P045,R0384,2
P045,R0385,0
P045,R0386,1
P045,R0387,1
P045,R0388,0
P045,R0389,1
P045,R0390,2
P045,R0391,0
P045,R0392,2
P045,R0393,2
P045,R0394,0
P045,R0395,0
P045,R0396,1
P045,R0397,2
P045,R0398,1
P045,R0399,1
P045,R0400,0
P045,R0401,1
P045,R0402,0
P045,R0403,2
P045,R0404,2
P045,R0405,2
P045,R0406,0
P045,R0407,1
P045,R0408,0
P045,R0409,0
P045,R0410,0
P045,R0411,1
P045,R0412,1
P045,R0413,1
P045,R0414,1
P045,R0415,0
P045,R0416,0
P045,R0417,1
P045,R0418,0
P045,R0419,1
P045,R0420,2
P045,R0421,2
P045,R0422,2
P045,R0423,1
P045,R0424,0
P045,R0425,1
P045,R0426,1
P045,R0427,1
P045,R0428,0
P045,R0429,2
P045,R0430,1
P045,R0431,2
P045,R0432,1
P045,R0433,0
P045,R0434,0
P045,R0435,1
P045,R0436,2
P045,R0437,2
P045,R0438,1
P045,R0439,2
P045,R0440,2
P045,R0441,0
P045,R0442,1
P045,R0443,1
P045,R0444,2
P045,R0445,2
P045,R0446,1
P045,R0447,2
P045,R0448,2
P045,R0449,2
P045,R0450,2
P045,R0451,2
P045,R0452,0
P045,R0453,0
P045,R0454,0
P045,R0455,0
P045,R0456,1
P045,R0457,1
P045,R0458,2
P045,R0459,1
P045,R0460,0
P045,R0461,1
P045,R0462,1
P045,R0463,0
P045,R0464,0
P045,R0465,1
P045,R0466,0
P045,R0467,2
P045,R0468,2
P045,R0469,1
P045,R0470,1
P045,R0471,2
P045,R0472,2
P045,R0473,0
P045,R0474,2
P045,R0475,1
P045,R0476,2
P045,R0477,1
P045,R0478,2
P045,R0479,2
P045,R0480,0
P045,R0481,1
P045,R0482,0
P045,R0483,1
P045,R0484,2
P045,R0485,1
P045,R0486,2
P045,R0487,2
P045,R0488,0
P045,R0489,0
P045,R0490,0
P045,R0491,1
P045,R0492,0
P045,R0493,0
P045,R0494,0
P045,R0495,1
P045,R0496,0
P045,R0497,0
P045,R0498,2
P045,R0499,0
P045,R0500,0
P045,R0501,2
P045,R0502,1
P045,R0503,0
P045,R0504,0
P045,R0505,2
P045,R0506,1
P045,R0507,2
P045,R0508,0
P045,R0509,1
P045,R0510,0
P045,R0511,1
P045,R0512,0
P045,R0513,2
P045,R0514,1
P045,R0515,0
P045,R0516,1
P045,R0517,0
P045,R0518,1
P045,R0519,0
P045,R0520,2
P045,R0521,0
P045,R0522,0
P045,R0523,2
P045,R0524,0
P045,R0525,0
P045,R0526,0
P045,R0527,1
P045,R0528,1
P045,R0529,2
P045,R0530,0
P045,R0531,1
P045,R0532,1
P045,R0533,1
P045,R0534,1
P045,R0535,1
P045,R0536,0
P045,R0537,2
P045,R0538,0
P045,R0539,1
P045,R0540,1
P045,R0541,1
P045,R0542,1
P045,R0543,2
P045,R0544,0
P045,R0545,2
P045,R0546,2
P045,R0547,1
P045,R0548,0
P045,R0549,2
P045,R0550,2
P045,R0551,0
P045,R0552,2
P045,R0553,0
P045,R0554,1
P045,R0555,1
P045,R0556,1
P045,R0557,0
P045,R0558,1
P045,R0559,2
P045,R0560,2
P045,R0561,0
P045,R0562,2
P045,R0563,0
P045,R0564,1
P045,R0565,0
P045,R0566,2
P045,R0567,1
P045,R0568,2
P045,R0569,1
P045,R0570,1
P045,R0571,2
P045,R0572,2
P045,R0573,0
P045,R0574,1
P045,R0575,0
P045,R0576,1
P045,R0577,2
P045,R0578,0
P045,R0579,2
P045,R0580,2
P045,R0581,0
P045,R0582,1
P045,R0583,1
P045,R0584,0
P045,R0585,2
P045,R0586,2
P045,R0587,1
P045,R0588,1
P045,R0589,1
P045,R0590,1
P045,R0591,0
P045,R0592,0
P045,R0593,1
P045,R0594,0
P045,R0595,0
P045,R0596,1
P045,R0597,2
P045,R0598,2
P045,R0599,2
P045,R0600,1
P046,R0001,1
P046,R0002,1
P046,R0003,1
P046,R0004,1
P046,R0005,2
P046,R0006,1
P046,R0007,1
P046,R0008,2
P046,R0009,1
P046,R0010,2
P046,R0011,2
P046,R0012,2
P046,R0013,1
P046,R0014,2
P046,R0015,1
P046,R0016,2
P046,R0017,2
P046,R0018,2
P046,R0019,1
P046,R0020,2
P046,R0021,2
P046,R0022,2
P046,R0023,1
P046,R0024,2
P046,R0025,2
P046,R0026,2
P046,R0027,2
P046,R0028,2
P046,R0029,2
P046,R0030,2
P046,R0031,2
P046,R0032,2
P046,R0033,2
P046,R0034,1
P046,R0035,1
P046,R0036,1
P046,R0037,1
P046,R0038,1
P046,R0039,1
P046,R0040,1
P046,R0041,2
P046,R0042,2
P046,R0043,2
P046,R0044,2
P046,R0045,2
P046,R0046,2
P046,R0047,1
P046,R0048,1
P046,R0049,1
P046,R0050,1
P046,R0051,1
P046,R0052,1
P046,R0053,1
P046,R0054,2
P046,R0055,2
P046,R0056,2
P046,R0057,2
P046,R0058,2
P046,R0059,2
P046,R0060,2
P046,R0061,1
P046,R0062,1
P046,R0063,1
P046,R0064,1
P046,R0065,1
P046,R0066,2
P046,R0067,2
P046,R0068,1
P046,R0069,1
P046,R0070,2
P046,R0071,1
P046,R0072,1
P046,R0073,1
P046,R0074,1
P046,R0075,1
P046,R0076,1
P046,R0077,2
P046,R0078,2
P046,R0079,2
P046,R0080,2
P046,R0081,2
P046,R0082,2
P046,R0083,2
P046,R0084,1
P046,R0085,2
P046,R0086,2
P046,R0087,2
P046,R0088,1
P046,R0089,2
P046,R0090,1
P046,R0091,2
P046,R0092,1
P046,R0093,1
P046,R0094,2
P046,R0095,2
P046,R0096,2
P046,R0097,2
P046,R0098,1
P046,R0099,2
P046,R0100,2
P046,R0101,1
P046,R0102,1
P046,R0103,1
P046,R0104,1
P046,R0105,2
P046,R0106,1
P046,R0107,1
P046,R0108,1
P046,R0109,1
P046,R0110,2
P046,R0111,1
P046,R0112,2
P046,R0113,2
P046,R0114,1
P046,R0115,1
P046,R0116,1
P046,R0117,2
P046,R0118,1
P046,R0119,1
P046,R0120,2
P046,R0121,1
P046,R0122,2
P046,R0123,1
P046,R0124,2
P046,R0125,1
P046,R0126,1
P046,R0127,2
P046,R0128,2
P046,R0129,2
P046,R0130,2
P046,R0131,2
P046,R0132,1
P046,R0133,2
P046,R0134,1
P046,R0135,2
P046,R0136,1
P046,R0137,1
P046,R0138,1
P046,R0139,1
P046,R0140,2
P046,R0141,2
P046,R0142,2
P046,R0143,1
P046,R0144,1
P046,R0145,2
P046,R0146,2
P046,R0147,2
P046,R0148,2
P046,R0149,1
P046,R0150,1
P046,R0151,2
P046,R0152,2
P046,R0153,2
P046,R0154,1
P046,R0155,2
P046,R0156,1
P046,R0157,1
P046,R0158,2
P046,R0159,1
P046,R0160,1
P046,R0161,2
P046,R0162,1
P046,R0163,2
P046,R0164,1
P046,R0165,1
P046,R0166,2
P046,R0167,1
P046,R0168,1
P046,R0169,1
P046,R0170,1
P046,R0171,2
P046,R0172,2
P046,R0173,1
P046,R0174,1
P046,R0175,2
P046,R0176,1
P046,R0177,2
P046,R0178,2
P046,R0179,1
P046,R0180,2
P046,R0181,1
P046,R0182,2
P046,R0183,2
P046,R0184,1
P046,R0185,1
P046,R0186,2
P046,R0187,1
P046,R0188,1
P046,R0189,1
P046,R0190,2
P046,R0191,1
P046,R0192,2
P046,R0193,2
P046,R0194,1
P046,R0195,2
P046,R0196,2
P046,R0197,1
P046,R0198,1
P046,R0199,1
P046,R0200,2
P046,R0201,2
P046,R0202,2
P046,R0203,1
P046,R0204,1
P046,R0205,1
P046,R0206,1
P046,R0207,2
P046,R0208,1
P046,R0209,1
P046,R0210,1
P046,R0211,2
P046,R0212,2
P046,R0213,1
P046,R0214,1
P046,R0215,2
P046,R0216,2
P046,R0217,1
P046,R0218,1
P046,R0219,2
P046,R0220,2
P046,R0221,1
P046,R0222,2
P046,R0223,1
P046,R0224,1
P046,R0225,1
P046,R0226,2
P046,R0227,1
P046,R0228,1
P046,R0229,2
P046,R0230,1
P046,R0231,1
P046,R0232,2
P046,R0233,1
P046,R0234,1
P046,R0235,2
P046,R0236,2
P046,R0237,1
P046,R0238,1
P046,R0239,1
P046,R0240,1
P046,R0241,1
P046,R0242,1
P046,R0243,2
P046,R0244,2
P046,R0245,1
P046,R0246,2
P046,R0247,1
P046,R0248,1
P046,R0249,2
P046,R0250,2
P046,R0251,1
P046,R0252,2
P046,R0253,1
P046,R0254,1
P046,R0255,2
P046,R0256,2
P046,R0257,2
P046,R0258,2
P046,R0259,1
P046,R0260,2
P046,R0261,2
P046,R0262,2
P046,R0263,2
P046,R0264,1
P046,R0265,1
P046,R0266,1
P046,R0267,1
P046,R0268,2
P046,R0269,2
P046,R0270,1
P046,R0271,2
P046,R0272,1
P046,R0273,1
P046,R0274,1
P046,R0275,1
P046,R0276,1
P046,R0277,1
P046,R0278,2
P046,R0279,1
P046,R0280,1
P046,R0281,2
P046,R0282,2
P046,R0283,2
P046,R0284,1
P046,R0285,1
P046,R0286,1
P046,R0287,2
P046,R0288,2
P046,R0289,1
P046,R0290,1
P046,R0291,1
P046,R0292,1
P046,R0293,1
P046,R0294,2
P046,R0295,2
P046,R0296,1
P046,R0297,2
P046,R0298,1
P046,R0299,1
P046,R0300,2
P046,R0301,2
P046,R0302,1
P046,R0303,1
P046,R0304,2
P046,R0305,2
P046,R0306,2
P046,R0307,2
P046,R0308,2
P046,R0309,2
P046,R0310,2
P046,R0311,2
P046,R0312,1
P046,R0313,2
P046,R0314,2
P046,R0315,2
P046,R0316,2
P046,R0317,2
P046,R0318,1
P046,R0319,1
P046,R0320,1
P046,R0321,2
P046,R0322,2
P046,R0323,2
P046,R0324,1
P046,R0325,1
P046,R0326,2
P046,R0327,1
P046,R0328,1
P046,R0329,1
P046,R0330,2
P046,R0331,1
P046,R0332,1
P046,R0333,1
P046,R0334,1
P046,R0335,1
P046,R0336,2
P046,R0337,2
P046,R0338,1
P046,R0339,2
P046,R0340,1
P046,R0341,2
P046,R0342,1
P046,R0343,2
P046,R0344,1
P046,R0345,1
P046,R0346,1
P046,R0347,1
P046,R0348,2
P046,R0349,1
P046,R0350,1
P046,R0351,2
P046,R0352,1
P046,R0353,2
P046,R0354,2
P046,R0355,1
P046,R0356,2
P046,R0357,2
P046,R0358,2
P046,R0359,2
P046,R0360,1
P046,R0361,2
P046,R0362,1
P046,R0363,2
P046,R0364,1
P046,R0365,1
P046,R0366,2
P046,R0367,2
P046,R0368,1
P046,R0369,1
P046,R0370,2
P046,R0371,2
P046,R0372,2
P046,R0373,1
P046,R0374,1
P046,R0375,2
P046,R0376,2
P046,R0377,1
P046,R0378,2
P046,R0379,1
P046,R0380,1
P046,R0381,1
P046,R0382,2
P046,R0383,1
P046,R0384,1
P046,R0385,1
P046,R0386,2
P046,R0387,2
P046,R0388,1
P046,R0389,1
P046,R0390,1
P046,R0391,1
P046,R0392,1
P046,R0393,1
P046,R0394,2
P046,R0395,1
P046,R0396,2
P046,R0397,2
P046,R0398,2
P046,R0399,1
P046,R0400,1
P046,R0401,1
P046,R0402,1
P046,R0403,1
P046,R0404,2
P046,R0405,1
P046,R0406,2
P046,R0407,2
P046,R0408,1
P046,R0409,1
P046,R0410,2
P046,R0411,2
P046,R0412,2
P046,R0413,2
P046,R0414,1
P046,R0415,2
P046,R0416,2
P046,R0417,1
P046,R0418,1
P046,R0419,2
P046,R0420,1
P046,R0421,1
P046,R0422,1
P046,R0423,2
P046,R0424,1
P046,R0425,2
P046,R0426,2
P046,R0427,1
P046,R0428,1
P046,R0429,1
P046,R0430,2
P046,R0431,1
P046,R0432,2
P046,R0433,2
P046,R0434,1
P046,R0435,2
P046,R0436,1
P046,R0437,1
P046,R0438,1
P046,R0439,2
P046,R0440,1
P046,R0441,2
P046,R0442,2
P046,R0443,1
P046,R0444,1
P046,R0445,1
P046,R0446,2
P046,R0447,1
P046,R0448,1
P046,R0449,2
P046,R0450,1
P046,R0451,2
P046,R0452,2
P046,R0453,2
P046,R0454,1
P046,R0455,2
P046,R0456,2
P046,R0457,2
P046,R0458,1
P046,R0459,2
P046,R0460,2
P046,R0461,1
P046,R0462,2
P046,R0463,1
P046,R0464,1
P046,R0465,1
P046,R0466,2
P046,R0467,2
P046,R0468,1
P046,R0469,1
P046,R0470,2
P046,R0471,1
P046,R0472,2
P046,R0473,2
P046,R0474,1
P046,R0475,1
P046,R0476,2
P046,R0477,1
P046,R0478,1
P046,R0479,1
P046,R0480,1
P046,R0481,2
P046,R0482,1
P046,R0483,1
P046,R0484,1
P046,R0485,2
P046,R0486,2
P046,R0487,2
P046,R0488,2
P046,R0489,1
P046,R0490,1
P046,R0491,1
P046,R0492,2
P046,R0493,2
P046,R0494,2
P046,R0495,1
P046,R0496,2
P046,R0497,2
P046,R0498,1
P046,R0499,2
P046,R0500,2
P046,R0501,2
P046,R0502,2
P046,R0503,2
P046,R0504,2
P046,R0505,1
P046,R0506,2
P046,R0507,1
P046,R0508,1
P046,R0509,2
P046,R0510,1
P046,R0511,2
P046,R0512,1
P046,R0513,2
P046,R0514,1
P046,R0515,2
P046,R0516,2
P046,R0517,2
P046,R0518,1
P046,R0519,1
P046,R0520,1
P046,R0521,2
P046,R0522,1
P046,R0523,2
P046,R0524,2
P046,R0525,2
P046,R0526,1
P046,R0527,1
P046,R0528,1
P046,R0529,1
P046,R0530,2
P046,R0531,2
P046,R0532,1
P046,R0533,2
P046,R0534,2
P046,R0535,1
P046,R0536,1
P046,R0537,1
P046,R0538,2
P046,R0539,2
P046,R0540,1
P046,R0541,2
P046,R0542,1
P046,R0543,2
P046,R0544,2
P046,R0545,2
P046,R0546,1
P046,R0547,1
P046,R0548,2
P046,R0549,1
P046,R0550,1
P046,R0551,2
P046,R0552,1
P046,R0553,2
P046,R0554,1
P046,R0555,2
P046,R0556,2
P046,R0557,2
P046,R0558,1
P046,R0559,1
P046,R0560,2
P046,R0561,2
P046,R0562,1
P046,R0563,2
P046,R0564,1
P046,R0565,2
P046,R0566,1
P046,R0567,2
P046,R0568,1
P046,R0569,2
P046,R0570,2
P046,R0571,2
P046,R0572,1
P046,R0573,2
P046,R0574,2
P046,R0575,1
P046,R0576,1
P046,R0577,2
P046,R0578,1
P046,R0579,2
P046,R0580,2
P046,R0581,2
P046,R0582,2
P046,R0583,2
P046,R0584,2
P046,R0585,1
P046,R0586,1
P046,R0587,2
P046,R0588,2
P046,R0589,2
P046,R0590,2
P046,R0591,1
P046,R0592,2
P046,R0593,1
P046,R0594,2
P046,R0595,2
P046,R0596,1
P046,R0597,1
P046,R0598,2
P046,R0599,1
P046,R0600,1
P047,R0001,1
P047,R0002,0
P047,R0003,1
P047,R0004,0
P047,R0005,0
P047,R0006,2
P047,R0007,0
P047,R0008,0
P047,R0009,0
P047,R0010,2
P047,R0011,0
P047,R0012,1
P047,R0013,2
P047,R0014,0
P047,R0015,0
P047,R0016,1
P047,R0017,2
P047,R0018,1
P047,R0019,2
P047,R0020,1
P047,R0021,0
P047,R0022,0
P047,R0023,2
P047,R0024,0
P047,R0025,0
P047,R0026,0
P047,R0027,1
P047,R0028,0
P047,R0029,0
P047,R0030,1
P047,R0031,0
P047,R0032,0
P047,R0033,1
P047,R0034,2
P047,R0035,2
P047,R0036,0
P047,R0037,0
P047,R0038,0
P047,R0039,2
P047,R0040,0
P047,R0041,0
P047,R0042,2
P047,R0043,2
P047,R0044,0
P047,R0045,2
P047,R0046,2
P047,R0047,0
P047,R0048,2
P047,R0049,0
P047,R0050,1
P047,R0051,0
P047,R0052,0
P047,R0053,0
P047,R0054,0
P047,R0055,1
P047,R0056,0
P047,R0057,0
P047,R0058,0
P047,R0059,0
P047,R0060,0
P047,R0061,2
P047,R0062,0
P047,R0063,2
P047,R0064,0
P047,R0065,0
P047,R0066,2
P047,R0067,0
P047,R0068,2
P047,R0069,0
P047,R0070,0
P047,R0071,1
P047,R0072,2
P047,R0073,0
P047,R0074,0
P047,R0075,2
P047,R0076,2
P047,R0077,0
P047,R0078,1
P047,R0079,0
P047,R0080,1
P047,R0081,0
P047,R0082,0
P047,R0083,0
P047,R0084,2
P047,R0085,0
P047,R0086,2
P047,R0087,0
P047,R0088,0
P047,R0089,2
P047,R0090,2
P047,R0091,2
P047,R0092,1
P047,R0093,1
P047,R0094,0
P047,R0095,0
P047,R0096,0
P047,R0097,2
P047,R0098,0
P047,R0099,0
P047,R0100,0
P047,R0101,2
P047,R0102,0
P047,R0103,2
P047,R0104,0
P047,R0105,0
P047,R0106,0
P047,R0107,0
P047,R0108,1
P047,R0109,0
P047,R0110,1
P047,R0111,0
P047,R0112,0
P047,R0113,2
P047,R0114,2
P047,R0115,0
P047,R0116,0
P047,R0117,2
P047,R0118,2
P047,R0119,0
P047,R0120,1
P047,R0121,2
P047,R0122,0
P047,R0123,2
P047,R0124,1
P047,R0125,0
P047,R0126,2
P047,R0127,2
P047,R0128,0
P047,R0129,0
P047,R0130,0
P047,R0131,1
P047,R0132,0
P047,R0133,0
P047,R0134,1
P047,R0135,0
P047,R0136,2
P047,R0137,0
P047,R0138,0
P047,R0139,0
P047,R0140,2
P047,R0141,0
P047,R0142,2
P047,R0143,2
P047,R0144,2
P047,R0145,2
P047,R0146,0
P047,R0147,0
P047,R0148,0
P047,R0149,0
P047,R0150,0
P047,R0151,1
P047,R0152,1
P047,R0153,0
P047,R0154,2
P047,R0155,0
P047,R0156,1
P047,R0157,1
P047,R0158,0
P047,R0159,0
P047,R0160,0
P047,R0161,1
P047,R0162,0
P047,R0163,0
P047,R0164,0
P047,R0165,0
P047,R0166,0
P047,R0167,0
P047,R0168,0
P047,R0169,1
P047,R0170,1
P047,R0171,1
P047,R0172,0
P047,R0173,0
P047,R0174,2
P047,R0175,0
P047,R0176,0
P047,R0177,2
P047,R0178,0
P047,R0179,0
P047,R0180,0
P047,R0181,2
P047,R0182,2
P047,R0183,0
P047,R0184,0
P047,R0185,1
P047,R0186,0
P047,R0187,2
P047,R0188,0
P047,R0189,0
P047,R0190,1
P047,R0191,2
P047,R0192,1
P047,R0193,2
P047,R0194,0
P047,R0195,0
P047,R0196,0
P047,R0197,2
P047,R0198,0
P047,R0199,2
P047,R0200,1
P047,R0201,0
P047,R0202,0
P047,R0203,2
P047,R0204,0
P047,R0205,1
P047,R0206,2
P047,R0207,1
P047,R0208,2
P047,R0209,0
P047,R0210,0
P047,R0211,1
P047,R0212,0
P047,R0213,0
P047,R0214,0
P047,R0215,1
P047,R0216,1
P047,R0217,0
P047,R0218,0
P047,R0219,2
P047,R0220,1
P047,R0221,2
P047,R0222,0
P047,R0223,2
P047,R0224,0
P047,R0225,0
P047,R0226,0
P047,R0227,2
P047,R0228,2
P047,R0229,0
P047,R0230,2
P047,R0231,2
P047,R0232,2
P047,R0233,2
P047,R0234,0
P047,R0235,0
P047,R0236,2
P047,R0237,0
P047,R0238,2
P047,R0239,0
P047,R0240,2
P047,R0241,2
P047,R0242,2
P047,R0243,2
P047,R0244,0
P047,R0245,1
P047,R0246,0
P047,R0247,0
P047,R0248,2
P047,R0249,0
P047,R0250,1
P047,R0251,0
P047,R0252,0
P047,R0253,0
P047,R0254,0
P047,R0255,2
P047,R0256,0
P047,R0257,1
P047,R0258,0
P047,R0259,2
P047,R0260,1
P047,R0261,0
P047,R0262,0
P047,R0263,1
P047,R0264,2
P047,R0265,0
P047,R0266,2
P047,R0267,0
P047,R0268,0
P047,R0269,0
P047,R0270,1
P047,R0271,2
P047,R0272,0
P047,R0273,2
P047,R0274,0
P047,R0275,2
P047,R0276,0
P047,R0277,0
P047,R0278,1
P047,R0279,2
P047,R0280,0
P047,R0281,1
P047,R0282,1
P047,R0283,1
P047,R0284,2
P047,R0285,0
P047,R0286,0
P047,R0287,0
P047,R0288,0
P047,R0289,2
P047,R0290,0
P047,R0291,2
P047,R0292,2
P047,R0293,0
P047,R0294,1
P047,R0295,0
P047,R0296,0
P047,R0297,2
P047,R0298,1
P047,R0299,0
P047,R0300,0
P047,R0301,0
P047,R0302,0
P047,R0303,0
P047,R0304,2
P047,R0305,0
P047,R0306,2
P047,R0307,0
P047,R0308,0
P047,R0309,2
P047,R0310,2
P047,R0311,0
P047,R0312,0
P047,R0313,1
P047,R0314,0
P047,R0315,0
P047,R0316,0
P047,R0317,0
P047,R0318,0
P047,R0319,0
P047,R0320,2
P047,R0321,0
P047,R0322,0
P047,R0323,1
P047,R0324,1
P047,R0325,2
P047,R0326,0
P047,R0327,0
P047,R0328,1
P047,R0329,0
P047,R0330,0
P047,R0331,0
P047,R0332,1
P047,R0333,0
P047,R0334,2
P047,R0335,2
P047,R0336,1
P047,R0337,1
P047,R0338,2
P047,R0339,2
P047,R0340,0
P047,R0341,0
P047,R0342,2
P047,R0343,0
P047,R0344,0
P047,R0345,0
P047,R0346,0
P047,R0347,0
P047,R0348,1
P047,R0349,0
P047,R0350,2
P047,R0351,0
P047,R0352,2
P047,R0353,0
P047,R0354,0
P047,R0355,2
P047,R0356,0
P047,R0357,1
P047,R0358,1
P047,R0359,0
P047,R0360,0
P047,R0361,0
P047,R0362,2
P047,R0363,0
P047,R0364,0
P047,R0365,2
P047,R0366,0
P047,R0367,1
P047,R0368,2
P047,R0369,1
P047,R0370,0
P047,R0371,0
P047,R0372,1
P047,R0373,0
P047,R0374,0
P047,R0375,0
P047,R0376,2
P047,R0377,0
P047,R0378,2
P047,R0379,0
P047,R0380,2
P047,R0381,0
P047,R0382,0
P047,R0383,2
P047,R0384,2
P047,R0385,0
P047,R0386,2
P047,R0387,1
P047,R0388,0
P047,R0389,2
P047,R0390,1
P047,R0391,0
P047,R0392,2
P047,R0393,0
P047,R0394,0
P047,R0395,0
P047,R0396,1
P047,R0397,0
P047,R0398,2
P047,R0399,2
P047,R0400,0
P047,R0401,2
P047,R0402,2
P047,R0403,2
P047,R0404,1
P047,R0405,2
P047,R0406,0
P047,R0407,0
P047,R0408,0
P047,R0409,0
P047,R0410,0
P047,R0411,1
P047,R0412,2
P047,R0413,0
P047,R0414,2
P047,R0415,0
P047,R0416,0
P047,R0417,1
P047,R0418,0
P047,R0419,1
P047,R0420,2
P047,R0421,0
P047,R0422,2
P047,R0423,2
P047,R0424,0
P047,R0425,0
P047,R0426,0
P047,R0427,2
P047,R0428,0
P047,R0429,0
P047,R0430,2
P047,R0431,1
P047,R0432,1
P047,R0433,1
P047,R0434,0
P047,R0435,2
P047,R0436,0
P047,R0437,2
P047,R0438,1
P047,R0439,0
P047,R0440,1
P047,R0441,0
P047,R0442,1
P047,R0443,2
P047,R0444,0
P047,R0445,2
P047,R0446,2
P047,R0447,0
P047,R0448,0
P047,R0449,0
P047,R0450,1
P047,R0451,1
P047,R0452,0
P047,R0453,0
P047,R0454,0
P047,R0455,0
P047,R0456,1
P047,R0457,0
P047,R0458,0
P047,R0459,1
P047,R0460,0
P047,R0461,1
P047,R0462,2
P047,R0463,0
P047,R0464,0
P047,R0465,1
P047,R0466,0
P047,R0467,0
P047,R0468,2
P047,R0469,2
P047,R0470,2
P047,R0471,2
P047,R0472,0
P047,R0473,0
P047,R0474,0
P047,R0475,1
P047,R0476,0
P047,R0477,1
P047,R0478,0
P047,R0479,0
P047,R0480,0
P047,R0481,0
P047,R0482,0
P047,R0483,2
P047,R0484,0
P047,R0485,1
P047,R0486,0
P047,R0487,1
P047,R0488,0
P047,R0489,0
P047,R0490,0
P047,R0491,2
P047,R0492,0
P047,R0493,0
P047,R0494,0
P047,R0495,2
P047,R0496,1
P047,R0497,0
P047,R0498,0
P047,R0499,0
P047,R0500,0
P047,R0501,0
P047,R0502,1
P047,R0503,0
P047,R0504,0
P047,R0505,2
P047,R0506,2
P047,R0507,2
P047,R0508,0
P047,R0509,1
P047,R0510,0
P047,R0511,2
P047,R0512,0
P047,R0513,0
P047,R0514,2
P047,R0515,0
P047,R0516,0
P047,R0517,0
P047,R0518,2
P047,R0519,0
P047,R0520,2
P047,R0521,0
P047,R0522,0
P047,R0523,1
P047,R0524,0
P047,R0525,0
P047,R0526,0
P047,R0527,2
P047,R0528,2
P047,R0529,2
P047,R0530,0
P047,R0531,2
P047,R0532,1
P047,R0533,2
P047,R0534,1
P047,R0535,2
P047,R0536,0
P047,R0537,0
P047,R0538,0
P047,R0539,0
P047,R0540,2
P047,R0541,0
P047,R0542,2
P047,R0543,2
P047,R0544,0
P047,R0545,0
P047,R0546,0
P047,R0547,0
P047,R0548,0
P047,R0549,2
P047,R0550,0
P047,R0551,0
P047,R0552,2
P047,R0553,0
P047,R0554,0
P047,R0555,1
P047,R0556,2
P047,R0557,0
P047,R0558,2
P047,R0559,0
P047,R0560,2
P047,R0561,0
P047,R0562,0
P047,R0563,2
P047,R0564,0
P047,R0565,1
P047,R0566,2
P047,R0567,2
P047,R0568,0
P047,R0569,0
P047,R0570,0
P047,R0571,0
P047,R0572,1
P047,R0573,0
P047,R0574,0
P047,R0575,0
P047,R0576,2
P047,R0577,2
P047,R0578,0
P047,R0579,0
P047,R0580,0
P047,R0581,0
P047,R0582,1
P047,R0583,0
P047,R0584,0
P047,R0585,0
P047,R0586,0
P047,R0587,2
P047,R0588,2
P047,R0589,0
P047,R0590,1
P047,R0591,0
P047,R0592,0
P047,R0593,2
P047,R0594,0
P047,R0595,0
P047,R0596,2
P047,R0597,0
P047,R0598,1
P047,R0599,0
P047,R0600,2
P048,R0001,1
P048,R0002,0
P048,R0003,1
P048,R0004,2
P048,R0005,1
P048,R0006,2
P048,R0007,2
P048,R0008,1
P048,R0009,0
P048,R0010,2
P048,R0011,0
P048,R0012,1
P048,R0013,2
P048,R0014,0
P048,R0015,0
P048,R0016,1
P048,R0017,1
P048,R0018,2
P048,R0019,1
P048,R0020,1
P048,R0021,0
P048,R0022,0
P048,R0023,2
P048,R0024,0
P048,R0025,0
P048,R0026,1
P048,R0027,1
P048,R0028,0
P048,R0029,1
P048,R0030,1
P048,R0031,1
P048,R0032,0
P048,R0033,1
P048,R0034,1
P048,R0035,1
P048,R0036,2
P048,R0037,0
P048,R0038,0
P048,R0039,2
P048,R0040,0
P048,R0041,0
P048,R0042,1
P048,R0043,1
P048,R0044,0
P048,R0045,1
P048,R0046,1
P048,R0047,0
P048,R0048,1
P048,R0049,2
P048,R0050,1
P048,R0051,0
P048,R0052,0
P048,R0053,1
P048,R0054,1
P048,R0055,1
P048,R0056,1
P048,R0057,0
P048,R0058,1
P048,R0059,1
P048,R0060,0
P048,R0061,1
P048,R0062,0
P048,R0063,2
P048,R0064,0
P048,R0065,0
P048,R0066,2
P048,R0067,1
P048,R0068,2
P048,R0069,0
P048,R0070,1
P048,R0071,1
P048,R0072,2
P048,R0073,2
P048,R0074,2
P048,R0075,1
P048,R0076,1
P048,R0077,0
P048,R0078,2
P048,R0079,1
P048,R0080,2
P048,R0081,1
P048,R0082,0
P048,R0083,0
P048,R0084,2
P048,R0085,2
P048,R0086,2
P048,R0087,1
P048,R0088,1
P048,R0089,1
P048,R0090,2
P048,R0091,2
P048,R0092,2
P048,R0093,1
P048,R0094,0
P048,R0095,1
P048,R0096,0
P048,R0097,2
P048,R0098,0
P048,R0099,0
P048,R0100,1
P048,R0101,1
P048,R0102,1
P048,R0103,2
P048,R0104,0
P048,R0105,1
P048,R0106,0
P048,R0107,0
P048,R0108,1
P048,R0109,0
P048,R0110,1
P048,R0111,1
P048,R0112,1
P048,R0113,2
P048,R0114,1
P048,R0115,0
P048,R0116,0
P048,R0117,2
P048,R0118,2
P048,R0119,0
P048,R0120,1
P048,R0121,2
P048,R0122,0
P048,R0123,2
P048,R0124,2
P048,R0125,0
P048,R0126,2
P048,R0127,2
P048,R0128,1
P048,R0129,1
P048,R0130,1
P048,R0131,1
P048,R0132,0
P048,R0133,0
P048,R0134,1
P048,R0135,0
P048,R0136,2
P048,R0137,0
P048,R0138,0
P048,R0139,1
P048,R0140,2
P048,R0141,0
P048,R0142,1
P048,R0143,2
P048,R0144,2
P048,R0145,1
P048,R0146,0
P048,R0147,0
P048,R0148,1
P048,R0149,1
P048,R0150,1
P048,R0151,1
P048,R0152,1
P048,R0153,2
P048,R0154,1
P048,R0155,0
P048,R0156,2
P048,R0157,1
P048,R0158,1
P048,R0159,1
P048,R0160,0
P048,R0161,1
P048,R0162,1
P048,R0163,1
P048,R0164,2
P048,R0165,0
P048,R0166,0
P048,R0167,2
P048,R0168,2
P048,R0169,1
P048,R0170,1
P048,R0171,1
P048,R0172,0
P048,R0173,1
P048,R0174,1
P048,R0175,1
P048,R0176,2
P048,R0177,1
P048,R0178,1
P048,R0179,2
P048,R0180,0
P048,R0181,1
P048,R0182,1
P048,R0183,0
P048,R0184,0
P048,R0185,1
P048,R0186,1
P048,R0187,1
P048,R0188,0
P048,R0189,0
P048,R0190,1
P048,R0191,2
P048,R0192,1
P048,R0193,1
P048,R0194,0
P048,R0195,0
P048,R0196,1
P048,R0197,1
P048,R0198,2
P048,R0199,1
P048,R0200,1
P048,R0201,1
P048,R0202,0
P048,R0203,1
P048,R0204,1
P048,R0205,1
P048,R0206,1
P048,R0207,1
P048,R0208,1
P048,R0209,0
P048,R0210,0
P048,R0211,1
P048,R0212,0
P048,R0213,0
P048,R0214,0
P048,R0215,1
P048,R0216,1
P048,R0217,0
P048,R0218,0
P048,R0219,2
P048,R0220,1
P048,R0221,2
P048,R0222,0
P048,R0223,1
P048,R0224,2
P048,R0225,0
P048,R0226,0
P048,R0227,1
P048,R0228,2
P048,R0229,0
P048,R0230,1
P048,R0231,2
P048,R0232,1
P048,R0233,2
P048,R0234,2
P048,R0235,0
P048,R0236,1
P048,R0237,2
P048,R0238,1
P048,R0239,2
P048,R0240,1
P048,R0241,1
P048,R0242,2
P048,R0243,1
P048,R0244,1
P048,R0245,2
P048,R0246,1
P048,R0247,1
P048,R0248,2
P048,R0249,0
P048,R0250,1
P048,R0251,1
P048,R0252,0
P048,R0253,1
P048,R0254,0
P048,R0255,2
P048,R0256,0
P048,R0257,1
P048,R0258,1
P048,R0259,2
P048,R0260,1
P048,R0261,0
P048,R0262,1
P048,R0263,1
P048,R0264,2
P048,R0265,1
P048,R0266,2
P048,R0267,0
P048,R0268,0
P048,R0269,1
P048,R0270,1
P048,R0271,1
P048,R0272,0
P048,R0273,2
P048,R0274,0
P048,R0275,1
P048,R0276,0
P048,R0277,0
P048,R0278,1
P048,R0279,2
P048,R0280,0
P048,R0281,1
P048,R0282,1
P048,R0283,1
P048,R0284,1
P048,R0285,0
P048,R0286,0
P048,R0287,1
P048,R0288,2
P048,R0289,2
P048,R0290,2
P048,R0291,1
P048,R0292,2
P048,R0293,0
P048,R0294,2
P048,R0295,0
P048,R0296,2
P048,R0297,2
P048,R0298,1
P048,R0299,2
P048,R0300,1
P048,R0301,0
P048,R0302,1
P048,R0303,1
P048,R0304,1
P048,R0305,1
P048,R0306,1
P048,R0307,1
P048,R0308,0
P048,R0309,2
P048,R0310,1
P048,R0311,1
P048,R0312,0
P048,R0313,1
P048,R0314,0
P048,R0315,1
P048,R0316,0
P048,R0317,0
P048,R0318,0
P048,R0319,0
P048,R0320,2
P048,R0321,1
P048,R0322,1
P048,R0323,1
P048,R0324,1
P048,R0325,2
P048,R0326,0
P048,R0327,1
P048,R0328,1
P048,R0329,1
P048,R0330,0
P048,R0331,0
P048,R0332,1
P048,R0333,1
P048,R0334,2
P048,R0335,1
P048,R0336,1
P048,R0337,1
P048,R0338,2
P048,R0339,1
P048,R0340,1
P048,R0341,1
P048,R0342,1
P048,R0343,0
P048,R0344,0
P048,R0345,0
P048,R0346,0
P048,R0347,0
P048,R0348,1
P048,R0349,0
P048,R0350,2
P048,R0351,1
P048,R0352,2
P048,R0353,1
P048,R0354,1
P048,R0355,2
P048,R0356,2
P048,R0357,1
P048,R0358,1
P048,R0359,1
P048,R0360,2
P048,R0361,0
P048,R0362,1
P048,R0363,0
P048,R0364,0
P048,R0365,2
P048,R0366,0
P048,R0367,1
P048,R0368,1
P048,R0369,1
P048,R0370,2
P048,R0371,0
P048,R0372,1
P048,R0373,2
P048,R0374,0
P048,R0375,0
P048,R0376,1
P048,R0377,0
P048,R0378,1
P048,R0379,0
P048,R0380,1
P048,R0381,0
P048,R0382,0
P048,R0383,2
P048,R0384,2
P048,R0385,0
P048,R0386,2
P048,R0387,1
P048,R0388,0
P048,R0389,1
P048,R0390,2
P048,R0391,0
P048,R0392,1
P048,R0393,2
P048,R0394,0
P048,R0395,0
P048,R0396,1
P048,R0397,1
P048,R0398,2
P048,R0399,2
P048,R0400,0
P048,R0401,2
P048,R0402,2
P048,R0403,1
P048,R0404,2
P048,R0405,2
P048,R0406,0
P048,R0407,1
P048,R0408,0
P048,R0409,0
P048,R0410,0
P048,R0411,1
P048,R0412,1
P048,R0413,1
P048,R0414,2
P048,R0415,0
P048,R0416,0
P048,R0417,1
P048,R0418,0
P048,R0419,1
P048,R0420,1
P048,R0421,1
P048,R0422,2
P048,R0423,2
P048,R0424,0
P048,R0425,1
P048,R0426,1
P048,R0427,1
P048,R0428,0
P048,R0429,2
P048,R0430,1
P048,R0431,1
P048,R0432,1
P048,R0433,1
P048,R0434,0
P048,R0435,2
P048,R0436,2
P048,R0437,1
P048,R0438,1
P048,R0439,1
P048,R0440,1
P048,R0441,0
P048,R0442,1
P048,R0443,1
P048,R0444,2
P048,R0445,1
P048,R0446,2
P048,R0447,1
P048,R0448,1
P048,R0449,2
P048,R0450,2
P048,R0451,1
P048,R0452,0
P048,R0453,0
P048,R0454,0
P048,R0455,0
P048,R0456,1
P048,R0457,1
P048,R0458,2
P048,R0459,1
P048,R0460,0
P048,R0461,1
P048,R0462,2
P048,R0463,0
P048,R0464,0
P048,R0465,1
P048,R0466,0
P048,R0467,2
P048,R0468,2
P048,R0469,2
P048,R0470,1
P048,R0471,1
P048,R0472,1
P048,R0473,0
P048,R0474,1
P048,R0475,1
P048,R0476,2
P048,R0477,1
P048,R0478,2
P048,R0479,1
P048,R0480,0
P048,R0481,1
P048,R0482,0
P048,R0483,2
P048,R0484,1
P048,R0485,1
P048,R0486,1
P048,R0487,2
P048,R0488,0
P048,R0489,0
P048,R0490,0
P048,R0491,2
P048,R0492,0
P048,R0493,0
P048,R0494,0
P048,R0495,1
P048,R0496,1
P048,R0497,0
P048,R0498,2
P048,R0499,0
P048,R0500,0
P048,R0501,1
P048,R0502,1
P048,R0503,0
P048,R0504,0
P048,R0505,1
P048,R0506,2
P048,R0507,2
P048,R0508,0
P048,R0509,1
P048,R0510,0
P048,R0511,1
P048,R0512,0
P048,R0513,2
P048,R0514,1
P048,R0515,0
P048,R0516,1
P048,R0517,0
P048,R0518,2
P048,R0519,0
P048,R0520,2
P048,R0521,0
P048,R0522,0
P048,R0523,1
P048,R0524,0
P048,R0525,0
P048,R0526,0
P048,R0527,2
P048,R0528,2
P048,R0529,2
P048,R0530,0
P048,R0531,1
P048,R0532,1
P048,R0533,2
P048,R0534,1
P048,R0535,1
P048,R0536,0
P048,R0537,1
P048,R0538,0
P048,R0539,1
P048,R0540,1
P048,R0541,1
P048,R0542,1
P048,R0543,1
P048,R0544,0
P048,R0545,2
P048,R0546,2
P048,R0547,1
P048,R0548,0
P048,R0549,2
P048,R0550,2
P048,R0551,0
P048,R0552,1
P048,R0553,0
P048,R0554,1
P048,R0555,1
P048,R0556,2
P048,R0557,0
P048,R0558,2
P048,R0559,1
P048,R0560,1
P048,R0561,0
P048,R0562,2
P048,R0563,1
P048,R0564,1
P048,R0565,1
P048,R0566,1
P048,R0567,1
P048,R0568,2
P048,R0569,1
P048,R0570,1
P048,R0571,1
P048,R0572,2
P048,R0573,0
P048,R0574,1
P048,R0575,0
P048,R0576,2
P048,R0577,1
P048,R0578,0
P048,R0579,2
P048,R0580,2
P048,R0581,0
P048,R0582,1
P048,R0583,1
P048,R0584,0
P048,R0585,1
P048,R0586,2
P048,R0587,2
P048,R0588,2
P048,R0589,1
P048,R0590,1
P048,R0591,0
P048,R0592,0
P048,R0593,2
P048,R0594,0
P048,R0595,0
P048,R0596,2
P048,R0597,2
P048,R0598,2
P048,R0599,1
P048,R0600,1
P049,R0001,1
P049,R0002,0
P049,R0003,0
P049,R0004,0
P049,R0005,1
P049,R0006,1
P049,R0007,0
P049,R0008,0
P049,R0009,0
P049,R0010,2
P049,R0011,0
P049,R0012,0
P049,R0013,2
P049,R0014,0
P049,R0015,0
P049,R0016,0
P049,R0017,2
P049,R0018,0
P049,R0019,2
P049,R0020,1
P049,R0021,0
P049,R0022,0
P049,R0023,2
P049,R0024,0
P049,R0025,0
P049,R0026,0
P049,R0027,0
P049,R0028,0
P049,R0029,0
P049,R0030,0
P049,R0031,0
P049,R0032,0
P049,R0033,1
P049,R0034,2
P049,R0035,2
P049,R0036,0
P049,R0037,0
P049,R0038,0
P049,R0039,2
P049,R0040,0
P049,R0041,0
P049,R0042,2
P049,R0043,2
P049,R0044,0
P049,R0045,2
P049,R0046,2
P049,R0047,0
P049,R0048,2
P049,R0049,0
P049,R0050,1
P049,R0051,0
P049,R0052,0
P049,R0053,1
P049,R0054,0
P049,R0055,0
P049,R0056,0
P049,R0057,0
P049,R0058,0
P049,R0059,1
P049,R0060,0
P049,R0061,2
P049,R0062,0
P049,R0063,2
P049,R0064,0
P049,R0065,0
P049,R0066,2
P049,R0067,1
P049,R0068,1
P049,R0069,0
P049,R0070,0
P049,R0071,0
P049,R0072,1
P049,R0073,0
P049,R0074,0
P049,R0075,2
P049,R0076,2
P049,R0077,0
P049,R0078,0
P049,R0079,0
P049,R0080,0
P049,R0081,1
P049,R0082,0
P049,R0083,0
P049,R0084,2
P049,R0085,0
P049,R0086,2
P049,R0087,1
P049,R0088,0
P049,R0089,2
P049,R0090,2
P049,R0091,2
P049,R0092,0
P049,R0093,0
P049,R0094,0
P049,R0095,1
P049,R0096,0
P049,R0097,2
P049,R0098,0
P049,R0099,0
P049,R0100,0
P049,R0101,2
P049,R0102,0
P049,R0103,2
P049,R0104,0
P049,R0105,1
P049,R0106,0
P049,R0107,0
P049,R0108,0
P049,R0109,0
P049,R0110,0
P049,R0111,1
P049,R0112,0
P049,R0113,2
P049,R0114,1
P049,R0115,0
P049,R0116,0
P049,R0117,1
P049,R0118,2
P049,R0119,0
P049,R0120,0
P049,R0121,2
P049,R0122,0
P049,R0123,2
P049,R0124,0
P049,R0125,0
P049,R0126,2
P049,R0127,2
P049,R0128,1
P049,R0129,0
P049,R0130,0
P049,R0131,0
P049,R0132,0
P049,R0133,0
P049,R0134,0
P049,R0135,0
P049,R0136,2
P049,R0137,0
P049,R0138,0
P049,R0139,1
P049,R0140,2
P049,R0141,0
P049,R0142,2
P049,R0143,2
P049,R0144,2
P049,R0145,2
P049,R0146,0
P049,R0147,0
P049,R0148,0
P049,R0149,0
P049,R0150,0
P049,R0151,0
P049,R0152,0
P049,R0153,0
P049,R0154,2
P049,R0155,0
P049,R0156,0
P049,R0157,0
P049,R0158,0
P049,R0159,0
P049,R0160,0
P049,R0161,0
P049,R0162,1
P049,R0163,1
P049,R0164,1
P049,R0165,0
P049,R0166,0
P049,R0167,0
P049,R0168,0
P049,R0169,0
P049,R0170,0
P049,R0171,0
P049,R0172,0
P049,R0173,1
P049,R0174,2
P049,R0175,1
P049,R0176,0
P049,R0177,2
P049,R0178,0
P049,R0179,0
P049,R0180,0
P049,R0181,2
P049,R0182,2
P049,R0183,0
P049,R0184,0
P049,R0185,0
P049,R0186,1
P049,R0187,2
P049,R0188,0
P049,R0189,0
P049,R0190,0
P049,R0191,1
P049,R0192,0
P049,R0193,2
P049,R0194,0
P049,R0195,0
P049,R0196,0
P049,R0197,2
P049,R0198,0
P049,R0199,2
P049,R0200,0
P049,R0201,0
P049,R0202,0
P049,R0203,1
P049,R0204,0
P049,R0205,0
P049,R0206,2
P049,R0207,1
P049,R0208,2
P049,R0209,0
P049,R0210,0
P049,R0211,0
P049,R0212,0
P049,R0213,0
P049,R0214,0
P049,R0215,0
P049,R0216,0
P049,R0217,0
P049,R0218,0
P049,R0219,2
P049,R0220,0
P049,R0221,2
P049,R0222,0
P049,R0223,1
P049,R0224,0
P049,R0225,0
P049,R0226,0
P049,R0227,2
P049,R0228,2
P049,R0229,0
P049,R0230,2
P049,R0231,2
P049,R0232,2
P049,R0233,2
P049,R0234,0
P049,R0235,0
P049,R0236,1
P049,R0237,1
P049,R0238,2
P049,R0239,0
P049,R0240,2
P049,R0241,2
P049,R0242,2
P049,R0243,2
P049,R0244,0
P049,R0245,0
P049,R0246,0
P049,R0247,0
P049,R0248,2
P049,R0249,0
P049,R0250,0
P049,R0251,0
P049,R0252,0
P049,R0253,0
P049,R0254,0
P049,R0255,1
P049,R0256,0
P049,R0257,0
P049,R0258,1
P049,R0259,2
P049,R0260,0
P049,R0261,0
P049,R0262,1
P049,R0263,0
P049,R0264,2
P049,R0265,1
P049,R0266,2
P049,R0267,0
P049,R0268,0
P049,R0269,0
P049,R0270,0
P049,R0271,1
P049,R0272,0
P049,R0273,1
P049,R0274,0
P049,R0275,2
P049,R0276,0
P049,R0277,0
P049,R0278,0
P049,R0279,2
P049,R0280,0
P049,R0281,0
P049,R0282,0
P049,R0283,1
P049,R0284,1
P049,R0285,0
P049,R0286,0
P049,R0287,1
P049,R0288,0
P049,R0289,2
P049,R0290,0
P049,R0291,1
P049,R0292,2
P049,R0293,0
P049,R0294,0
P049,R0295,0
P049,R0296,0
P049,R0297,2
P049,R0298,0
P049,R0299,0
P049,R0300,1
P049,R0301,0
P049,R0302,0
P049,R0303,1
P049,R0304,2
P049,R0305,0
P049,R0306,1
P049,R0307,0
P049,R0308,0
P049,R0309,2
P049,R0310,2
P049,R0311,1
P049,R0312,0
P049,R0313,0
P049,R0314,0
P049,R0315,0
P049,R0316,0
P049,R0317,0
P049,R0318,0
P049,R0319,0
P049,R0320,2
P049,R0321,0
P049,R0322,0
P049,R0323,0
P049,R0324,0
P049,R0325,2
P049,R0326,0
P049,R0327,0
P049,R0328,0
P049,R0329,0
P049,R0330,0
P049,R0331,0
P049,R0332,0
P049,R0333,0
P049,R0334,2
P049,R0335,2
P049,R0336,0
P049,R0337,0
P049,R0338,2
P049,R0339,2
P049,R0340,1
P049,R0341,1
P049,R0342,1
P049,R0343,0
P049,R0344,0
P049,R0345,0
P049,R0346,0
P049,R0347,0
P049,R0348,0
P049,R0349,0
P049,R0350,2
P049,R0351,0
P049,R0352,2
P049,R0353,0
P049,R0354,0
P049,R0355,2
P049,R0356,0
P049,R0357,0
P049,R0358,0
P049,R0359,1
P049,R0360,0
P049,R0361,0
P049,R0362,2
P049,R0363,0
P049,R0364,0
P049,R0365,1
P049,R0366,0
P049,R0367,0
P049,R0368,2
P049,R0369,0
P049,R0370,0
P049,R0371,0
P049,R0372,0
P049,R0373,0
P049,R0374,0
P049,R0375,0
P049,R0376,2
P049,R0377,0
P049,R0378,2
P049,R0379,0
P049,R0380,2
P049,R0381,0
P049,R0382,0
P049,R0383,2
P049,R0384,2
P049,R0385,0
P049,R0386,2
P049,R0387,0
P049,R0388,0
P049,R0389,2
P049,R0390,0
P049,R0391,0
P049,R0392,2
P049,R0393,0
P049,R0394,0
P049,R0395,0
P049,R0396,0
P049,R0397,1
P049,R0398,2
P049,R0399,2
P049,R0400,0
P049,R0401,2
P049,R0402,1
P049,R0403,2
P049,R0404,0
P049,R0405,2
P049,R0406,0
P049,R0407,0
P049,R0408,0
P049,R0409,0
P049,R0410,0
P049,R0411,0
P049,R0412,1
P049,R0413,0
P049,R0414,2
P049,R0415,0
P049,R0416,0
P049,R0417,0
P049,R0418,0
P049,R0419,0
P049,R0420,1
P049,R0421,1
P049,R0422,1
P049,R0423,2
P049,R0424,0
P049,R0425,0
P049,R0426,0
P049,R0427,2
P049,R0428,0
P049,R0429,0
P049,R0430,2
P049,R0431,1
P049,R0432,0
P049,R0433,0
P049,R0434,0
P049,R0435,2
P049,R0436,0
P049,R0437,1
P049,R0438,0
P049,R0439,1
P049,R0440,1
P049,R0441,0
P049,R0442,0
P049,R0443,2
P049,R0444,0
P049,R0445,2
P049,R0446,2
P049,R0447,1
P049,R0448,1
P049,R0449,0
P049,R0450,0
P049,R0451,1
P049,R0452,0
P049,R0453,0
P049,R0454,0
P049,R0455,0
P049,R0456,0
P049,R0457,0
P049,R0458,0
P049,R0459,0
P049,R0460,0
P049,R0461,0
P049,R0462,2
P049,R0463,0
P049,R0464,0
P049,R0465,0
P049,R0466,0
P049,R0467,0
P049,R0468,2
P049,R0469,2
P049,R0470,2
P049,R0471,1
P049,R0472,1
P049,R0473,0
P049,R0474,1
P049,R0475,0
P049,R0476,0
P049,R0477,0
P049,R0478,1
P049,R0479,1
P049,R0480,0
P049,R0481,0
P049,R0482,0
P049,R0483,2
P049,R0484,1
P049,R0485,0
P049,R0486,1
P049,R0487,0
P049,R0488,0
P049,R0489,0
P049,R0490,0
P049,R0491,2
P049,R0492,0
P049,R0493,0
P049,R0494,0
P049,R0495,2
P049,R0496,0
P049,R0497,0
P049,R0498,1
P049,R0499,0
P049,R0500,0
P049,R0501,1
P049,R0502,0
P049,R0503,0
P049,R0504,0
P049,R0505,2
P049,R0506,2
P049,R0507,2
P049,R0508,0
P049,R0509,0
P049,R0510,0
P049,R0511,2
P049,R0512,0
P049,R0513,0
P049,R0514,2
P049,R0515,0
P049,R0516,0
P049,R0517,0
P049,R0518,1
P049,R0519,0
P049,R0520,2
P049,R0521,0
P049,R0522,0
P049,R0523,1
P049,R0524,0
P049,R0525,0
P049,R0526,0
P049,R0527,1
P049,R0528,1
P049,R0529,2
P049,R0530,0
P049,R0531,2
P049,R0532,0
P049,R0533,2
P049,R0534,0
P049,R0535,1
P049,R0536,0
P049,R0537,1
P049,R0538,0
P049,R0539,0
P049,R0540,2
P049,R0541,0
P049,R0542,2
P049,R0543,2
P049,R0544,0
P049,R0545,0
P049,R0546,0
P049,R0547,0
P049,R0548,0
P049,R0549,2
P049,R0550,0
P049,R0551,0
P049,R0552,2
P049,R0553,0
P049,R0554,0
P049,R0555,0
P049,R0556,2
P049,R0557,0
P049,R0558,1
P049,R0559,1
P049,R0560,2
P049,R0561,0
P049,R0562,0
P049,R0563,2
P049,R0564,0
P049,R0565,0
P049,R0566,2
P049,R0567,2
P049,R0568,0
P049,R0569,0
P049,R0570,0
P049,R0571,1
P049,R0572,0
P049,R0573,0
P049,R0574,0
P049,R0575,0
P049,R0576,2
P049,R0577,2
P049,R0578,0
P049,R0579,0
P049,R0580,0
P049,R0581,0
P049,R0582,0
P049,R0583,0
P049,R0584,0
P049,R0585,1
P049,R0586,0
P049,R0587,2
P049,R0588,1
P049,R0589,0
P049,R0590,0
P049,R0591,0
P049,R0592,0
P049,R0593,2
P049,R0594,0
P049,R0595,0
P049,R0596,1
P049,R0597,0
P049,R0598,0
P049,R0599,1
P049,R0600,1
P050,R0001,1
P050,R0002,1
P050,R0003,1
P050,R0004,1
P050,R0005,1
P050,R0006,1
P050,R0007,1
P050,R0008,1
P050,R0009,1
P050,R0010,1
P050,R0011,1
P050,R0012,1
P050,R0013,1
P050,R0014,1
P050,R0015,1
P050,R0016,1
P050,R0017,1
P050,R0018,1
P050,R0019,1
P050,R0020,1
P050,R0021,1
P050,R0022,1
P050,R0023,1
P050,R0024,1
P050,R0025,1
P050,R0026,1
P050,R0027,1
P050,R0028,1
P050,R0029,1
P050,R0030,1
P050,R0031,1
P050,R0032,1
P050,R0033,1
P050,R0034,2
P050,R0035,1
P050,R0036,1
P050,R0037,1
P050,R0038,1
P050,R0039,1
P050,R0040,1
P050,R0041,2
P050,R0042,1
P050,R0043,2
P050,R0044,2
P050,R0045,2
P050,R0046,1
P050,R0047,1
P050,R0048,1
P050,R0049,1
P050,R0050,1
P050,R0051,1
P050,R0052,2
P050,R0053,1
P050,R0054,1
P050,R0055,1
P050,R0056,1
P050,R0057,1
P050,R0058,1
P050,R0059,1
P050,R0060,1
P050,R0061,1
P050,R0062,1
P050,R0063,2
P050,R0064,1
P050,R0065,1
P050,R0066,1
P050,R0067,1
P050,R0068,1
P050,R0069,1
P050,R0070,1
P050,R0071,1
P050,R0072,1
P050,R0073,1
P050,R0074,1
P050,R0075,1
P050,R0076,1
P050,R0077,1
P050,R0078,1
P050,R0079,1
P050,R0080,1
P050,R0081,1
P050,R0082,1
P050,R0083,1
P050,R0084,1
P050,R0085,1
P050,R0086,1
P050,R0087,1
P050,R0088,1
P050,R0089,1
P050,R0090,1
P050,R0091,1
P050,R0092,1
P050,R0093,1
P050,R0094,1
P050,R0095,1
P050,R0096,1
P050,R0097,1
P050,R0098,1
P050,R0099,1
P050,R0100,1
P050,R0101,1
P050,R0102,1
P050,R0103,1
P050,R0104,1
P050,R0105,1
P050,R0106,1
P050,R0107,1
P050,R0108,1
P050,R0109,1
P050,R0110,1
P050,R0111,1
P050,R0112,1
P050,R0113,1
P050,R0114,1
P050,R0115,1
P050,R0116,1
P050,R0117,1
P050,R0118,1
P050,R0119,1
P050,R0120,1
P050,R0121,2
P050,R0122,1
P050,R0123,1
P050,R0124,1
P050,R0125,1
P050,R0126,1
P050,R0127,1
P050,R0128,1
P050,R0129,1
P050,R0130,1
P050,R0131,1
P050,R0132,2
P050,R0133,1
P050,R0134,1
P050,R0135,1
P050,R0136,1
P050,R0137,2
P050,R0138,1
P050,R0139,1
P050,R0140,1
P050,R0141,1
P050,R0142,2
P050,R0143,2
P050,R0144,1
P050,R0145,1
P050,R0146,1
P050,R0147,1
P050,R0148,1
P050,R0149,1
P050,R0150,1
P050,R0151,1
P050,R0152,1
P050,R0153,1
P050,R0154,1
P050,R0155,1
P050,R0156,1
P050,R0157,1
P050,R0158,1
P050,R0159,1
P050,R0160,1
P050,R0161,1
P050,R0162,1
P050,R0163,1
P050,R0164,1
P050,R0165,1
P050,R0166,1
P050,R0167,1
P050,R0168,1
P050,R0169,1
P050,R0170,1
P050,R0171,1
P050,R0172,1
P050,R0173,1
P050,R0174,1
P050,R0175,1
P050,R0176,1
P050,R0177,2
P050,R0178,1
P050,R0179,1
P050,R0180,2
P050,R0181,1
P050,R0182,2
P050,R0183,1
P050,R0184,1
P050,R0185,1
P050,R0186,1
P050,R0187,1
P050,R0188,1
P050,R0189,1
P050,R0190,1
P050,R0191,1
P050,R0192,1
P050,R0193,2
P050,R0194,1
P050,R0195,1
P050,R0196,1
P050,R0197,2
P050,R0198,1
P050,R0199,2
P050,R0200,1
P050,R0201,1
P050,R0202,1
P050,R0203,1
P050,R0204,1
P050,R0205,1
P050,R0206,2
P050,R0207,1
P050,R0208,2
P050,R0209,1
P050,R0210,1
P050,R0211,1
P050,R0212,1
P050,R0213,1
P050,R0214,1
P050,R0215,1
P050,R0216,1
P050,R0217,1
P050,R0218,2
P050,R0219,1
P050,R0220,1
P050,R0221,1
P050,R0222,1
P050,R0223,1
P050,R0224,1
P050,R0225,1
P050,R0226,1
P050,R0227,2
P050,R0228,1
P050,R0229,1
P050,R0230,2
P050,R0231,1
P050,R0232,2
P050,R0233,2
P050,R0234,1
P050,R0235,1
P050,R0236,1
P050,R0237,1
P050,R0238,1
P050,R0239,1
P050,R0240,2
P050,R0241,2
P050,R0242,1
P050,R0243,1
P050,R0244,1
P050,R0245,1
P050,R0246,1
P050,R0247,1
P050,R0248,1
P050,R0249,1
P050,R0250,1
P050,R0251,1
P050,R0252,1
P050,R0253,1
P050,R0254,2
P050,R0255,1
P050,R0256,1
P050,R0257,1
P050,R0258,1
P050,R0259,1
P050,R0260,1
P050,R0261,1
P050,R0262,1
P050,R0263,1
P050,R0264,1
P050,R0265,1
P050,R0266,1
P050,R0267,1
P050,R0268,1
P050,R0269,1
P050,R0270,1
P050,R0271,1
P050,R0272,1
P050,R0273,1
P050,R0274,1
P050,R0275,2
P050,R0276,1
P050,R0277,1
P050,R0278,1
P050,R0279,2
P050,R0280,1
P050,R0281,1
P050,R0282,1
P050,R0283,1
P050,R0284,1
P050,R0285,2
P050,R0286,1
P050,R0287,1
P050,R0288,1
P050,R0289,1
P050,R0290,1
P050,R0291,1
P050,R0292,1
P050,R0293,1
P050,R0294,1
P050,R0295,1
P050,R0296,1
P050,R0297,1
P050,R0298,1
P050,R0299,1
P050,R0300,1
P050,R0301,1
P050,R0302,1
P050,R0303,1
P050,R0304,1
P050,R0305,1
P050,R0306,1
P050,R0307,1
P050,R0308,1
P050,R0309,1
P050,R0310,1
P050,R0311,1
P050,R0312,1
P050,R0313,1
P050,R0314,1
P050,R0315,1
P050,R0316,1
P050,R0317,1
P050,R0318,1
P050,R0319,1
P050,R0320,1
P050,R0321,1
P050,R0322,1
P050,R0323,1
P050,R0324,1
P050,R0325,2
P050,R0326,1
P050,R0327,1
P050,R0328,1
P050,R0329,1
P050,R0330,1
P050,R0331,2
P050,R0332,1
P050,R0333,1
P050,R0334,1
P050,R0335,1
P050,R0336,1
P050,R0337,1
P050,R0338,1
P050,R0339,2
P050,R0340,1
P050,R0341,1
P050,R0342,1
P050,R0343,1
P050,R0344,1
P050,R0345,1
P050,R0346,1
P050,R0347,2
P050,R0348,1
P050,R0349,2
P050,R0350,1
P050,R0351,1
P050,R0352,1
P050,R0353,1
P050,R0354,1
P050,R0355,1
P050,R0356,1
P050,R0357,1
P050,R0358,1
P050,R0359,1
P050,R0360,1
P050,R0361,1
P050,R0362,1
P050,R0363,1
P050,R0364,1
P050,R0365,1
P050,R0366,1
P050,R0367,1
P050,R0368,2
P050,R0369,1
P050,R0370,1
P050,R0371,1
P050,R0372,1
P050,R0373,1
P050,R0374,1
P050,R0375,2
P050,R0376,1
P050,R0377,1
P050,R0378,1
P050,R0379,1
P050,R0380,1
P050,R0381,1
P050,R0382,1
P050,R0383,2
P050,R0384,2
P050,R0385,1
P050,R0386,1
P050,R0387,1
P050,R0388,2
P050,R0389,1
P050,R0390,1
P050,R0391,1
P050,R0392,2
P050,R0393,1
P050,R0394,1
P050,R0395,1
P050,R0396,1
P050,R0397,1
P050,R0398,1
P050,R0399,1
P050,R0400,1
P050,R0401,1
P050,R0402,1
P050,R0403,1
P050,R0404,1
P050,R0405,1
P050,R0406,1
P050,R0407,1
P050,R0408,2
P050,R0409,1
P050,R0410,1
P050,R0411,1
P050,R0412,1
P050,R0413,1
P050,R0414,1
P050,R0415,1
P050,R0416,1
P050,R0417,1
P050,R0418,2
P050,R0419,1
P050,R0420,1
P050,R0421,1
P050,R0422,1
P050,R0423,1
P050,R0424,2
P050,R0425,1
P050,R0426,1
P050,R0427,1
P050,R0428,1
P050,R0429,1
P050,R0430,1
P050,R0431,1
P050,R0432,1
P050,R0433,1
P050,R0434,1
P050,R0435,1
P050,R0436,1
P050,R0437,1
P050,R0438,1
P050,R0439,1
P050,R0440,1
P050,R0441,1
P050,R0442,1
P050,R0443,1
P050,R0444,1
P050,R0445,2
P050,R0446,1
P050,R0447,1
P050,R0448,1
P050,R0449,1
P050,R0450,1
P050,R0451,1
P050,R0452,1
P050,R0453,1
P050,R0454,1
P050,R0455,1
P050,R0456,1
P050,R0457,1
P050,R0458,1
P050,R0459,1
P050,R0460,1
P050,R0461,1
P050,R0462,1
P050,R0463,1
P050,R0464,1
P050,R0465,1
P050,R0466,2
P050,R0467,1
P050,R0468,2
P050,R0469,1
P050,R0470,1
P050,R0471,1
P050,R0472,1
P050,R0473,1
P050,R0474,1
P050,R0475,1
P050,R0476,1
P050,R0477,1
P050,R0478,1
P050,R0479,1
P050,R0480,1
P050,R0481,1
P050,R0482,2
P050,R0483,1
P050,R0484,1
P050,R0485,1
P050,R0486,1
P050,R0487,1
P050,R0488,1
P050,R0489,1
P050,R0490,1
P050,R0491,1
P050,R0492,1
P050,R0493,1
P050,R0494,1
P050,R0495,1
P050,R0496,1
P050,R0497,2
P050,R0498,1
P050,R0499,1
P050,R0500,1
P050,R0501,1
P050,R0502,1
P050,R0503,1
P050,R0504,1
P050,R0505,2
P050,R0506,1
P050,R0507,1
P050,R0508,1
P050,R0509,1
P050,R0510,1
P050,R0511,1
P050,R0512,2
P050,R0513,1
P050,R0514,1
P050,R0515,1
P050,R0516,1
P050,R0517,2
P050,R0518,1
P050,R0519,1
P050,R0520,2
P050,R0521,1
P050,R0522,1
P050,R0523,1
P050,R0524,1
P050,R0525,1
P050,R0526,2
P050,R0527,1
P050,R0528,1
P050,R0529,1
P050,R0530,1
P050,R0531,1
P050,R0532,1
P050,R0533,1
P050,R0534,1
P050,R0535,1
P050,R0536,1
P050,R0537,1
P050,R0538,1
P050,R0539,1
P050,R0540,1
P050,R0541,1
P050,R0542,1
P050,R0543,2
P050,R0544,1
P050,R0545,1
P050,R0546,1
P050,R0547,1
P050,R0548,1
P050,R0549,1
P050,R0550,1
P050,R0551,1
P050,R0552,1
P050,R0553,1
P050,R0554,1
P050,R0555,1
P050,R0556,1
P050,R0557,1
P050,R0558,1
P050,R0559,1
P050,R0560,2
P050,R0561,1
P050,R0562,1
P050,R0563,1
P050,R0564,1
P050,R0565,1
P050,R0566,1
P050,R0567,1
P050,R0568,1
P050,R0569,1
P050,R0570,1
P050,R0571,1
P050,R0572,1
P050,R0573,1
P050,R0574,1
P050,R0575,1
P050,R0576,1
P050,R0577,2
P050,R0578,1
P050,R0579,1
P050,R0580,1
P050,R0581,1
P050,R0582,1
P050,R0583,1
P050,R0584,1
P050,R0585,1
P050,R0586,1
P050,R0587,1
P050,R0588,1
P050,R0589,1
P050,R0590,1
P050,R0591,1
P050,R0592,1
P050,R0593,1
P050,R0594,1
P050,R0595,1
P050,R0596,1
P050,R0597,1
P050,R0598,1
P050,R0599,1
P050,R0600,1
P051,R0001,1
P051,R0002,2
P051,R0003,0
P051,R0004,0
P051,R0005,1
P051,R0006,0
P051,R0007,2
P051,R0008,0
P051,R0009,0
P051,R0010,2
P051,R0011,2
P051,R0012,2
P051,R0013,0
P051,R0014,0
P051,R0015,0
P051,R0016,2
P051,R0017,2
P051,R0018,2
P051,R0019,0
P051,R0020,2
P051,R0021,0
P051,R0022,2
P051,R0023,0
P051,R0024,0
P051,R0025,2
P051,R0026,0
P051,R0027,2
P051,R0028,0
P051,R0029,0
P051,R0030,2
P051,R0031,0
P051,R0032,0
P051,R0033,2
P051,R0034,1
P051,R0035,0
P051,R0036,2
P051,R0037,0
P051,R0038,0
P051,R0039,1
P051,R0040,1
P051,R0041,0
P051,R0042,0
P051,R0043,2
P051,R0044,0
P051,R0045,0
P051,R0046,2
P051,R0047,0
P051,R0048,0
P051,R0049,2
P051,R0050,1
P051,R0051,1
P051,R0052,1
P051,R0053,1
P051,R0054,0
P051,R0055,0
P051,R0056,0
P051,R0057,2
P051,R0058,0
P051,R0059,1
P051,R0060,0
P051,R0061,0
P051,R0062,1
P051,R0063,0
P051,R0064,1
P051,R0065,1
P051,R0066,0
P051,R0067,1
P051,R0068,2
P051,R0069,0
P051,R0070,0
P051,R0071,0
P051,R0072,2
P051,R0073,2
P051,R0074,2
P051,R0075,0
P051,R0076,0
P051,R0077,0
P051,R0078,2
P051,R0079,0
P051,R0080,2
P051,R0081,1
P051,R0082,2
P051,R0083,1
P051,R0084,2
P051,R0085,2
P051,R0086,2
P051,R0087,1
P051,R0088,0
P051,R0089,0
P051,R0090,2
P051,R0091,0
P051,R0092,0
P051,R0093,0
P051,R0094,1
P051,R0095,1
P051,R0096,2
P051,R0097,0
P051,R0098,0
P051,R0099,1
P051,R0100,0
P051,R0101,0
P051,R0102,0
P051,R0103,0
P051,R0104,1
P051,R0105,1
P051,R0106,2
P051,R0107,0
P051,R0108,0
P051,R0109,1
P051,R0110,2
P051,R0111,1
P051,R0112,0
P051,R0113,0
P051,R0114,0
P051,R0115,0
P051,R0116,2
P051,R0117,2
P051,R0118,2
P051,R0119,0
P051,R0120,2
P051,R0121,2
P051,R0122,2
P051,R0123,0
P051,R0124,2
P051,R0125,1
P051,R0126,0
P051,R0127,0
P051,R0128,1
P051,R0129,0
P051,R0130,0
P051,R0131,2
P051,R0132,0
P051,R0133,0
P051,R0134,0
P051,R0135,0
P051,R0136,0
P051,R0137,0
P051,R0138,2
P051,R0139,1
P051,R0140,0
P051,R0141,1
P051,R0142,2
P051,R0143,0
P051,R0144,0
P051,R0145,0
P051,R0146,0
P051,R0147,0
P051,R0148,0
P051,R0149,0
P051,R0150,0
P051,R0151,2
P051,R0152,2
P051,R0153,2
P051,R0154,0
P051,R0155,0
P051,R0156,2
P051,R0157,0
P051,R0158,0
P051,R0159,0
P051,R0160,0
P051,R0161,2
P051,R0162,1
P051,R0163,1
P051,R0164,2
P051,R0165,0
P051,R0166,0
P051,R0167,2
P051,R0168,2
P051,R0169,0
P051,R0170,0
P051,R0171,2
P051,R0172,0
P051,R0173,1
P051,R0174,0
P051,R0175,1
P051,R0176,2
P051,R0177,2
P051,R0178,0
P051,R0179,2
P051,R0180,0
P051,R0181,0
P051,R0182,0
P051,R0183,2
P051,R0184,0
P051,R0185,0
P051,R0186,1
P051,R0187,0
P051,R0188,0
P051,R0189,0
P051,R0190,0
P051,R0191,0
P051,R0192,2
P051,R0193,0
P051,R0194,0
P051,R0195,2
P051,R0196,0
P051,R0197,0
P051,R0198,2
P051,R0199,0
P051,R0200,2
P051,R0201,0
P051,R0202,2
P051,R0203,0
P051,R0204,0
P051,R0205,0
P051,R0206,0
P051,R0207,2
P051,R0208,0
P051,R0209,0
P051,R0210,2
P051,R0211,2
P051,R0212,2
P051,R0213,0
P051,R0214,2
P051,R0215,2
P051,R0216,2
P051,R0217,0
P051,R0218,0
P051,R0219,0
P051,R0220,2
P051,R0221,2
P051,R0222,2
P051,R0223,0
P051,R0224,2
P051,R0225,0
P051,R0226,0
P051,R0227,0
P051,R0228,0
P051,R0229,2
P051,R0230,0
P051,R0231,1
P051,R0232,0
P051,R0233,0
P051,R0234,2
P051,R0235,2
P051,R0236,0
P051,R0237,2
P051,R0238,0
P051,R0239,2
P051,R0240,0
P051,R0241,0
P051,R0242,0
P051,R0243,0
P051,R0244,0
P051,R0245,2
P051,R0246,0
P051,R0247,0
P051,R0248,0
P051,R0249,2
P051,R0250,0
P051,R0251,0
P051,R0252,2
P051,R0253,0
P051,R0254,1
P051,R0255,0
P051,R0256,2
P051,R0257,2
P051,R0258,1
P051,R0259,0
P051,R0260,2
P051,R0261,0
P051,R0262,1
P051,R0263,2
P051,R0264,2
P051,R0265,1
P051,R0266,0
P051,R0267,0
P051,R0268,2
P051,R0269,0
P051,R0270,0
P051,R0271,2
P051,R0272,0
P051,R0273,2
P051,R0274,0
P051,R0275,0
P051,R0276,0
P051,R0277,0
P051,R0278,0
P051,R0279,0
P051,R0280,2
P051,R0281,2
P051,R0282,0
P051,R0283,2
P051,R0284,1
P051,R0285,0
P051,R0286,1
P051,R0287,1
P051,R0288,2
P051,R0289,1
P051,R0290,2
P051,R0291,0
P051,R0292,0
P051,R0293,1
P051,R0294,2
P051,R0295,2
P051,R0296,0
P051,R0297,2
P051,R0298,0
P051,R0299,2
P051,R0300,1
P051,R0301,0
P051,R0302,0
P051,R0303,1
P051,R0304,0
P051,R0305,0
P051,R0306,2
P051,R0307,0
P051,R0308,0
P051,R0309,2
P051,R0310,2
P051,R0311,1
P051,R0312,0
P051,R0313,2
P051,R0314,2
P051,R0315,0
P051,R0316,0
P051,R0317,0
P051,R0318,0
P051,R0319,0
P051,R0320,1
P051,R0321,0
P051,R0322,0
P051,R0323,2
P051,R0324,0
P051,R0325,2
P051,R0326,0
P051,R0327,0
P051,R0328,0
P051,R0329,0
P051,R0330,0
P051,R0331,2
P051,R0332,0
P051,R0333,0
P051,R0334,2
P051,R0335,0
P051,R0336,2
P051,R0337,0
P051,R0338,2
P051,R0339,2
P051,R0340,1
P051,R0341,1
P051,R0342,0
P051,R0343,2
P051,R0344,0
P051,R0345,0
P051,R0346,2
P051,R0347,0
P051,R0348,2
P051,R0349,0
P051,R0350,2
P051,R0351,0
P051,R0352,2
P051,R0353,0
P051,R0354,0
P051,R0355,0
P051,R0356,2
P051,R0357,2
P051,R0358,2
P051,R0359,1
P051,R0360,2
P051,R0361,0
P051,R0362,1
P051,R0363,2
P051,R0364,1
P051,R0365,0
P051,R0366,2
P051,R0367,2
P051,R0368,0
P051,R0369,0
P051,R0370,2
P051,R0371,2
P051,R0372,2
P051,R0373,2
P051,R0374,1
P051,R0375,0
P051,R0376,0
P051,R0377,2
P051,R0378,2
P051,R0379,0
P051,R0380,0
P051,R0381,2
P051,R0382,2
P051,R0383,0
P051,R0384,0
P051,R0385,0
P051,R0386,0
P051,R0387,2
P051,R0388,1
P051,R0389,0
P051,R0390,2
P051,R0391,2
P051,R0392,0
P051,R0393,2
P051,R0394,0
P051,R0395,2
P051,R0396,2
P051,R0397,1
P051,R0398,0
P051,R0399,0
P051,R0400,0
P051,R0401,0
P051,R0402,0
P051,R0403,1
P051,R0404,2
P051,R0405,1
P051,R0406,2
P051,R0407,0
P051,R0408,0
P051,R0409,2
P051,R0410,0
P051,R0411,0
P051,R0412,2
P051,R0413,0
P051,R0414,0
P051,R0415,2
P051,R0416,2
P051,R0417,0
P051,R0418,0
P051,R0419,2
P051,R0420,1
P051,R0421,1
P051,R0422,2
P051,R0423,0
P051,R0424,0
P051,R0425,0
P051,R0426,0
P051,R0427,0
P051,R0428,0
P051,R0429,2
P051,R0430,0
P051,R0431,1
P051,R0432,2
P051,R0433,0
P051,R0434,0
P051,R0435,0
P051,R0436,2
P051,R0437,0
P051,R0438,0
P051,R0439,1
P051,R0440,1
P051,R0441,0
P051,R0442,0
P051,R0443,0
P051,R0444,2
P051,R0445,0
P051,R0446,2
P051,R0447,1
P051,R0448,1
P051,R0449,2
P051,R0450,2
P051,R0451,2
P051,R0452,0
P051,R0453,0
P051,R0454,0
P051,R0455,2
P051,R0456,2
P051,R0457,0
P051,R0458,2
P051,R0459,2
P051,R0460,2
P051,R0461,0
P051,R0462,0
P051,R0463,0
P051,R0464,2
P051,R0465,0
P051,R0466,2
P051,R0467,2
P051,R0468,2
P051,R0469,0
P051,R0470,0
P051,R0471,0
P051,R0472,1
P051,R0473,2
P051,R0474,1
P051,R0475,0
P051,R0476,2
P051,R0477,0
P051,R0478,2
P051,R0479,1
P051,R0480,0
P051,R0481,0
P051,R0482,0
P051,R0483,0
P051,R0484,1
P051,R0485,2
P051,R0486,1
P051,R0487,2
P051,R0488,2
P051,R0489,1
P051,R0490,1
P051,R0491,0
P051,R0492,2
P051,R0493,2
P051,R0494,2
P051,R0495,0
P051,R0496,0
P051,R0497,2
P051,R0498,2
P051,R0499,2
P051,R0500,2
P051,R0501,1
P051,R0502,2
P051,R0503,2
P051,R0504,2
P051,R0505,0
P051,R0506,0
P051,R0507,2
P051,R0508,2
P051,R0509,2
P051,R0510,0
P051,R0511,2
P051,R0512,0
P051,R0513,2
P051,R0514,0
P051,R0515,0
P051,R0516,0
P051,R0517,0
P051,R0518,0
P051,R0519,2
P051,R0520,0
P051,R0521,2
P051,R0522,2
P051,R0523,2
P051,R0524,2
P051,R0525,0
P051,R0526,0
P051,R0527,0
P051,R0528,0
P051,R0529,1
P051,R0530,2
P051,R0531,2
P051,R0532,0
P051,R0533,2
P051,R0534,2
P051,R0535,0
P051,R0536,0
P051,R0537,1
P051,R0538,2
P051,R0539,0
P051,R0540,0
P051,R0541,0
P051,R0542,0
P051,R0543,2
P051,R0544,2
P051,R0545,2
P051,R0546,2
P051,R0547,0
P051,R0548,0
P051,R0549,2
P051,R0550,2
P051,R0551,2
P051,R0552,1
P051,R0553,2
P051,R0554,0
P051,R0555,2
P051,R0556,0
P051,R0557,1
P051,R0558,0
P051,R0559,1
P051,R0560,0
P051,R0561,0
P051,R0562,2
P051,R0563,0
P051,R0564,0
P051,R0565,0
P051,R0566,1
P051,R0567,2
P051,R0568,2
P051,R0569,0
P051,R0570,0
P051,R0571,1
P051,R0572,2
P051,R0573,0
P051,R0574,0
P051,R0575,0
P051,R0576,0
P051,R0577,2
P051,R0578,0
P051,R0579,2
P051,R0580,2
P051,R0581,2
P051,R0582,0
P051,R0583,0
P051,R0584,2
P051,R0585,1
P051,R0586,2
P051,R0587,0
P051,R0588,0
P051,R0589,0
P051,R0590,2
P051,R0591,0
P051,R0592,2
P051,R0593,0
P051,R0594,2
P051,R0595,0
P051,R0596,0
P051,R0597,2
P051,R0598,2
P051,R0599,1
P051,R0600,0
P052,R0001,2
P052,R0002,0
P052,R0003,2
P052,R0004,1
P052,R0005,1
P052,R0006,1
P052,R0007,1
P052,R0008,2
P052,R0009,0
P052,R0010,1
P052,R0011,0
P052,R0012,1
P052,R0013,1
P052,R0014,0
P052,R0015,0
P052,R0016,1
P052,R0017,1
P052,R0018,1
P052,R0019,2
P052,R0020,1
P052,R0021,0
P052,R0022,0
P052,R0023,1
P052,R0024,0
P052,R0025,0
P052,R0026,1
P052,R0027,2
P052,R0028,0
P052,R0029,2
P052,R0030,2
P052,R0031,1
P052,R0032,0
P052,R0033,1
P052,R0034,1
P052,R0035,1
P052,R0036,1
P052,R0037,0
P052,R0038,0
P052,R0039,1
P052,R0040,0
P052,R0041,0
P052,R0042,2
P052,R0043,1
P052,R0044,0
P052,R0045,1
P052,R0046,1
P052,R0047,0
P052,R0048,2
P052,R0049,1
P052,R0050,2
P052,R0051,0
P052,R0052,0
P052,R0053,2
P052,R0054,1
P052,R0055,2
P052,R0056,2
P052,R0057,0
P052,R0058,2
P052,R0059,1
P052,R0060,0
P052,R0061,2
P052,R0062,0
P052,R0063,1
P052,R0064,0
P052,R0065,0
P052,R0066,1
P052,R0067,1
P052,R0068,1
P052,R0069,0
P052,R0070,1
P052,R0071,2
P052,R0072,1
P052,R0073,1
P052,R0074,1
P052,R0075,1
P052,R0076,2
P052,R0077,0
P052,R0078,1
P052,R0079,2
P052,R0080,1
P052,R0081,2
P052,R0082,0
P052,R0083,0
P052,R0084,1
P052,R0085,2
P052,R0086,1
P052,R0087,1
P052,R0088,2
P052,R0089,1
P052,R0090,1
P052,R0091,1
P052,R0092,2
P052,R0093,2
P052,R0094,0
P052,R0095,1
P052,R0096,0
P052,R0097,2
P052,R0098,0
P052,R0099,0
P052,R0100,1
P052,R0101,1
P052,R0102,2
P052,R0103,1
P052,R0104,0
P052,R0105,1
P052,R0106,0
P052,R0107,0
P052,R0108,2
P052,R0109,0
P052,R0110,2
P052,R0111,1
P052,R0112,2
P052,R0113,2
P052,R0114,1
P052,R0115,0
P052,R0116,0
P052,R0117,1
P052,R0118,1
P052,R0119,0
P052,R0120,1
P052,R0121,1
P052,R0122,0
P052,R0123,2
P052,R0124,1
P052,R0125,0
P052,R0126,1
P052,R0127,1
P052,R0128,1
P052,R0129,2
P052,R0130,2
P052,R0131,1
P052,R0132,0
P052,R0133,0
P052,R0134,2
P052,R0135,0
P052,R0136,2
P052,R0137,0
P052,R0138,0
P052,R0139,1
P052,R0140,1
P052,R0141,0
P052,R0142,1
P052,R0143,1
P052,R0144,1
P052,R0145,1
P052,R0146,0
P052,R0147,0
P052,R0148,1
P052,R0149,1
P052,R0150,1
P052,R0151,1
P052,R0152,1
P052,R0153,2
P052,R0154,2
P052,R0155,0
P052,R0156,1
P052,R0157,2
P052,R0158,2
P052,R0159,1
P052,R0160,0
P052,R0161,2
P052,R0162,1
P052,R0163,1
P052,R0164,1
P052,R0165,0
P052,R0166,0
P052,R0167,2
P052,R0168,1
P052,R0169,2
P052,R0170,2
P052,R0171,1
P052,R0172,0
P052,R0173,2
P052,R0174,1
P052,R0175,1
P052,R0176,1
P052,R0177,1
P052,R0178,2
P052,R0179,1
P052,R0180,0
P052,R0181,1
P052,R0182,1
P052,R0183,0
P052,R0184,0
P052,R0185,2
P052,R0186,2
P052,R0187,1
P052,R0188,0
P052,R0189,0
P052,R0190,1
P052,R0191,1
P052,R0192,1
P052,R0193,1
P052,R0194,0
P052,R0195,0
P052,R0196,1
P052,R0197,1
P052,R0198,1
P052,R0199,2
P052,R0200,1
P052,R0201,2
P052,R0202,0
P052,R0203,1
P052,R0204,2
P052,R0205,2
P052,R0206,2
P052,R0207,1
P052,R0208,1
P052,R0209,0
P052,R0210,0
P052,R0211,2
P052,R0212,0
P052,R0213,0
P052,R0214,0
P052,R0215,2
P052,R0216,1
P052,R0217,0
P052,R0218,0
P052,R0219,2
P052,R0220,1
P052,R0221,1
P052,R0222,0
P052,R0223,1
P052,R0224,1
P052,R0225,0
P052,R0226,0
P052,R0227,2
P052,R0228,2
P052,R0229,0
P052,R0230,2
P052,R0231,1
P052,R0232,2
P052,R0233,1
P052,R0234,1
P052,R0235,0
P052,R0236,1
P052,R0237,1
P052,R0238,1
P052,R0239,2
P052,R0240,2
P052,R0241,1
P052,R0242,2
P052,R0243,1
P052,R0244,1
P052,R0245,2
P052,R0246,2
P052,R0247,2
P052,R0248,1
P052,R0249,0
P052,R0250,2
P052,R0251,2
P052,R0252,0
P052,R0253,1
P052,R0254,0
P052,R0255,1
P052,R0256,0
P052,R0257,1
P052,R0258,1
P052,R0259,1
P052,R0260,2
P052,R0261,0
P052,R0262,1
P052,R0263,2
P052,R0264,1
P052,R0265,2
P052,R0266,1
P052,R0267,0
P052,R0268,0
P052,R0269,2
P052,R0270,1
P052,R0271,1
P052,R0272,0
P052,R0273,1
P052,R0274,0
P052,R0275,1
P052,R0276,0
P052,R0277,0
P052,R0278,2
P052,R0279,1
P052,R0280,0
P052,R0281,2
P052,R0282,2
P052,R0283,1
P052,R0284,1
P052,R0285,0
P052,R0286,0
P052,R0287,1
P052,R0288,1
P052,R0289,1
P052,R0290,2
P052,R0291,1
P052,R0292,1
P052,R0293,0
P052,R0294,1
P052,R0295,0
P052,R0296,1
P052,R0297,1
P052,R0298,2
P052,R0299,2
P052,R0300,1
P052,R0301,0
P052,R0302,2
P052,R0303,1
P052,R0304,1
P052,R0305,2
P052,R0306,1
P052,R0307,2
P052,R0308,0
P052,R0309,1
P052,R0310,1
P052,R0311,1
P052,R0312,0
P052,R0313,2
P052,R0314,0
P052,R0315,2
P052,R0316,0
P052,R0317,0
P052,R0318,0
P052,R0319,0
P052,R0320,1
P052,R0321,1
P052,R0322,2
P052,R0323,1
P052,R0324,2
P052,R0325,1
P052,R0326,0
P052,R0327,1
P052,R0328,2
P052,R0329,2
P052,R0330,0
P052,R0331,0
P052,R0332,2
P052,R0333,1
P052,R0334,1
P052,R0335,1
P052,R0336,1
P052,R0337,2
P052,R0338,1
P052,R0339,1
P052,R0340,1
P052,R0341,2
P052,R0342,1
P052,R0343,0
P052,R0344,0
P052,R0345,0
P052,R0346,0
P052,R0347,0
P052,R0348,1
P052,R0349,0
P052,R0350,1
P052,R0351,1
P052,R0352,1
P052,R0353,2
P052,R0354,2
P052,R0355,1
P052,R0356,1
P052,R0357,2
P052,R0358,2
P052,R0359,1
P052,R0360,1
P052,R0361,0
P052,R0362,1
P052,R0363,0
P052,R0364,0
P052,R0365,1
P052,R0366,0
P052,R0367,1
P052,R0368,2
P052,R0369,2
P052,R0370,1
P052,R0371,0
P052,R0372,2
P052,R0373,2
P052,R0374,0
P052,R0375,0
P052,R0376,1
P052,R0377,0
P052,R0378,1
P052,R0379,0
P052,R0380,1
P052,R0381,0
P052,R0382,0
P052,R0383,1
P052,R0384,1
P052,R0385,0
P052,R0386,1
P052,R0387,1
P052,R0388,0
P052,R0389,1
P052,R0390,2
P052,R0391,0
P052,R0392,2
P052,R0393,1
P052,R0394,0
P052,R0395,0
P052,R0396,2
P052,R0397,2
P052,R0398,2
P052,R0399,2
P052,R0400,0
P052,R0401,1
P052,R0402,1
P052,R0403,1
P052,R0404,1
P052,R0405,1
P052,R0406,0
P052,R0407,1
P052,R0408,0
P052,R0409,0
P052,R0410,0
P052,R0411,2
P052,R0412,1
P052,R0413,2
P052,R0414,2
P052,R0415,0
P052,R0416,0
P052,R0417,2
P052,R0418,0
P052,R0419,2
P052,R0420,1
P052,R0421,1
P052,R0422,1
P052,R0423,2
P052,R0424,0
P052,R0425,2
P052,R0426,2
P052,R0427,1
P052,R0428,0
P052,R0429,2
P052,R0430,1
P052,R0431,2
P052,R0432,2
P052,R0433,2
P052,R0434,0
P052,R0435,1
P052,R0436,2
P052,R0437,1
P052,R0438,2
P052,R0439,2
P052,R0440,2
P052,R0441,0
P052,R0442,2
P052,R0443,2
P052,R0444,2
P052,R0445,1
P052,R0446,1
P052,R0447,1
P052,R0448,1
P052,R0449,1
P052,R0450,2
P052,R0451,1
P052,R0452,0
P052,R0453,0
P052,R0454,0
P052,R0455,0
P052,R0456,2
P052,R0457,1
P052,R0458,2
P052,R0459,1
P052,R0460,0
P052,R0461,2
P052,R0462,2
P052,R0463,0
P052,R0464,0
P052,R0465,2
P052,R0466,0
P052,R0467,1
P052,R0468,1
P052,R0469,2
P052,R0470,2
P052,R0471,1
P052,R0472,2
P052,R0473,0
P052,R0474,1
P052,R0475,2
P052,R0476,1
P052,R0477,2
P052,R0478,1
P052,R0479,2
P052,R0480,0
P052,R0481,2
P052,R0482,0
P052,R0483,2
P052,R0484,1
P052,R0485,1
P052,R0486,2
P052,R0487,1
P052,R0488,0
P052,R0489,0
P052,R0490,0
P052,R0491,2
P052,R0492,0
P052,R0493,0
P052,R0494,0
P052,R0495,1
P052,R0496,1
P052,R0497,0
P052,R0498,1
P052,R0499,0
P052,R0500,0
P052,R0501,1
P052,R0502,2
P052,R0503,0
P052,R0504,0
P052,R0505,1
P052,R0506,2
P052,R0507,1
P052,R0508,0
P052,R0509,2
P052,R0510,0
P052,R0511,1
P052,R0512,0
P052,R0513,2
P052,R0514,2
P052,R0515,0
P052,R0516,2
P052,R0517,0
P052,R0518,1
P052,R0519,0
P052,R0520,1
P052,R0521,0
P052,R0522,0
P052,R0523,1
P052,R0524,0
P052,R0525,0
P052,R0526,0
P052,R0527,1
P052,R0528,1
P052,R0529,1
P052,R0530,0
P052,R0531,1
P052,R0532,2
P052,R0533,1
P052,R0534,2
P052,R0535,1
P052,R0536,0
P052,R0537,1
P052,R0538,0
P052,R0539,2
P052,R0540,1
P052,R0541,2
P052,R0542,2
P052,R0543,1
P052,R0544,0
P052,R0545,2
P052,R0546,1
P052,R0547,1
P052,R0548,0
P052,R0549,1
P052,R0550,1
P052,R0551,0
P052,R0552,1
P052,R0553,0
P052,R0554,2
P052,R0555,1
P052,R0556,1
P052,R0557,0
P052,R0558,1
P052,R0559,1
P052,R0560,1
P052,R0561,0
P052,R0562,1
P052,R0563,2
P052,R0564,1
P052,R0565,1
P052,R0566,1
P052,R0567,1
P052,R0568,1
P052,R0569,2
P052,R0570,2
P052,R0571,1
P052,R0572,1
P052,R0573,0
P052,R0574,1
P052,R0575,0
P052,R0576,2
P052,R0577,1
P052,R0578,0
P052,R0579,2
P052,R0580,1
P052,R0581,0
P052,R0582,2
P052,R0583,2
P052,R0584,0
P052,R0585,1
P052,R0586,1
P052,R0587,1
P052,R0588,1
P052,R0589,2
P052,R0590,2
P052,R0591,0
P052,R0592,0
P052,R0593,1
P052,R0594,0
P052,R0595,0
P052,R0596,1
P052,R0597,1
P052,R0598,1
P052,R0599,1
P052,R0600,1
P053,R0001,2
P053,R0002,1
P053,R0003,1
P053,R0004,1
P053,R0005,2
P053,R0006,1
P053,R0007,1
P053,R0008,1
P053,R0009,1
P053,R0010,1
P053,R0011,1
P053,R0012,1
P053,R0013,1
P053,R0014,1
P053,R0015,1
P053,R0016,1
P053,R0017,1
P053,R0018,1
P053,R0019,1
P053,R0020,2
P053,R0021,1
P053,R0022,1
P053,R0023,1
P053,R0024,1
P053,R0025,1
P053,R0026,1
P053,R0027,1
P053,R0028,1
P053,R0029,1
P053,R0030,1
P053,R0031,1
P053,R0032,1
P053,R0033,2
P053,R0034,2
P053,R0035,1
P053,R0036,1
P053,R0037,1
P053,R0038,1
P053,R0039,2
P053,R0040,2
P053,R0041,1
P053,R0042,1
P053,R0043,1
P053,R0044,1
P053,R0045,1
P053,R0046,1
P053,R0047,1
P053,R0048,1
P053,R0049,1
P053,R0050,2
P053,R0051,2
P053,R0052,2
P053,R0053,2
P053,R0054,1
P053,R0055,1
P053,R0056,1
P053,R0057,1
P053,R0058,1
P053,R0059,2
P053,R0060,1
P053,R0061,1
P053,R0062,2
P053,R0063,1
P053,R0064,2
P053,R0065,2
P053,R0066,1
P053,R0067,2
P053,R0068,1
P053,R0069,1
P053,R0070,1
P053,R0071,1
P053,R0072,1
P053,R0073,1
P053,R0074,1
P053,R0075,1
P053,R0076,1
P053,R0077,1
P053,R0078,1
P053,R0079,1
P053,R0080,1
P053,R0081,2
P053,R0082,2
P053,R0083,2
P053,R0084,1
P053,R0085,1
P053,R0086,1
P053,R0087,2
P053,R0088,1
P053,R0089,1
P053,R0090,1
P053,R0091,1
P053,R0092,1
P053,R0093,1
P053,R0094,2
P053,R0095,2
P053,R0096,1
P053,R0097,1
P053,R0098,1
P053,R0099,2
P053,R0100,1
P053,R0101,1
P053,R0102,1
P053,R0103,1
P053,R0104,2
P053,R0105,2
P053,R0106,1
P053,R0107,1
P053,R0108,1
P053,R0109,2
P053,R0110,1
P053,R0111,2
P053,R0112,1
P053,R0113,1
P053,R0114,1
P053,R0115,1
P053,R0116,1
P053,R0117,1
P053,R0118,1
P053,R0119,1
P053,R0120,1
P053,R0121,1
P053,R0122,1
P053,R0123,1
P053,R0124,1
P053,R0125,2
P053,R0126,1
P053,R0127,1
P053,R0128,2
P053,R0129,1
P053,R0130,1
P053,R0131,1
P053,R0132,1
P053,R0133,1
P053,R0134,1
P053,R0135,1
P053,R0136,1
P053,R0137,1
P053,R0138,1
P053,R0139,2
P053,R0140,1
P053,R0141,2
P053,R0142,1
P053,R0143,1
P053,R0144,1
P053,R0145,1
P053,R0146,1
P053,R0147,1
P053,R0148,1
P053,R0149,1
P053,R0150,1
P053,R0151,1
P053,R0152,1
P053,R0153,1
P053,R0154,1
P053,R0155,1
P053,R0156,1
P053,R0157,1
P053,R0158,1
P053,R0159,1
P053,R0160,1
P053,R0161,1
P053,R0162,2
P053,R0163,2
P053,R0164,2
P053,R0165,1
P053,R0166,1
P053,R0167,1
P053,R0168,1
P053,R0169,1
P053,R0170,1
P053,R0171,1
P053,R0172,1
P053,R0173,2
P053,R0174,1
P053,R0175,2
P053,R0176,1
P053,R0177,1
P053,R0178,1
P053,R0179,1
P053,R0180,1
P053,R0181,1
P053,R0182,1
P053,R0183,1
P053,R0184,1
P053,R0185,1
P053,R0186,2
P053,R0187,1
P053,R0188,1
P053,R0189,1
P053,R0190,1
P053,R0191,1
P053,R0192,1
P053,R0193,1
P053,R0194,1
P053,R0195,1
P053,R0196,1
P053,R0197,1
P053,R0198,1
P053,R0199,1
P053,R0200,1
P053,R0201,1
P053,R0202,1
P053,R0203,1
P053,R0204,1
P053,R0205,1
P053,R0206,1
P053,R0207,2
P053,R0208,1
P053,R0209,1
P053,R0210,1
P053,R0211,1
P053,R0212,1
P053,R0213,1
P053,R0214,1
P053,R0215,1
P053,R0216,1
P053,R0217,1
P053,R0218,1
P053,R0219,1
P053,R0220,1
P053,R0221,1
P053,R0222,1
P053,R0223,1
P053,R0224,1
P053,R0225,1
P053,R0226,1
P053,R0227,1
P053,R0228,1
P053,R0229,1
P053,R0230,1
P053,R0231,2
P053,R0232,1
P053,R0233,1
P053,R0234,1
P053,R0235,2
P053,R0236,1
P053,R0237,2
P053,R0238,1
P053,R0239,1
P053,R0240,1
P053,R0241,1
P053,R0242,1
P053,R0243,1
P053,R0244,1
P053,R0245,1
P053,R0246,1
P053,R0247,1
P053,R0248,1
P053,R0249,1
P053,R0250,1
P053,R0251,1
P053,R0252,1
P053,R0253,1
P053,R0254,2
P053,R0255,1
P053,R0256,1
P053,R0257,1
P053,R0258,2
P053,R0259,1
P053,R0260,1
P053,R0261,1
P053,R0262,2
P053,R0263,1
P053,R0264,1
P053,R0265,2
P053,R0266,1
P053,R0267,2
P053,R0268,1
P053,R0269,1
P053,R0270,1
P053,R0271,1
P053,R0272,1
P053,R0273,1
P053,R0274,1
P053,R0275,1
P053,R0276,1
P053,R0277,1
P053,R0278,1
P053,R0279,1
P053,R0280,1
P053,R0281,1
P053,R0282,1
P053,R0283,2
P053,R0284,2
P053,R0285,1
P053,R0286,2
P053,R0287,2
P053,R0288,1
P053,R0289,2
P053,R0290,1
P053,R0291,1
P053,R0292,1
P053,R0293,2
P053,R0294,1
P053,R0295,1
P053,R0296,1
P053,R0297,1
P053,R0298,1
P053,R0299,1
P053,R0300,2
P053,R0301,1
P053,R0302,1
P053,R0303,2
P053,R0304,1
P053,R0305,1
P053,R0306,1
P053,R0307,1
P053,R0308,1
P053,R0309,1
P053,R0310,1
P053,R0311,2
P053,R0312,1
P053,R0313,1
P053,R0314,1
P053,R0315,1
P053,R0316,1
P053,R0317,1
P053,R0318,1
P053,R0319,1
P053,R0320,2
P053,R0321,1
P053,R0322,1
P053,R0323,1
P053,R0324,1
P053,R0325,1
P053,R0326,1
P053,R0327,1
P053,R0328,1
P053,R0329,1
P053,R0330,1
P053,R0331,1
P053,R0332,1
P053,R0333,1
P053,R0334,1
P053,R0335,1
P053,R0336,1
P053,R0337,1
P053,R0338,1
P053,R0339,1
P053,R0340,2
P053,R0341,2
P053,R0342,1
P053,R0343,1
P053,R0344,1
P053,R0345,1
P053,R0346,1
P053,R0347,1
P053,R0348,1
P053,R0349,1
P053,R0350,1
P053,R0351,1
P053,R0352,1
P053,R0353,1
P053,R0354,1
P053,R0355,1
P053,R0356,1
P053,R0357,1
P053,R0358,1
P053,R0359,2
P053,R0360,1
P053,R0361,1
P053,R0362,2
P053,R0363,1
P053,R0364,2
P053,R0365,1
P053,R0366,1
P053,R0367,1
P053,R0368,1
P053,R0369,1
P053,R0370,1
P053,R0371,1
P053,R0372,1
P053,R0373,1
P053,R0374,2
P053,R0375,1
P053,R0376,1
P053,R0377,1
P053,R0378,1
P053,R0379,1
P053,R0380,1
P053,R0381,1
P053,R0382,1
P053,R0383,1
P053,R0384,1
P053,R0385,1
P053,R0386,1
P053,R0387,1
P053,R0388,2
P053,R0389,1
P053,R0390,1
P053,R0391,2
P053,R0392,1
P053,R0393,1
P053,R0394,1
P053,R0395,1
P053,R0396,1
P053,R0397,2
P053,R0398,1
P053,R0399,1
P053,R0400,1
P053,R0401,1
P053,R0402,1
P053,R0403,2
P053,R0404,1
P053,R0405,2
P053,R0406,1
P053,R0407,1
P053,R0408,1
P053,R0409,2
P053,R0410,1
P053,R0411,1
P053,R0412,1
P053,R0413,1
P053,R0414,1
P053,R0415,1
P053,R0416,1
P053,R0417,1
P053,R0418,1
P053,R0419,1
P053,R0420,2
P053,R0421,2
P053,R0422,1
P053,R0423,1
P053,R0424,1
P053,R0425,1
P053,R0426,1
P053,R0427,1
P053,R0428,1
P053,R0429,1
P053,R0430,1
P053,R0431,2
P053,R0432,1
P053,R0433,1
P053,R0434,1
P053,R0435,1
P053,R0436,1
P053,R0437,1
P053,R0438,1
P053,R0439,2
P053,R0440,2
P053,R0441,1
P053,R0442,1
P053,R0443,1
P053,R0444,1
P053,R0445,1
P053,R0446,1
P053,R0447,2
P053,R0448,2
P053,R0449,1
P053,R0450,1
P053,R0451,2
P053,R0452,1
P053,R0453,1
P053,R0454,1
P053,R0455,1
P053,R0456,1
P053,R0457,1
P053,R0458,1
P053,R0459,1
P053,R0460,1
P053,R0461,1
P053,R0462,1
P053,R0463,1
P053,R0464,1
P053,R0465,1
P053,R0466,1
P053,R0467,1
P053,R0468,1
P053,R0469,1
P053,R0470,1
P053,R0471,1
P053,R0472,2
P053,R0473,1
P053,R0474,2
P053,R0475,1
P053,R0476,1
P053,R0477,1
P053,R0478,2
P053,R0479,2
P053,R0480,1
P053,R0481,1
P053,R0482,1
P053,R0483,1
P053,R0484,2
P053,R0485,1
P053,R0486,2
P053,R0487,1
P053,R0488,1
P053,R0489,2
P053,R0490,2
P053,R0491,1
P053,R0492,1
P053,R0493,1
P053,R0494,1
P053,R0495,1
P053,R0496,1
P053,R0497,1
P053,R0498,2
P053,R0499,1
P053,R0500,2
P053,R0501,2
P053,R0502,1
P053,R0503,1
P053,R0504,1
P053,R0505,1
P053,R0506,1
P053,R0507,1
P053,R0508,1
P053,R0509,1
P053,R0510,1
P053,R0511,1
P053,R0512,1
P053,R0513,1
P053,R0514,1
P053,R0515,1
P053,R0516,1
P053,R0517,1
P053,R0518,1
P053,R0519,1
P053,R0520,1
P053,R0521,1
P053,R0522,1
P053,R0523,2
P053,R0524,1
P053,R0525,1
P053,R0526,1
P053,R0527,1
P053,R0528,1
P053,R0529,2
P053,R0530,1
P053,R0531,1
P053,R0532,1
P053,R0533,1
P053,R0534,1
P053,R0535,1
P053,R0536,1
P053,R0537,2
P053,R0538,1
P053,R0539,1
P053,R0540,1
P053,R0541,1
P053,R0542,1
P053,R0543,1
P053,R0544,1
P053,R0545,1
P053,R0546,1
P053,R0547,1
P053,R0548,1
P053,R0549,1
P053,R0550,1
P053,R0551,1
P053,R0552,2
P053,R0553,1
P053,R0554,1
P053,R0555,1
P053,R0556,1
P053,R0557,2
P053,R0558,1
P053,R0559,2
P053,R0560,1
P053,R0561,1
P053,R0562,1
P053,R0563,1
P053,R0564,1
P053,R0565,1
P053,R0566,2
P053,R0567,1
P053,R0568,1
P053,R0569,1
P053,R0570,1
P053,R0571,2
P053,R0572,1
P053,R0573,1
P053,R0574,1
P053,R0575,1
P053,R0576,1
P053,R0577,1
P053,R0578,1
P053,R0579,1
P053,R0580,1
P053,R0581,1
P053,R0582,1
P053,R0583,1
P053,R0584,2
P053,R0585,2
P053,R0586,1
P053,R0587,1
P053,R0588,1
P053,R0589,1
P053,R0590,1
P053,R0591,1
P053,R0592,1
P053,R0593,1
P053,R0594,1
P053,R0595,1
P053,R0596,1
P053,R0597,1
P053,R0598,1
P053,R0599,2
P053,R0600,1
P054,R0001,1
P054,R0002,2
P054,R0003,2
P054,R0004,2
P054,R0005,1
P054,R0006,1
P054,R0007,1
P054,R0008,1
P054,R0009,1
P054,R0010,1
P054,R0011,1
P054,R0012,1
P054,R0013,1
P054,R0014,2
P054,R0015,1
P054,R0016,1
P054,R0017,1
P054,R0018,2
P054,R0019,1
P054,R0020,1
P054,R0021,2
P054,R0022,1
P054,R0023,1
P054,R0024,1
P054,R0025,1
P054,R0026,1
P054,R0027,1
P054,R0028,2
P054,R0029,1
P054,R0030,2
P054,R0031,1
P054,R0032,1
P054,R0033,1
P054,R0034,1
P054,R0035,1
P054,R0036,2
P054,R0037,1
P054,R0038,2
P054,R0039,1
P054,R0040,1
P054,R0041,1
P054,R0042,1
P054,R0043,1
P054,R0044,1
P054,R0045,1
P054,R0046,1
P054,R0047,1
P054,R0048,1
P054,R0049,2
P054,R0050,1
P054,R0051,1
P054,R0052,1
P054,R0053,2
P054,R0054,1
P054,R0055,1
P054,R0056,1
P054,R0057,1
P054,R0058,1
P054,R0059,1
P054,R0060,1
P054,R0061,1
P054,R0062,1
P054,R0063,1
P054,R0064,1
P054,R0065,2
P054,R0066,1
P054,R0067,1
P054,R0068,1
P054,R0069,1
P054,R0070,1
P054,R0071,1
P054,R0072,1
P054,R0073,1
P054,R0074,2
P054,R0075,1
P054,R0076,1
P054,R0077,1
P054,R0078,2
P054,R0079,1
P054,R0080,2
P054,R0081,1
P054,R0082,1
P054,R0083,1
P054,R0084,2
P054,R0085,2
P054,R0086,1
P054,R0087,1
P054,R0088,2
P054,R0089,1
P054,R0090,2
P054,R0091,1
P054,R0092,2
P054,R0093,2
P054,R0094,1
P054,R0095,1
P054,R0096,1
P054,R0097,1
P054,R0098,1
P054,R0099,1
P054,R0100,1
P054,R0101,1
P054,R0102,2
P054,R0103,1
P054,R0104,1
P054,R0105,1
P054,R0106,2
P054,R0107,1
P054,R0108,1
P054,R0109,1
P054,R0110,2
P054,R0111,1
P054,R0112,2
P054,R0113,1
P054,R0114,1
P054,R0115,2
P054,R0116,2
P054,R0117,1
P054,R0118,2
P054,R0119,1
P054,R0120,1
P054,R0121,2
P054,R0122,1
P054,R0123,1
P054,R0124,2
P054,R0125,1
P054,R0126,1
P054,R0127,1
P054,R0128,1
P054,R0129,1
P054,R0130,1
P054,R0131,1
P054,R0132,1
P054,R0133,1
P054,R0134,1
P054,R0135,1
P054,R0136,2
P054,R0137,1
P054,R0138,2
P054,R0139,1
P054,R0140,1
P054,R0141,1
P054,R0142,1
P054,R0143,1
P054,R0144,1
P054,R0145,1
P054,R0146,1
P054,R0147,2
P054,R0148,1
P054,R0149,1
P054,R0150,1
P054,R0151,1
P054,R0152,1
P054,R0153,2
P054,R0154,1
P054,R0155,1
P054,R0156,1
P054,R0157,1
P054,R0158,2
P054,R0159,1
P054,R0160,2
P054,R0161,1
P054,R0162,1
P054,R0163,1
P054,R0164,2
P054,R0165,1
P054,R0166,1
P054,R0167,2
P054,R0168,2
P054,R0169,2
P054,R0170,2
P054,R0171,1
P054,R0172,1
P054,R0173,2
P054,R0174,1
P054,R0175,1
P054,R0176,2
P054,R0177,1
P054,R0178,1
P054,R0179,1
P054,R0180,1
P054,R0181,1
P054,R0182,1
P054,R0183,1
P054,R0184,1
P054,R0185,1
P054,R0186,1
P054,R0187,1
P054,R0188,1
P054,R0189,1
P054,R0190,1
P054,R0191,1
P054,R0192,1
P054,R0193,1
P054,R0194,2
P054,R0195,2
P054,R0196,1
P054,R0197,1
P054,R0198,2
P054,R0199,1
P054,R0200,1
P054,R0201,2
P054,R0202,1
P054,R0203,1
P054,R0204,2
P054,R0205,2
P054,R0206,2
P054,R0207,1
P054,R0208,1
P054,R0209,2
P054,R0210,2
P054,R0211,1
P054,R0212,1
P054,R0213,2
P054,R0214,2
P054,R0215,2
P054,R0216,1
P054,R0217,1
P054,R0218,1
P054,R0219,1
P054,R0220,1
P054,R0221,2
P054,R0222,1
P054,R0223,1
P054,R0224,2
P054,R0225,1
P054,R0226,1
P054,R0227,1
P054,R0228,2
P054,R0229,2
P054,R0230,1
P054,R0231,1
P054,R0232,1
P054,R0233,2
P054,R0234,2
P054,R0235,1
P054,R0236,1
P054,R0237,2
P054,R0238,1
P054,R0239,2
P054,R0240,2
P054,R0241,1
P054,R0242,1
P054,R0243,1
P054,R0244,1
P054,R0245,2
P054,R0246,2
P054,R0247,2
P054,R0248,1
P054,R0249,1
P054,R0250,1
P054,R0251,2
P054,R0252,1
P054,R0253,1
P054,R0254,1
P054,R0255,1
P054,R0256,1
P054,R0257,1
P054,R0258,1
P054,R0259,1
P054,R0260,2
P054,R0261,1
P054,R0262,1
P054,R0263,1
P054,R0264,2
P054,R0265,2
P054,R0266,1
P054,R0267,1
P054,R0268,1
P054,R0269,1
P054,R0270,1
P054,R0271,1
P054,R0272,2
P054,R0273,1
P054,R0274,1
P054,R0275,1
P054,R0276,1
P054,R0277,1
P054,R0278,1
P054,R0279,1
P054,R0280,2
P054,R0281,2
P054,R0282,1
P054,R0283,1
P054,R0284,1
P054,R0285,1
P054,R0286,1
P054,R0287,1
P054,R0288,2
P054,R0289,1
P054,R0290,2
P054,R0291,1
P054,R0292,1
P054,R0293,1
P054,R0294,2
P054,R0295,1
P054,R0296,2
P054,R0297,1
P054,R0298,2
P054,R0299,2
P054,R0300,1
P054,R0301,1
P054,R0302,2
P054,R0303,1
P054,R0304,1
P054,R0305,2
P054,R0306,1
P054,R0307,2
P054,R0308,2
P054,R0309,1
P054,R0310,1
P054,R0311,1
P054,R0312,1
P054,R0313,2
P054,R0314,2
P054,R0315,1
P054,R0316,1
P054,R0317,1
P054,R0318,2
P054,R0319,2
P054,R0320,1
P054,R0321,1
P054,R0322,1
P054,R0323,1
P054,R0324,2
P054,R0325,2
P054,R0326,1
P054,R0327,1
P054,R0328,1
P054,R0329,2
P054,R0330,1
P054,R0331,2
P054,R0332,1
P054,R0333,1
P054,R0334,2
P054,R0335,1
P054,R0336,1
P054,R0337,1
P054,R0338,2
P054,R0339,1
P054,R0340,1
P054,R0341,1
P054,R0342,1
P054,R0343,1
P054,R0344,1
P054,R0345,1
P054,R0346,2
P054,R0347,1
P054,R0348,1
P054,R0349,1
P054,R0350,2
P054,R0351,1
P054,R0352,2
P054,R0353,1
P054,R0354,1
P054,R0355,1
P054,R0356,2
P054,R0357,1
P054,R0358,1
P054,R0359,1
P054,R0360,2
P054,R0361,1
P054,R0362,1
P054,R0363,2
P054,R0364,1
P054,R0365,1
P054,R0366,1
P054,R0367,1
P054,R0368,1
P054,R0369,2
P054,R0370,1
P054,R0371,1
P054,R0372,2
P054,R0373,2
P054,R0374,1
P054,R0375,1
P054,R0376,1
P054,R0377,1
P054,R0378,1
P054,R0379,1
P054,R0380,1
P054,R0381,1
P054,R0382,1
P054,R0383,1
P054,R0384,1
P054,R0385,1
P054,R0386,1
P054,R0387,1
P054,R0388,1
P054,R0389,1
P054,R0390,2
P054,R0391,1
P054,R0392,2
P054,R0393,2
P054,R0394,1
P054,R0395,2
P054,R0396,1
P054,R0397,1
P054,R0398,1
P054,R0399,1
P054,R0400,1
P054,R0401,1
P054,R0402,1
P054,R0403,1
P054,R0404,2
P054,R0405,1
P054,R0406,2
P054,R0407,1
P054,R0408,1
P054,R0409,1
P054,R0410,2
P054,R0411,1
P054,R0412,1
P054,R0413,2
P054,R0414,2
P054,R0415,1
P054,R0416,2
P054,R0417,1
P054,R0418,1
P054,R0419,1
P054,R0420,1
P054,R0421,1
P054,R0422,1
P054,R0423,1
P054,R0424,1
P054,R0425,2
P054,R0426,1
P054,R0427,1
P054,R0428,1
P054,R0429,2
P054,R0430,1
P054,R0431,1
P054,R0432,2
P054,R0433,1
P054,R0434,1
P054,R0435,1
P054,R0436,2
P054,R0437,1
P054,R0438,1
P054,R0439,1
P054,R0440,1
P054,R0441,1
P054,R0442,1
P054,R0443,2
P054,R0444,2
P054,R0445,1
P054,R0446,1
P054,R0447,1
P054,R0448,1
P054,R0449,1
P054,R0450,2
P054,R0451,1
P054,R0452,1
P054,R0453,1
P054,R0454,2
P054,R0455,1
P054,R0456,1
P054,R0457,1
P054,R0458,2
P054,R0459,1
P054,R0460,1
P054,R0461,1
P054,R0462,1
P054,R0463,2
P054,R0464,2
P054,R0465,1
P054,R0466,1
P054,R0467,1
P054,R0468,2
P054,R0469,1
P054,R0470,1
P054,R0471,1
P054,R0472,1
P054,R0473,1
P054,R0474,1
P054,R0475,1
P054,R0476,2
P054,R0477,1
P054,R0478,2
P054,R0479,2
P054,R0480,2
P054,R0481,1
P054,R0482,1
P054,R0483,1
P054,R0484,1
P054,R0485,1
P054,R0486,1
P054,R0487,1
P054,R0488,1
P054,R0489,1
P054,R0490,1
P054,R0491,1
P054,R0492,1
P054,R0493,1
P054,R0494,1
P054,R0495,1
P054,R0496,1
P054,R0497,1
P054,R0498,2
P054,R0499,2
P054,R0500,1
P054,R0501,1
P054,R0502,2
P054,R0503,2
P054,R0504,1
P054,R0505,1
P054,R0506,1
P054,R0507,2
P054,R0508,2
P054,R0509,1
P054,R0510,2
P054,R0511,1
P054,R0512,2
P054,R0513,2
P054,R0514,2
P054,R0515,1
P054,R0516,2
P054,R0517,1
P054,R0518,1
P054,R0519,2
P054,R0520,1
P054,R0521,2
P054,R0522,2
P054,R0523,1
P054,R0524,1
P054,R0525,1
P054,R0526,1
P054,R0527,1
P054,R0528,1
P054,R0529,1
P054,R0530,2
P054,R0531,1
P054,R0532,1
P054,R0533,1
P054,R0534,1
P054,R0535,1
P054,R0536,2
P054,R0537,1
P054,R0538,2
P054,R0539,1
P054,R0540,1
P054,R0541,2
P054,R0542,1
P054,R0543,1
P054,R0544,1
P054,R0545,2
P054,R0546,2
P054,R0547,1
P054,R0548,1
P054,R0549,2
P054,R0550,2
P054,R0551,1
P054,R0552,1
P054,R0553,1
P054,R0554,2
P054,R0555,1
P054,R0556,1
P054,R0557,1
P054,R0558,1
P054,R0559,1
P054,R0560,1
P054,R0561,1
P054,R0562,2
P054,R0563,1
P054,R0564,1
P054,R0565,1
P054,R0566,1
P054,R0567,1
P054,R0568,2
P054,R0569,2
P054,R0570,2
P054,R0571,1
P054,R0572,1
P054,R0573,1
P054,R0574,1
P054,R0575,1
P054,R0576,2
P054,R0577,1
P054,R0578,2
P054,R0579,2
P054,R0580,2
P054,R0581,1
P054,R0582,1
P054,R0583,1
P054,R0584,1
P054,R0585,1
P054,R0586,2
P054,R0587,1
P054,R0588,1
P054,R0589,1
P054,R0590,1
P054,R0591,1
P054,R0592,1
P054,R0593,1
P054,R0594,1
P054,R0595,1
P054,R0596,1
P054,R0597,1
P054,R0598,2
P054,R0599,1
P054,R0600,1
P055,R0001,2
P055,R0002,0
P055,R0003,1
P055,R0004,0
P055,R0005,2
P055,R0006,1
P055,R0007,1
P055,R0008,1
P055,R0009,0
P055,R0010,1
P055,R0011,0
P055,R0012,1
P055,R0013,1
P055,R0014,0
P055,R0015,0
P055,R0016,2
P055,R0017,1
P055,R0018,1
P055,R0019,1
P055,R0020,2
P055,R0021,0
P055,R0022,0
P055,R0023,1
P055,R0024,0
P055,R0025,0
P055,R0026,2
P055,R0027,1
P055,R0028,0
P055,R0029,1
P055,R0030,1
P055,R0031,2
P055,R0032,0
P055,R0033,2
P055,R0034,2
P055,R0035,1
P055,R0036,1
P055,R0037,0
P055,R0038,0
P055,R0039,2
P055,R0040,0
P055,R0041,0
P055,R0042,1
P055,R0043,1
P055,R0044,0
P055,R0045,2
P055,R0046,1
P055,R0047,0
P055,R0048,1
P055,R0049,1
P055,R0050,2
P055,R0051,0
P055,R0052,0
P055,R0053,2
P055,R0054,2
P055,R0055,1
P055,R0056,2
P055,R0057,0
P055,R0058,1
P055,R0059,2
P055,R0060,0
P055,R0061,1
P055,R0062,0
P055,R0063,1
P055,R0064,0
P055,R0065,0
P055,R0066,0
P055,R0067,2
P055,R0068,1
P055,R0069,0
P055,R0070,2
P055,R0071,1
P055,R0072,1
P055,R0073,1
P055,R0074,1
P055,R0075,1
P055,R0076,1
P055,R0077,0
P055,R0078,1
P055,R0079,1
P055,R0080,1
P055,R0081,2
P055,R0082,0
P055,R0083,0
P055,R0084,1
P055,R0085,1
P055,R0086,1
P055,R0087,2
P055,R0088,1
P055,R0089,2
P055,R0090,1
P055,R0091,2
P055,R0092,0
P055,R0093,1
P055,R0094,0
P055,R0095,2
P055,R0096,0
P055,R0097,1
P055,R0098,0
P055,R0099,0
P055,R0100,1
P055,R0101,1
P055,R0102,1
P055,R0103,1
P055,R0104,0
P055,R0105,2
P055,R0106,0
P055,R0107,0
P055,R0108,1
P055,R0109,0
P055,R0110,1
P055,R0111,2
P055,R0112,0
P055,R0113,1
P055,R0114,1
P055,R0115,0
P055,R0116,0
P055,R0117,1
P055,R0118,1
P055,R0119,0
P055,R0120,1
P055,R0121,1
P055,R0122,0
P055,R0123,1
P055,R0124,1
P055,R0125,0
P055,R0126,1
P055,R0127,2
P055,R0128,2
P055,R0129,2
P055,R0130,2
P055,R0131,1
P055,R0132,0
P055,R0133,0
P055,R0134,1
P055,R0135,0
P055,R0136,1
P055,R0137,0
P055,R0138,0
P055,R0139,2
P055,R0140,2
P055,R0141,0
P055,R0142,1
P055,R0143,1
P055,R0144,1
P055,R0145,2
P055,R0146,0
P055,R0147,0
P055,R0148,1
P055,R0149,1
P055,R0150,1
P055,R0151,2
P055,R0152,2
P055,R0153,1
P055,R0154,1
P055,R0155,0
P055,R0156,1
P055,R0157,1
P055,R0158,2
P055,R0159,1
P055,R0160,0
P055,R0161,1
P055,R0162,2
P055,R0163,2
P055,R0164,2
P055,R0165,0
P055,R0166,0
P055,R0167,1
P055,R0168,1
P055,R0169,1
P055,R0170,1
P055,R0171,1
P055,R0172,0
P055,R0173,2
P055,R0174,1
P055,R0175,2
P055,R0176,1
P055,R0177,1
P055,R0178,2
P055,R0179,1
P055,R0180,0
P055,R0181,1
P055,R0182,2
P055,R0183,0
P055,R0184,0
P055,R0185,1
P055,R0186,2
P055,R0187,1
P055,R0188,0
P055,R0189,0
P055,R0190,0
P055,R0191,1
P055,R0192,1
P055,R0193,2
P055,R0194,0
P055,R0195,0
P055,R0196,1
P055,R0197,1
P055,R0198,1
P055,R0199,1
P055,R0200,1
P055,R0201,2
P055,R0202,0
P055,R0203,1
P055,R0204,1
P055,R0205,1
P055,R0206,1
P055,R0207,2
P055,R0208,1
P055,R0209,0
P055,R0210,0
P055,R0211,1
P055,R0212,0
P055,R0213,0
P055,R0214,0
P055,R0215,1
P055,R0216,1
P055,R0217,0
P055,R0218,0
P055,R0219,1
P055,R0220,1
P055,R0221,1
P055,R0222,0
P055,R0223,1
P055,R0224,1
P055,R0225,0
P055,R0226,0
P055,R0227,1
P055,R0228,1
P055,R0229,0
P055,R0230,1
P055,R0231,2
P055,R0232,1
P055,R0233,0
P055,R0234,1
P055,R0235,0
P055,R0236,2
P055,R0237,2
P055,R0238,1
P055,R0239,1
P055,R0240,1
P055,R0241,1
P055,R0242,1
P055,R0243,2
P055,R0244,2
P055,R0245,1
P055,R0246,2
P055,R0247,1
P055,R0248,1
P055,R0249,0
P055,R0250,1
P055,R0251,1
P055,R0252,0
P055,R0253,1
P055,R0254,0
P055,R0255,2
P055,R0256,0
P055,R0257,2
P055,R0258,2
P055,R0259,1
P055,R0260,1
P055,R0261,0
P055,R0262,2
P055,R0263,1
P055,R0264,1
P055,R0265,2
P055,R0266,1
P055,R0267,0
P055,R0268,0
P055,R0269,1
P055,R0270,1
P055,R0271,1
P055,R0272,0
P055,R0273,1
P055,R0274,0
P055,R0275,1
P055,R0276,0
P055,R0277,0
P055,R0278,1
P055,R0279,1
P055,R0280,0
P055,R0281,1
P055,R0282,2
P055,R0283,2
P055,R0284,2
P055,R0285,0
P055,R0286,0
P055,R0287,2
P055,R0288,2
P055,R0289,2
P055,R0290,1
P055,R0291,1
P055,R0292,1
P055,R0293,0
P055,R0294,1
P055,R0295,0
P055,R0296,0
P055,R0297,1
P055,R0298,1
P055,R0299,1
P055,R0300,2
P055,R0301,0
P055,R0302,1
P055,R0303,2
P055,R0304,2
P055,R0305,1
P055,R0306,1
P055,R0307,1
P055,R0308,0
P055,R0309,1
P055,R0310,1
P055,R0311,2
P055,R0312,0
P055,R0313,1
P055,R0314,0
P055,R0315,1
P055,R0316,0
P055,R0317,0
P055,R0318,0
P055,R0319,0
P055,R0320,2
P055,R0321,2
P055,R0322,2
P055,R0323,1
P055,R0324,1
P055,R0325,1
P055,R0326,0
P055,R0327,1
P055,R0328,1
P055,R0329,1
P055,R0330,0
P055,R0331,0
P055,R0332,1
P055,R0333,1
P055,R0334,1
P055,R0335,1
P055,R0336,1
P055,R0337,2
P055,R0338,1
P055,R0339,1
P055,R0340,2
P055,R0341,2
P055,R0342,1
P055,R0343,0
P055,R0344,0
P055,R0345,0
P055,R0346,0
P055,R0347,0
P055,R0348,1
P055,R0349,0
P055,R0350,1
P055,R0351,2
P055,R0352,1
P055,R0353,2
P055,R0354,1
P055,R0355,1
P055,R0356,2
P055,R0357,1
P055,R0358,1
P055,R0359,2
P055,R0360,1
P055,R0361,0
P055,R0362,2
P055,R0363,0
P055,R0364,0
P055,R0365,1
P055,R0366,0
P055,R0367,2
P055,R0368,1
P055,R0369,1
P055,R0370,2
P055,R0371,0
P055,R0372,1
P055,R0373,1
P055,R0374,0
P055,R0375,0
P055,R0376,2
P055,R0377,0
P055,R0378,1
P055,R0379,0
P055,R0380,1
P055,R0381,0
P055,R0382,0
P055,R0383,1
P055,R0384,1
P055,R0385,0
P055,R0386,2
P055,R0387,1
P055,R0388,0
P055,R0389,1
P055,R0390,1
P055,R0391,0
P055,R0392,1
P055,R0393,1
P055,R0394,0
P055,R0395,0
P055,R0396,1
P055,R0397,2
P055,R0398,1
P055,R0399,1
P055,R0400,0
P055,R0401,1
P055,R0402,0
P055,R0403,2
P055,R0404,1
P055,R0405,2
P055,R0406,0
P055,R0407,1
P055,R0408,0
P055,R0409,0
P055,R0410,0
P055,R0411,2
P055,R0412,1
P055,R0413,2
P055,R0414,1
P055,R0415,0
P055,R0416,0
P055,R0417,1
P055,R0418,0
P055,R0419,1
P055,R0420,2
P055,R0421,2
P055,R0422,1
P055,R0423,1
P055,R0424,0
P055,R0425,1
P055,R0426,1
P055,R0427,1
P055,R0428,0
P055,R0429,1
P055,R0430,2
P055,R0431,2
P055,R0432,1
P055,R0433,0
P055,R0434,0
P055,R0435,2
P055,R0436,1
P055,R0437,1
P055,R0438,1
P055,R0439,2
P055,R0440,2
P055,R0441,0
P055,R0442,1
P055,R0443,1
P055,R0444,1
P055,R0445,1
P055,R0446,1
P055,R0447,2
P055,R0448,2
P055,R0449,1
P055,R0450,1
P055,R0451,2
P055,R0452,0
P055,R0453,0
P055,R0454,0
P055,R0455,0
P055,R0456,1
P055,R0457,2
P055,R0458,1
P055,R0459,1
P055,R0460,0
P055,R0461,1
P055,R0462,1
P055,R0463,0
P055,R0464,0
P055,R0465,1
P055,R0466,0
P055,R0467,1
P055,R0468,1
P055,R0469,1
P055,R0470,1
P055,R0471,1
P055,R0472,2
P055,R0473,0
P055,R0474,2
P055,R0475,1
P055,R0476,2
P055,R0477,1
P055,R0478,2
P055,R0479,2
P055,R0480,0
P055,R0481,2
P055,R0482,0
P055,R0483,1
P055,R0484,2
P055,R0485,1
P055,R0486,2
P055,R0487,1
P055,R0488,0
P055,R0489,0
P055,R0490,0
P055,R0491,1
P055,R0492,0
P055,R0493,0
P055,R0494,0
P055,R0495,1
P055,R0496,0
P055,R0497,0
P055,R0498,2
P055,R0499,0
P055,R0500,0
P055,R0501,2
P055,R0502,1
P055,R0503,0
P055,R0504,0
P055,R0505,1
P055,R0506,1
P055,R0507,1
P055,R0508,0
P055,R0509,1
P055,R0510,0
P055,R0511,1
P055,R0512,0
P055,R0513,1
P055,R0514,1
P055,R0515,0
P055,R0516,2
P055,R0517,0
P055,R0518,1
P055,R0519,0
P055,R0520,1
P055,R0521,0
P055,R0522,0
P055,R0523,2
P055,R0524,0
P055,R0525,0
P055,R0526,0
P055,R0527,1
P055,R0528,1
P055,R0529,2
P055,R0530,0
P055,R0531,1
P055,R0532,1
P055,R0533,1
P055,R0534,1
P055,R0535,1
P055,R0536,0
P055,R0537,2
P055,R0538,0
P055,R0539,2
P055,R0540,1
P055,R0541,1
P055,R0542,1
P055,R0543,1
P055,R0544,0
P055,R0545,1
P055,R0546,1
P055,R0547,1
P055,R0548,0
P055,R0549,1
P055,R0550,1
P055,R0551,0
P055,R0552,2
P055,R0553,0
P055,R0554,1
P055,R0555,1
P055,R0556,2
P055,R0557,0
P055,R0558,1
P055,R0559,2
P055,R0560,2
P055,R0561,0
P055,R0562,1
P055,R0563,0
P055,R0564,1
P055,R0565,0
P055,R0566,2
P055,R0567,1
P055,R0568,1
P055,R0569,2
P055,R0570,2
P055,R0571,2
P055,R0572,1
P055,R0573,0
P055,R0574,2
P055,R0575,0
P055,R0576,1
P055,R0577,1
P055,R0578,0
P055,R0579,1
P055,R0580,2
P055,R0581,0
P055,R0582,2
P055,R0583,2
P055,R0584,0
P055,R0585,2
P055,R0586,1
P055,R0587,2
P055,R0588,2
P055,R0589,1
P055,R0590,1
P055,R0591,0
P055,R0592,0
P055,R0593,1
P055,R0594,0
P055,R0595,0
P055,R0596,1
P055,R0597,1
P055,R0598,1
P055,R0599,2
P055,R0600,1
P056,R0001,1
P056,R0002,0
P056,R0003,2
P056,R0004,2
P056,R0005,0
P056,R0006,0
P056,R0007,2
P056,R0008,2
P056,R0009,0
P056,R0010,1
P056,R0011,0
P056,R0012,2
P056,R0013,2
P056,R0014,0
P056,R0015,0
P056,R0016,1
P056,R0017,1
P056,R0018,1
P056,R0019,1
P056,R0020,1
P056,R0021,0
P056,R0022,0
P056,R0023,2
P056,R0024,0
P056,R0025,0
P056,R0026,2
P056,R0027,1
P056,R0028,0
P056,R0029,2
P056,R0030,2
P056,R0031,2
P056,R0032,0
P056,R0033,1
P056,R0034,0
P056,R0035,2
P056,R0036,2
P056,R0037,0
P056,R0038,0
P056,R0039,0
P056,R0040,0
P056,R0041,0
P056,R0042,0
P056,R0043,1
P056,R0044,0
P056,R0045,0
P056,R0046,1
P056,R0047,0
P056,R0048,1
P056,R0049,2
P056,R0050,1
P056,R0051,0
P056,R0052,0
P056,R0053,2
P056,R0054,2
P056,R0055,1
P056,R0056,0
P056,R0057,0
P056,R0058,2
P056,R0059,0
P056,R0060,0
P056,R0061,1
P056,R0062,0
P056,R0063,0
P056,R0064,0
P056,R0065,0
P056,R0066,0
P056,R0067,0
P056,R0068,0
P056,R0069,0
P056,R0070,2
P056,R0071,2
P056,R0072,0
P056,R0073,2
P056,R0074,2
P056,R0075,2
P056,R0076,1
P056,R0077,0
P056,R0078,1
P056,R0079,2
P056,R0080,1
P056,R0081,0
P056,R0082,0
P056,R0083,0
P056,R0084,0
P056,R0085,0
P056,R0086,1
P056,R0087,0
P056,R0088,2
P056,R0089,0
P056,R0090,0
P056,R0091,0
P056,R0092,1
P056,R0093,2
P056,R0094,0
P056,R0095,0
P056,R0096,0
P056,R0097,0
P056,R0098,0
P056,R0099,0
P056,R0100,2
P056,R0101,2
P056,R0102,2
P056,R0103,2
P056,R0104,0
P056,R0105,0
P056,R0106,0
P056,R0107,0
P056,R0108,2
P056,R0109,0
P056,R0110,2
P056,R0111,2
P056,R0112,2
P056,R0113,0
P056,R0114,2
P056,R0115,0
P056,R0116,0
P056,R0117,1
P056,R0118,0
P056,R0119,0
P056,R0120,1
P056,R0121,0
P056,R0122,0
P056,R0123,1
P056,R0124,1
P056,R0125,0
P056,R0126,2
P056,R0127,0
P056,R0128,0
P056,R0129,0
P056,R0130,0
P056,R0131,2
P056,R0132,0
P056,R0133,0
P056,R0134,2
P056,R0135,0
P056,R0136,2
P056,R0137,0
P056,R0138,0
P056,R0139,2
P056,R0140,0
P056,R0141,0
P056,R0142,1
P056,R0143,0
P056,R0144,2
P056,R0145,0
P056,R0146,0
P056,R0147,0
P056,R0148,2
P056,R0149,2
P056,R0150,2
P056,R0151,1
P056,R0152,1
P056,R0153,0
P056,R0154,1
P056,R0155,0
P056,R0156,1
P056,R0157,2
P056,R0158,2
P056,R0159,2
P056,R0160,0
P056,R0161,1
P056,R0162,2
P056,R0163,0
P056,R0164,0
P056,R0165,0
P056,R0166,0
P056,R0167,2
P056,R0168,2
P056,R0169,2
P056,R0170,2
P056,R0171,2
P056,R0172,0
P056,R0173,2
P056,R0174,2
P056,R0175,0
P056,R0176,2
P056,R0177,1
P056,R0178,0
P056,R0179,2
P056,R0180,0
P056,R0181,2
P056,R0182,0
P056,R0183,0
P056,R0184,0
P056,R0185,2
P056,R0186,0
P056,R0187,2
P056,R0188,0
P056,R0189,0
P056,R0190,2
P056,R0191,1
P056,R0192,2
P056,R0193,0
P056,R0194,0
P056,R0195,0
P056,R0196,2
P056,R0197,2
P056,R0198,2
P056,R0199,1
P056,R0200,2
P056,R0201,2
P056,R0202,0
P056,R0203,2
P056,R0204,2
P056,R0205,2
P056,R0206,2
P056,R0207,1
P056,R0208,0
P056,R0209,0
P056,R0210,0
P056,R0211,1
P056,R0212,0
P056,R0213,0
P056,R0214,0
P056,R0215,2
P056,R0216,2
P056,R0217,0
P056,R0218,0
P056,R0219,0
P056,R0220,2
P056,R0221,0
P056,R0222,0
P056,R0223,1
P056,R0224,2
P056,R0225,0
P056,R0226,0
P056,R0227,1
P056,R0228,2
P056,R0229,0
P056,R0230,1
P056,R0231,0
P056,R0232,0
P056,R0233,0
P056,R0234,2
P056,R0235,0
P056,R0236,0
P056,R0237,0
P056,R0238,2
P056,R0239,2
P056,R0240,2
P056,R0241,0
P056,R0242,1
P056,R0243,0
P056,R0244,2
P056,R0245,1
P056,R0246,2
P056,R0247,2
P056,R0248,2
P056,R0249,0
P056,R0250,1
P056,R0251,2
P056,R0252,0
P056,R0253,2
P056,R0254,0
P056,R0255,0
P056,R0256,0
P056,R0257,1
P056,R0258,0
P056,R0259,2
P056,R0260,2
P056,R0261,0
P056,R0262,0
P056,R0263,1
P056,R0264,0
P056,R0265,2
P056,R0266,2
P056,R0267,0
P056,R0268,0
P056,R0269,2
P056,R0270,2
P056,R0271,1
P056,R0272,0
P056,R0273,0
P056,R0274,0
P056,R0275,2
P056,R0276,0
P056,R0277,0
P056,R0278,1
P056,R0279,0
P056,R0280,0
P056,R0281,2
P056,R0282,1
P056,R0283,1
P056,R0284,0
P056,R0285,0
P056,R0286,0
P056,R0287,0
P056,R0288,0
P056,R0289,0
P056,R0290,2
P056,R0291,2
P056,R0292,2
P056,R0293,0
P056,R0294,1
P056,R0295,0
P056,R0296,2
P056,R0297,1
P056,R0298,2
P056,R0299,2
P056,R0300,0
P056,R0301,0
P056,R0302,2
P056,R0303,2
P056,R0304,0
P056,R0305,2
P056,R0306,1
P056,R0307,2
P056,R0308,0
P056,R0309,1
P056,R0310,1
P056,R0311,0
P056,R0312,0
P056,R0313,2
P056,R0314,0
P056,R0315,2
P056,R0316,0
P056,R0317,0
P056,R0318,0
P056,R0319,0
P056,R0320,0
P056,R0321,2
P056,R0322,0
P056,R0323,2
P056,R0324,2
P056,R0325,0
P056,R0326,0
P056,R0327,2
P056,R0328,2
P056,R0329,2
P056,R0330,0
P056,R0331,0
P056,R0332,2
P056,R0333,2
P056,R0334,0
P056,R0335,2
P056,R0336,2
P056,R0337,1
P056,R0338,0
P056,R0339,1
P056,R0340,2
P056,R0341,0
P056,R0342,2
P056,R0343,0
P056,R0344,0
P056,R0345,0
P056,R0346,0
P056,R0347,0
P056,R0348,2
P056,R0349,0
P056,R0350,0
P056,R0351,2
P056,R0352,0
P056,R0353,0
P056,R0354,2
P056,R0355,2
P056,R0356,0
P056,R0357,1
P056,R0358,1
P056,R0359,0
P056,R0360,2
P056,R0361,0
P056,R0362,0
P056,R0363,0
P056,R0364,0
P056,R0365,0
P056,R0366,0
P056,R0367,1
P056,R0368,1
P056,R0369,2
P056,R0370,0
P056,R0371,0
P056,R0372,2
P056,R0373,2
P056,R0374,0
P056,R0375,0
P056,R0376,0
P056,R0377,0
P056,R0378,1
P056,R0379,0
P056,R0380,2
P056,R0381,0
P056,R0382,0
P056,R0383,0
P056,R0384,0
P056,R0385,0
P056,R0386,0
P056,R0387,2
P056,R0388,0
P056,R0389,2
P056,R0390,1
P056,R0391,0
P056,R0392,2
P056,R0393,2
P056,R0394,0
P056,R0395,0
P056,R0396,1
P056,R0397,0
P056,R0398,0
P056,R0399,1
P056,R0400,0
P056,R0401,2
P056,R0402,0
P056,R0403,0
P056,R0404,1
P056,R0405,0
P056,R0406,0
P056,R0407,2
P056,R0408,0
P056,R0409,0
P056,R0410,0
P056,R0411,1
P056,R0412,1
P056,R0413,2
P056,R0414,2
P056,R0415,0
P056,R0416,0
P056,R0417,2
P056,R0418,0
P056,R0419,1
P056,R0420,0
P056,R0421,2
P056,R0422,0
P056,R0423,0
P056,R0424,0
P056,R0425,2
P056,R0426,2
P056,R0427,2
P056,R0428,0
P056,R0429,2
P056,R0430,0
P056,R0431,1
P056,R0432,2
P056,R0433,1
P056,R0434,0
P056,R0435,0
P056,R0436,2
P056,R0437,0
P056,R0438,2
P056,R0439,0
P056,R0440,1
P056,R0441,0
P056,R0442,1
P056,R0443,2
P056,R0444,2
P056,R0445,0
P056,R0446,1
P056,R0447,2
P056,R0448,2
P056,R0449,0
P056,R0450,1
P056,R0451,1
P056,R0452,0
P056,R0453,0
P056,R0454,0
P056,R0455,0
P056,R0456,1
P056,R0457,2
P056,R0458,2
P056,R0459,2
P056,R0460,0
P056,R0461,2
P056,R0462,0
P056,R0463,0
P056,R0464,0
P056,R0465,2
P056,R0466,0
P056,R0467,0
P056,R0468,0
P056,R0469,1
P056,R0470,0
P056,R0471,2
P056,R0472,0
P056,R0473,0
P056,R0474,2
P056,R0475,2
P056,R0476,0
P056,R0477,2
P056,R0478,0
P056,R0479,2
P056,R0480,0
P056,R0481,0
P056,R0482,0
P056,R0483,1
P056,R0484,2
P056,R0485,2
P056,R0486,0
P056,R0487,1
P056,R0488,0
P056,R0489,0
P056,R0490,0
P056,R0491,1
P056,R0492,0
P056,R0493,0
P056,R0494,0
P056,R0495,2
P056,R0496,1
P056,R0497,0
P056,R0498,0
P056,R0499,0
P056,R0500,0
P056,R0501,0
P056,R0502,2
P056,R0503,0
P056,R0504,0
P056,R0505,2
P056,R0506,0
P056,R0507,0
P056,R0508,0
P056,R0509,1
P056,R0510,0
P056,R0511,1
P056,R0512,0
P056,R0513,0
P056,R0514,2
P056,R0515,0
P056,R0516,2
P056,R0517,0
P056,R0518,2
P056,R0519,0
P056,R0520,0
P056,R0521,0
P056,R0522,0
P056,R0523,1
P056,R0524,0
P056,R0525,0
P056,R0526,0
P056,R0527,1
P056,R0528,2
P056,R0529,0
P056,R0530,0
P056,R0531,1
P056,R0532,2
P056,R0533,1
P056,R0534,1
P056,R0535,2
P056,R0536,0
P056,R0537,2
P056,R0538,0
P056,R0539,0
P056,R0540,2
P056,R0541,2
P056,R0542,1
P056,R0543,1
P056,R0544,0
P056,R0545,0
P056,R0546,2
P056,R0547,2
P056,R0548,0
P056,R0549,0
P056,R0550,2
P056,R0551,0
P056,R0552,0
P056,R0553,0
P056,R0554,2
P056,R0555,2
P056,R0556,0
P056,R0557,0
P056,R0558,2
P056,R0559,2
P056,R0560,0
P056,R0561,0
P056,R0562,2
P056,R0563,0
P056,R0564,2
P056,R0565,1
P056,R0566,0
P056,R0567,1
P056,R0568,2
P056,R0569,2
P056,R0570,2
P056,R0571,0
P056,R0572,1
P056,R0573,0
P056,R0574,2
P056,R0575,0
P056,R0576,2
P056,R0577,1
P056,R0578,0
P056,R0579,0
P056,R0580,0
P056,R0581,0
P056,R0582,1
P056,R0583,0
P056,R0584,0
P056,R0585,2
P056,R0586,2
P056,R0587,0
P056,R0588,0
P056,R0589,2
P056,R0590,1
P056,R0591,0
P056,R0592,0
P056,R0593,2
P056,R0594,0
P056,R0595,0
P056,R0596,0
P056,R0597,2
P056,R0598,1
P056,R0599,2
P056,R0600,2
P057,R0001,2
P057,R0002,0
P057,R0003,2
P057,R0004,1
P057,R0005,1
P057,R0006,1
P057,R0007,1
P057,R0008,2
P057,R0009,0
P057,R0010,1
P057,R0011,0
P057,R0012,1
P057,R0013,2
P057,R0014,0
P057,R0015,0
P057,R0016,1
P057,R0017,1
P057,R0018,1
P057,R0019,2
P057,R0020,1
P057,R0021,0
P057,R0022,0
P057,R0023,2
P057,R0024,0
P057,R0025,0
P057,R0026,1
P057,R0027,2
P057,R0028,0
P057,R0029,1
P057,R0030,2
P057,R0031,1
P057,R0032,0
P057,R0033,1
P057,R0034,1
P057,R0035,2
P057,R0036,2
P057,R0037,0
P057,R0038,0
P057,R0039,1
P057,R0040,0
P057,R0041,0
P057,R0042,1
P057,R0043,1
P057,R0044,0
P057,R0045,1
P057,R0046,1
P057,R0047,0
P057,R0048,2
P057,R0049,1
P057,R0050,2
P057,R0051,0
P057,R0052,0
P057,R0053,2
P057,R0054,1
P057,R0055,2
P057,R0056,1
P057,R0057,0
P057,R0058,1
P057,R0059,1
P057,R0060,0
P057,R0061,2
P057,R0062,0
P057,R0063,1
P057,R0064,0
P057,R0065,0
P057,R0066,1
P057,R0067,1
P057,R0068,1
P057,R0069,0
P057,R0070,1
P057,R0071,2
P057,R0072,1
P057,R0073,1
P057,R0074,1
P057,R0075,1
P057,R0076,2
P057,R0077,0
P057,R0078,1
P057,R0079,2
P057,R0080,1
P057,R0081,1
P057,R0082,0
P057,R0083,0
P057,R0084,1
P057,R0085,1
P057,R0086,1
P057,R0087,1
P057,R0088,2
P057,R0089,1
P057,R0090,1
P057,R0091,1
P057,R0092,2
P057,R0093,2
P057,R0094,0
P057,R0095,1
P057,R0096,0
P057,R0097,1
P057,R0098,0
P057,R0099,0
P057,R0100,1
P057,R0101,1
P057,R0102,2
P057,R0103,2
P057,R0104,0
P057,R0105,1
P057,R0106,0
P057,R0107,0
P057,R0108,2
P057,R0109,0
P057,R0110,2
P057,R0111,1
P057,R0112,2
P057,R0113,1
P057,R0114,1
P057,R0115,0
P057,R0116,0
P057,R0117,1
P057,R0118,1
P057,R0119,0
P057,R0120,1
P057,R0121,1
P057,R0122,0
P057,R0123,2
P057,R0124,1
P057,R0125,0
P057,R0126,1
P057,R0127,1
P057,R0128,1
P057,R0129,1
P057,R0130,1
P057,R0131,1
P057,R0132,0
P057,R0133,0
P057,R0134,2
P057,R0135,0
P057,R0136,2
P057,R0137,0
P057,R0138,0
P057,R0139,1
P057,R0140,1
P057,R0141,0
P057,R0142,1
P057,R0143,1
P057,R0144,1
P057,R0145,1
P057,R0146,0
P057,R0147,0
P057,R0148,1
P057,R0149,2
P057,R0150,2
P057,R0151,1
P057,R0152,1
P057,R0153,1
P057,R0154,2
P057,R0155,0
P057,R0156,1
P057,R0157,2
P057,R0158,2
P057,R0159,2
P057,R0160,0
P057,R0161,2
P057,R0162,2
P057,R0163,1
P057,R0164,1
P057,R0165,0
P057,R0166,0
P057,R0167,2
P057,R0168,1
P057,R0169,2
P057,R0170,2
P057,R0171,2
P057,R0172,0
P057,R0173,2
P057,R0174,2
P057,R0175,1
P057,R0176,2
P057,R0177,1
P057,R0178,1
P057,R0179,1
P057,R0180,0
P057,R0181,1
P057,R0182,1
P057,R0183,0
P057,R0184,0
P057,R0185,2
P057,R0186,1
P057,R0187,2
P057,R0188,0
P057,R0189,0
P057,R0190,1
P057,R0191,1
P057,R0192,1
P057,R0193,1
P057,R0194,0
P057,R0195,0
P057,R0196,1
P057,R0197,2
P057,R0198,1
P057,R0199,2
P057,R0200,1
P057,R0201,2
P057,R0202,0
P057,R0203,1
P057,R0204,2
P057,R0205,2
P057,R0206,2
P057,R0207,1
P057,R0208,1
P057,R0209,0
P057,R0210,0
P057,R0211,1
P057,R0212,0
P057,R0213,0
P057,R0214,0
P057,R0215,2
P057,R0216,1
P057,R0217,0
P057,R0218,0
P057,R0219,1
P057,R0220,2
P057,R0221,1
P057,R0222,0
P057,R0223,1
P057,R0224,2
P057,R0225,0
P057,R0226,0
P057,R0227,2
P057,R0228,2
P057,R0229,0
P057,R0230,2
P057,R0231,1
P057,R0232,1
P057,R0233,1
P057,R0234,2
P057,R0235,0
P057,R0236,1
P057,R0237,1
P057,R0238,1
P057,R0239,2
P057,R0240,2
P057,R0241,1
P057,R0242,2
P057,R0243,1
P057,R0244,2
P057,R0245,2
P057,R0246,2
P057,R0247,2
P057,R0248,1
P057,R0249,0
P057,R0250,2
P057,R0251,2
P057,R0252,0
P057,R0253,1
P057,R0254,0
P057,R0255,1
P057,R0256,0
P057,R0257,1
P057,R0258,1
P057,R0259,2
P057,R0260,2
P057,R0261,0
P057,R0262,1
P057,R0263,2
P057,R0264,1
P057,R0265,2
P057,R0266,1
P057,R0267,0
P057,R0268,0
P057,R0269,2
P057,R0270,1
P057,R0271,1
P057,R0272,0
P057,R0273,1
P057,R0274,0
P057,R0275,1
P057,R0276,0
P057,R0277,0
P057,R0278,2
P057,R0279,1
P057,R0280,0
P057,R0281,2
P057,R0282,2
P057,R0283,1
P057,R0284,1
P057,R0285,0
P057,R0286,0
P057,R0287,1
P057,R0288,1
P057,R0289,1
P057,R0290,2
P057,R0291,1
P057,R0292,1
P057,R0293,0
P057,R0294,1
P057,R0295,0
P057,R0296,2
P057,R0297,1
P057,R0298,2
P057,R0299,2
P057,R0300,1
P057,R0301,0
P057,R0302,2
P057,R0303,1
P057,R0304,1
P057,R0305,2
P057,R0306,1
P057,R0307,2
P057,R0308,0
P057,R0309,1
P057,R0310,1
P057,R0311,1
P057,R0312,0
P057,R0313,2
P057,R0314,0
P057,R0315,1
P057,R0316,0
P057,R0317,0
P057,R0318,0
P057,R0319,0
P057,R0320,1
P057,R0321,2
P057,R0322,1
P057,R0323,2
P057,R0324,2
P057,R0325,1
P057,R0326,0
P057,R0327,2
P057,R0328,2
P057,R0329,2
P057,R0330,0
P057,R0331,0
P057,R0332,2
P057,R0333,1
P057,R0334,1
P057,R0335,1
P057,R0336,1
P057,R0337,2
P057,R0338,1
P057,R0339,1
P057,R0340,1
P057,R0341,1
P057,R0342,1
P057,R0343,0
P057,R0344,0
P057,R0345,0
P057,R0346,0
P057,R0347,0
P057,R0348,1
P057,R0349,0
P057,R0350,1
P057,R0351,1
P057,R0352,1
P057,R0353,1
P057,R0354,1
P057,R0355,1
P057,R0356,1
P057,R0357,2
P057,R0358,2
P057,R0359,1
P057,R0360,2
P057,R0361,0
P057,R0362,1
P057,R0363,0
P057,R0364,0
P057,R0365,1
P057,R0366,0
P057,R0367,1
P057,R0368,2
P057,R0369,2
P057,R0370,1
P057,R0371,0
P057,R0372,2
P057,R0373,2
P057,R0374,0
P057,R0375,0
P057,R0376,1
P057,R0377,0
P057,R0378,1
P057,R0379,0
P057,R0380,1
P057,R0381,0
P057,R0382,0
P057,R0383,1
P057,R0384,1
P057,R0385,0
P057,R0386,1
P057,R0387,2
P057,R0388,0
P057,R0389,2
P057,R0390,2
P057,R0391,0
P057,R0392,2
P057,R0393,2
P057,R0394,0
P057,R0395,0
P057,R0396,2
P057,R0397,1
P057,R0398,1
P057,R0399,2
P057,R0400,0
P057,R0401,1
P057,R0402,1
P057,R0403,1
P057,R0404,1
P057,R0405,1
P057,R0406,0
P057,R0407,1
P057,R0408,0
P057,R0409,0
P057,R0410,0
P057,R0411,2
P057,R0412,1
P057,R0413,2
P057,R0414,2
P057,R0415,0
P057,R0416,0
P057,R0417,2
P057,R0418,0
P057,R0419,1
P057,R0420,1
P057,R0421,1
P057,R0422,1
P057,R0423,1
P057,R0424,0
P057,R0425,2
P057,R0426,2
P057,R0427,2
P057,R0428,0
P057,R0429,2
P057,R0430,1
P057,R0431,2
P057,R0432,2
P057,R0433,2
P057,R0434,0
P057,R0435,1
P057,R0436,2
P057,R0437,1
P057,R0438,2
P057,R0439,1
P057,R0440,2
P057,R0441,0
P057,R0442,2
P057,R0443,2
P057,R0444,2
P057,R0445,1
P057,R0446,1
P057,R0447,1
P057,R0448,2
P057,R0449,1
P057,R0450,2
P057,R0451,1
P057,R0452,0
P057,R0453,0
P057,R0454,0
P057,R0455,0
P057,R0456,2
P057,R0457,1
P057,R0458,2
P057,R0459,2
P057,R0460,0
P057,R0461,2
P057,R0462,1
P057,R0463,0
P057,R0464,0
P057,R0465,2
P057,R0466,0
P057,R0467,1
P057,R0468,1
P057,R0469,2
P057,R0470,1
P057,R0471,1
P057,R0472,1
P057,R0473,0
P057,R0474,1
P057,R0475,2
P057,R0476,1
P057,R0477,2
P057,R0478,1
P057,R0479,2
P057,R0480,0
P057,R0481,1
P057,R0482,0
P057,R0483,2
P057,R0484,1
P057,R0485,1
P057,R0486,1
P057,R0487,1
P057,R0488,0
P057,R0489,0
P057,R0490,0
P057,R0491,2
P057,R0492,0
P057,R0493,0
P057,R0494,0
P057,R0495,1
P057,R0496,1
P057,R0497,0
P057,R0498,1
P057,R0499,0
P057,R0500,0
P057,R0501,1
P057,R0502,2
P057,R0503,0
P057,R0504,0
P057,R0505,2
P057,R0506,1
P057,R0507,1
P057,R0508,0
P057,R0509,2
P057,R0510,0
P057,R0511,1
P057,R0512,0
P057,R0513,1
P057,R0514,2
P057,R0515,0
P057,R0516,2
P057,R0517,0
P057,R0518,1
P057,R0519,0
P057,R0520,1
P057,R0521,0
P057,R0522,0
P057,R0523,1
P057,R0524,0
P057,R0525,0
P057,R0526,0
P057,R0527,1
P057,R0528,1
P057,R0529,1
P057,R0530,0
P057,R0531,1
P057,R0532,2
P057,R0533,1
P057,R0534,2
P057,R0535,1
P057,R0536,0
P057,R0537,1
P057,R0538,0
P057,R0539,1
P057,R0540,2
P057,R0541,2
P057,R0542,2
P057,R0543,1
P057,R0544,0
P057,R0545,1
P057,R0546,2
P057,R0547,1
P057,R0548,0
P057,R0549,1
P057,R0550,1
P057,R0551,0
P057,R0552,1
P057,R0553,0
P057,R0554,2
P057,R0555,1
P057,R0556,1
P057,R0557,0
P057,R0558,1
P057,R0559,1
P057,R0560,1
P057,R0561,0
P057,R0562,1
P057,R0563,1
P057,R0564,2
P057,R0565,1
P057,R0566,1
P057,R0567,1
P057,R0568,2
P057,R0569,2
P057,R0570,2
P057,R0571,1
P057,R0572,1
P057,R0573,0
P057,R0574,2
P057,R0575,0
P057,R0576,2
P057,R0577,1
P057,R0578,0
P057,R0579,1
P057,R0580,1
P057,R0581,0
P057,R0582,2
P057,R0583,1
P057,R0584,0
P057,R0585,2
P057,R0586,1
P057,R0587,1
P057,R0588,1
P057,R0589,2
P057,R0590,1
P057,R0591,0
P057,R0592,0
P057,R0593,1
P057,R0594,0
P057,R0595,0
P057,R0596,1
P057,R0597,1
P057,R0598,1
P057,R0599,1
P057,R0600,1
P058,R0001,1
P058,R0002,2
P058,R0003,2
P058,R0004,2
P058,R0005,1
P058,R0006,2
P058,R0007,2
P058,R0008,1
P058,R0009,1
P058,R0010,2
P058,R0011,1
P058,R0012,2
P058,R0013,2
P058,R0014,2
P058,R0015,1
P058,R0016,1
P058,R0017,1
P058,R0018,2
P058,R0019,1
P058,R0020,1
P058,R0021,2
P058,R0022,2
P058,R0023,2
P058,R0024,1
P058,R0025,1
P058,R0026,1
P058,R0027,1
P058,R0028,2
P058,R0029,1
P058,R0030,2
P058,R0031,1
P058,R0032,2
P058,R0033,1
P058,R0034,1
P058,R0035,1
P058,R0036,2
P058,R0037,1
P058,R0038,2
P058,R0039,2
P058,R0040,1
P058,R0041,1
P058,R0042,1
P058,R0043,1
P058,R0044,1
P058,R0045,1
P058,R0046,1
P058,R0047,2
P058,R0048,1
P058,R0049,2
P058,R0050,1
P058,R0051,1
P058,R0052,1
P058,R0053,2
P058,R0054,1
P058,R0055,1
P058,R0056,1
P058,R0057,1
P058,R0058,1
P058,R0059,1
P058,R0060,1
P058,R0061,1
P058,R0062,2
P058,R0063,2
P058,R0064,1
P058,R0065,2
P058,R0066,2
P058,R0067,1
P058,R0068,2
P058,R0069,1
P058,R0070,1
P058,R0071,1
P058,R0072,2
P058,R0073,2
P058,R0074,2
P058,R0075,1
P058,R0076,1
P058,R0077,1
P058,R0078,2
P058,R0079,1
P058,R0080,2
P058,R0081,1
P058,R0082,1
P058,R0083,1
P058,R0084,2
P058,R0085,2
P058,R0086,2
P058,R0087,1
P058,R0088,2
P058,R0089,1
P058,R0090,2
P058,R0091,2
P058,R0092,2
P058,R0093,2
P058,R0094,1
P058,R0095,1
P058,R0096,1
P058,R0097,2
P058,R0098,1
P058,R0099,1
P058,R0100,2
P058,R0101,1
P058,R0102,2
P058,R0103,2
P058,R0104,1
P058,R0105,1
P058,R0106,2
P058,R0107,2
P058,R0108,1
P058,R0109,1
P058,R0110,2
P058,R0111,1
P058,R0112,2
P058,R0113,2
P058,R0114,2
P058,R0115,2
P058,R0116,2
P058,R0117,2
P058,R0118,2
P058,R0119,1
P058,R0120,1
P058,R0121,2
P058,R0122,1
P058,R0123,2
P058,R0124,2
P058,R0125,2
P058,R0126,2
P058,R0127,2
P058,R0128,1
P058,R0129,1
P058,R0130,1
P058,R0131,1
P058,R0132,1
P058,R0133,1
P058,R0134,1
P058,R0135,1
P058,R0136,2
P058,R0137,1
P058,R0138,2
P058,R0139,1
P058,R0140,2
P058,R0141,1
P058,R0142,1
P058,R0143,2
P058,R0144,2
P058,R0145,1
P058,R0146,1
P058,R0147,2
P058,R0148,1
P058,R0149,1
P058,R0150,1
P058,R0151,1
P058,R0152,1
P058,R0153,2
P058,R0154,1
P058,R0155,1
P058,R0156,2
P058,R0157,1
P058,R0158,2
P058,R0159,1
P058,R0160,2
P058,R0161,1
P058,R0162,1
P058,R0163,1
P058,R0164,2
P058,R0165,1
P058,R0166,1
P058,R0167,2
P058,R0168,2
P058,R0169,2
P058,R0170,2
P058,R0171,1
P058,R0172,1
P058,R0173,2
P058,R0174,1
P058,R0175,1
P058,R0176,2
P058,R0177,1
P058,R0178,1
P058,R0179,2
P058,R0180,1
P058,R0181,1
P058,R0182,1
P058,R0183,1
P058,R0184,2
P058,R0185,1
P058,R0186,1
P058,R0187,1
P058,R0188,1
P058,R0189,2
P058,R0190,1
P058,R0191,2
P058,R0192,1
P058,R0193,1
P058,R0194,2
P058,R0195,2
P058,R0196,1
P058,R0197,1
P058,R0198,2
P058,R0199,1
P058,R0200,2
P058,R0201,2
P058,R0202,1
P058,R0203,2
P058,R0204,2
P058,R0205,2
P058,R0206,2
P058,R0207,1
P058,R0208,1
P058,R0209,2
P058,R0210,2
P058,R0211,1
P058,R0212,2
P058,R0213,2
P058,R0214,2
P058,R0215,2
P058,R0216,1
P058,R0217,1
P058,R0218,1
P058,R0219,2
P058,R0220,1
P058,R0221,2
P058,R0222,1
P058,R0223,1
P058,R0224,2
P058,R0225,1
P058,R0226,2
P058,R0227,1
P058,R0228,2
P058,R0229,2
P058,R0230,1
P058,R0231,2
P058,R0232,1
P058,R0233,2
P058,R0234,2
P058,R0235,1
P058,R0236,1
P058,R0237,2
P058,R0238,1
P058,R0239,2
P058,R0240,2
P058,R0241,1
P058,R0242,2
P058,R0243,1
P058,R0244,1
P058,R0245,2
P058,R0246,2
P058,R0247,2
P058,R0248,2
P058,R0249,1
P058,R0250,1
P058,R0251,2
P058,R0252,1
P058,R0253,2
P058,R0254,1
P058,R0255,2
P058,R0256,1
P058,R0257,1
P058,R0258,1
P058,R0259,2
P058,R0260,2
P058,R0261,2
P058,R0262,1
P058,R0263,1
P058,R0264,2
P058,R0265,2
P058,R0266,2
P058,R0267,1
P058,R0268,1
P058,R0269,1
P058,R0270,1
P058,R0271,1
P058,R0272,2
P058,R0273,2
P058,R0274,1
P058,R0275,1
P058,R0276,2
P058,R0277,2
P058,R0278,1
P058,R0279,2
P058,R0280,2
P058,R0281,2
P058,R0282,1
P058,R0283,1
P058,R0284,1
P058,R0285,1
P058,R0286,1
P058,R0287,1
P058,R0288,2
P058,R0289,2
P058,R0290,2
P058,R0291,1
P058,R0292,2
P058,R0293,1
P058,R0294,2
P058,R0295,2
P058,R0296,2
P058,R0297,2
P058,R0298,2
P058,R0299,2
P058,R0300,1
P058,R0301,1
P058,R0302,2
P058,R0303,1
P058,R0304,1
P058,R0305,2
P058,R0306,1
P058,R0307,2
P058,R0308,2
P058,R0309,2
P058,R0310,1
P058,R0311,1
P058,R0312,2
P058,R0313,2
P058,R0314,2
P058,R0315,1
P058,R0316,1
P058,R0317,1
P058,R0318,2
P058,R0319,2
P058,R0320,2
P058,R0321,1
P058,R0322,1
P058,R0323,1
P058,R0324,2
P058,R0325,2
P058,R0326,1
P058,R0327,1
P058,R0328,1
P058,R0329,2
P058,R0330,1
P058,R0331,2
P058,R0332,1
P058,R0333,2
P058,R0334,2
P058,R0335,1
P058,R0336,1
P058,R0337,1
P058,R0338,2
P058,R0339,1
P058,R0340,1
P058,R0341,1
P058,R0342,1
P058,R0343,1
P058,R0344,1
P058,R0345,2
P058,R0346,2
P058,R0347,1
P058,R0348,2
P058,R0349,2
P058,R0350,2
P058,R0351,1
P058,R0352,2
P058,R0353,1
P058,R0354,1
P058,R0355,2
P058,R0356,2
P058,R0357,1
P058,R0358,1
P058,R0359,1
P058,R0360,2
P058,R0361,1
P058,R0362,1
P058,R0363,2
P058,R0364,1
P058,R0365,2
P058,R0366,1
P058,R0367,1
P058,R0368,1
P058,R0369,2
P058,R0370,2
P058,R0371,1
P058,R0372,2
P058,R0373,2
P058,R0374,1
P058,R0375,1
P058,R0376,1
P058,R0377,2
P058,R0378,1
P058,R0379,1
P058,R0380,1
P058,R0381,2
P058,R0382,2
P058,R0383,2
P058,R0384,2
P058,R0385,2
P058,R0386,2
P058,R0387,1
P058,R0388,1
P058,R0389,1
P058,R0390,2
P058,R0391,2
P058,R0392,2
P058,R0393,2
P058,R0394,1
P058,R0395,2
P058,R0396,1
P058,R0397,1
P058,R0398,2
P058,R0399,2
P058,R0400,1
P058,R0401,2
P058,R0402,2
P058,R0403,1
P058,R0404,2
P058,R0405,2
P058,R0406,2
P058,R0407,1
P058,R0408,1
P058,R0409,2
P058,R0410,2
P058,R0411,1
P058,R0412,1
P058,R0413,2
P058,R0414,2
P058,R0415,1
P058,R0416,2
P058,R0417,1
P058,R0418,1
P058,R0419,1
P058,R0420,1
P058,R0421,2
P058,R0422,2
P058,R0423,2
P058,R0424,1
P058,R0425,2
P058,R0426,1
P058,R0427,1
P058,R0428,2
P058,R0429,2
P058,R0430,1
P058,R0431,1
P058,R0432,2
P058,R0433,1
P058,R0434,2
P058,R0435,2
P058,R0436,2
P058,R0437,1
P058,R0438,1
P058,R0439,1
P058,R0440,1
P058,R0441,1
P058,R0442,1
P058,R0443,2
P058,R0444,2
P058,R0445,1
P058,R0446,2
P058,R0447,1
P058,R0448,1
P058,R0449,2
P058,R0450,2
P058,R0451,1
P058,R0452,1
P058,R0453,1
P058,R0454,2
P058,R0455,2
P058,R0456,1
P058,R0457,1
P058,R0458,2
P058,R0459,1
P058,R0460,1
P058,R0461,1
P058,R0462,2
P058,R0463,2
P058,R0464,2
P058,R0465,1
P058,R0466,1
P058,R0467,2
P058,R0468,2
P058,R0469,2
P058,R0470,1
P058,R0471,1
P058,R0472,1
P058,R0473,1
P058,R0474,1
P058,R0475,1
P058,R0476,2
P058,R0477,1
P058,R0478,2
P058,R0479,2
P058,R0480,2
P058,R0481,1
P058,R0482,1
P058,R0483,2
P058,R0484,1
P058,R0485,1
P058,R0486,1
P058,R0487,2
P058,R0488,1
P058,R0489,2
P058,R0490,1
P058,R0491,2
P058,R0492,1
P058,R0493,1
P058,R0494,1
P058,R0495,1
P058,R0496,1
P058,R0497,1
P058,R0498,2
P058,R0499,2
P058,R0500,1
P058,R0501,1
P058,R0502,2
P058,R0503,2
P058,R0504,1
P058,R0505,1
P058,R0506,2
P058,R0507,2
P058,R0508,2
P058,R0509,1
P058,R0510,2
P058,R0511,1
P058,R0512,2
P058,R0513,2
P058,R0514,2
P058,R0515,2
P058,R0516,2
P058,R0517,1
P058,R0518,2
P058,R0519,2
P058,R0520,2
P058,R0521,2
P058,R0522,2
P058,R0523,1
P058,R0524,1
P058,R0525,1
P058,R0526,1
P058,R0527,2
P058,R0528,2
P058,R0529,2
P058,R0530,2
P058,R0531,1
P058,R0532,1
P058,R0533,2
P058,R0534,1
P058,R0535,1
P058,R0536,2
P058,R0537,1
P058,R0538,2
P058,R0539,1
P058,R0540,1
P058,R0541,2
P058,R0542,1
P058,R0543,1
P058,R0544,1
P058,R0545,2
P058,R0546,2
P058,R0547,1
P058,R0548,2
P058,R0549,2
P058,R0550,2
P058,R0551,1
P058,R0552,1
P058,R0553,1
P058,R0554,2
P058,R0555,1
P058,R0556,2
P058,R0557,1
P058,R0558,2
P058,R0559,1
P058,R0560,1
P058,R0561,1
P058,R0562,2
P058,R0563,1
P058,R0564,1
P058,R0565,1
P058,R0566,1
P058,R0567,1
P058,R0568,2
P058,R0569,2
P058,R0570,2
P058,R0571,1
P058,R0572,2
P058,R0573,1
P058,R0574,1
P058,R0575,2
P058,R0576,2
P058,R0577,1
P058,R0578,2
P058,R0579,2
P058,R0580,2
P058,R0581,1
P058,R0582,1
P058,R0583,1
P058,R0584,1
P058,R0585,1
P058,R0586,2
P058,R0587,2
P058,R0588,2
P058,R0589,1
P058,R0590,1
P058,R0591,1
P058,R0592,2
P058,R0593,2
P058,R0594,1
P058,R0595,1
P058,R0596,2
P058,R0597,2
P058,R0598,2
P058,R0599,1
P058,R0600,1
P059,R0001,1
P059,R0002,2
P059,R0003,2
P059,R0004,2
P059,R0005,1
P059,R0006,1
P059,R0007,2
P059,R0008,2
P059,R0009,2
P059,R0010,1
P059,R0011,1
P059,R0012,2
P059,R0013,2
P059,R0014,2
P059,R0015,1
P059,R0016,1
P059,R0017,1
P059,R0018,2
P059,R0019,1
P059,R0020,1
P059,R0021,2
P059,R0022,1
P059,R0023,2
P059,R0024,1
P059,R0025,1
P059,R0026,2
P059,R0027,1
P059,R0028,2
P059,R0029,1
P059,R0030,2
P059,R0031,1
P059,R0032,1
P059,R0033,1
P059,R0034,1
P059,R0035,2
P059,R0036,2
P059,R0037,2
P059,R0038,2
P059,R0039,1
P059,R0040,1
P059,R0041,1
P059,R0042,1
P059,R0043,1
P059,R0044,1
P059,R0045,1
P059,R0046,1
P059,R0047,1
P059,R0048,1
P059,R0049,2
P059,R0050,1
P059,R0051,1
P059,R0052,1
P059,R0053,2
P059,R0054,2
P059,R0055,1
P059,R0056,1
P059,R0057,2
P059,R0058,1
P059,R0059,1
P059,R0060,2
P059,R0061,1
P059,R0062,1
P059,R0063,1
P059,R0064,2
P059,R0065,2
P059,R0066,1
P059,R0067,1
P059,R0068,2
P059,R0069,1
P059,R0070,2
P059,R0071,1
P059,R0072,2
P059,R0073,2
P059,R0074,2
P059,R0075,1
P059,R0076,1
P059,R0077,2
P059,R0078,2
P059,R0079,2
P059,R0080,2
P059,R0081,1
P059,R0082,1
P059,R0083,1
P059,R0084,2
P059,R0085,2
P059,R0086,1
P059,R0087,1
P059,R0088,2
P059,R0089,1
P059,R0090,2
P059,R0091,1
P059,R0092,2
P059,R0093,2
P059,R0094,1
P059,R0095,1
P059,R0096,1
P059,R0097,1
P059,R0098,2
P059,R0099,1
P059,R0100,2
P059,R0101,1
P059,R0102,2
P059,R0103,2
P059,R0104,2
P059,R0105,1
P059,R0106,2
P059,R0107,2
P059,R0108,2
P059,R0109,1
P059,R0110,2
P059,R0111,1
P059,R0112,2
P059,R0113,1
P059,R0114,2
P059,R0115,2
P059,R0116,2
P059,R0117,1
P059,R0118,2
P059,R0119,1
P059,R0120,1
P059,R0121,2
P059,R0122,1
P059,R0123,1
P059,R0124,2
P059,R0125,1
P059,R0126,1
P059,R0127,1
P059,R0128,1
P059,R0129,1
P059,R0130,1
P059,R0131,1
P059,R0132,2
P059,R0133,1
P059,R0134,2
P059,R0135,1
P059,R0136,2
P059,R0137,2
P059,R0138,2
P059,R0139,1
P059,R0140,1
P059,R0141,1
P059,R0142,1
P059,R0143,1
P059,R0144,1
P059,R0145,1
P059,R0146,1
P059,R0147,2
P059,R0148,1
P059,R0149,2
P059,R0150,2
P059,R0151,1
P059,R0152,1
P059,R0153,2
P059,R0154,1
P059,R0155,1
P059,R0156,2
P059,R0157,2
P059,R0158,2
P059,R0159,2
P059,R0160,2
P059,R0161,1
P059,R0162,2
P059,R0163,1
P059,R0164,2
P059,R0165,2
P059,R0166,1
P059,R0167,2
P059,R0168,2
P059,R0169,2
P059,R0170,2
P059,R0171,2
P059,R0172,1
P059,R0173,2
P059,R0174,2
P059,R0175,1
P059,R0176,2
P059,R0177,1
P059,R0178,1
P059,R0179,2
P059,R0180,1
P059,R0181,1
P059,R0182,1
P059,R0183,2
P059,R0184,1
P059,R0185,2
P059,R0186,1
P059,R0187,2
P059,R0188,1
P059,R0189,1
P059,R0190,1
P059,R0191,1
P059,R0192,1
P059,R0193,1
P059,R0194,2
P059,R0195,2
P059,R0196,1
P059,R0197,2
P059,R0198,2
P059,R0199,1
P059,R0200,2
P059,R0201,2
P059,R0202,1
P059,R0203,2
P059,R0204,2
P059,R0205,2
P059,R0206,2
P059,R0207,1
P059,R0208,1
P059,R0209,2
P059,R0210,2
P059,R0211,1
P059,R0212,2
P059,R0213,2
P059,R0214,2
P059,R0215,2
P059,R0216,2
P059,R0217,2
P059,R0218,1
P059,R0219,1
P059,R0220,2
P059,R0221,2
P059,R0222,2
P059,R0223,1
P059,R0224,2
P059,R0225,1
P059,R0226,1
P059,R0227,1
P059,R0228,2
P059,R0229,2
P059,R0230,1
P059,R0231,1
P059,R0232,1
P059,R0233,2
P059,R0234,2
P059,R0235,1
P059,R0236,1
P059,R0237,2
P059,R0238,1
P059,R0239,2
P059,R0240,2
P059,R0241,1
P059,R0242,1
P059,R0243,1
P059,R0244,2
P059,R0245,2
P059,R0246,2
P059,R0247,2
P059,R0248,1
P059,R0249,1
P059,R0250,1
P059,R0251,2
P059,R0252,1
P059,R0253,2
P059,R0254,1
P059,R0255,1
P059,R0256,1
P059,R0257,1
P059,R0258,1
P059,R0259,2
P059,R0260,2
P059,R0261,1
P059,R0262,1
P059,R0263,1
P059,R0264,2
P059,R0265,2
P059,R0266,1
P059,R0267,1
P059,R0268,2
P059,R0269,2
P059,R0270,2
P059,R0271,1
P059,R0272,2
P059,R0273,2
P059,R0274,1
P059,R0275,1
P059,R0276,2
P059,R0277,1
P059,R0278,1
P059,R0279,1
P059,R0280,2
P059,R0281,2
P059,R0282,1
P059,R0283,1
P059,R0284,1
P059,R0285,1
P059,R0286,1
P059,R0287,1
P059,R0288,2
P059,R0289,1
P059,R0290,2
P059,R0291,2
P059,R0292,1
P059,R0293,2
P059,R0294,2
P059,R0295,1
P059,R0296,2
P059,R0297,1
P059,R0298,2
P059,R0299,2
P059,R0300,1
P059,R0301,2
P059,R0302,2
P059,R0303,1
P059,R0304,1
P059,R0305,2
P059,R0306,1
P059,R0307,2
P059,R0308,2
P059,R0309,1
P059,R0310,1
P059,R0311,1
P059,R0312,1
P059,R0313,2
P059,R0314,2
P059,R0315,1
P059,R0316,1
P059,R0317,1
P059,R0318,2
P059,R0319,2
P059,R0320,1
P059,R0321,2
P059,R0322,1
P059,R0323,2
P059,R0324,2
P059,R0325,2
P059,R0326,2
P059,R0327,2
P059,R0328,2
P059,R0329,2
P059,R0330,2
P059,R0331,2
P059,R0332,1
P059,R0333,2
P059,R0334,2
P059,R0335,1
P059,R0336,1
P059,R0337,1
P059,R0338,2
P059,R0339,1
P059,R0340,1
P059,R0341,1
P059,R0342,1
P059,R0343,1
P059,R0344,1
P059,R0345,1
P059,R0346,2
P059,R0347,1
P059,R0348,2
P059,R0349,1
P059,R0350,2
P059,R0351,1
P059,R0352,2
P059,R0353,1
P059,R0354,1
P059,R0355,1
P059,R0356,2
P059,R0357,1
P059,R0358,1
P059,R0359,1
P059,R0360,2
P059,R0361,1
P059,R0362,1
P059,R0363,2
P059,R0364,1
P059,R0365,1
P059,R0366,1
P059,R0367,1
P059,R0368,1
P059,R0369,2
P059,R0370,2
P059,R0371,1
P059,R0372,2
P059,R0373,2
P059,R0374,2
P059,R0375,1
P059,R0376,1
P059,R0377,2
P059,R0378,1
P059,R0379,2
P059,R0380,1
P059,R0381,2
P059,R0382,1
P059,R0383,1
P059,R0384,1
P059,R0385,2
P059,R0386,1
P059,R0387,2
P059,R0388,1
P059,R0389,2
P059,R0390,2
P059,R0391,2
P059,R0392,2
P059,R0393,2
P059,R0394,1
P059,R0395,2
P059,R0396,1
P059,R0397,1
P059,R0398,1
P059,R0399,1
P059,R0400,1
P059,R0401,1
P059,R0402,1
P059,R0403,1
P059,R0404,2
P059,R0405,1
P059,R0406,2
P059,R0407,1
P059,R0408,1
P059,R0409,2
P059,R0410,2
P059,R0411,1
P059,R0412,1
P059,R0413,2
P059,R0414,2
P059,R0415,1
P059,R0416,2
P059,R0417,1
P059,R0418,1
P059,R0419,1
P059,R0420,1
P059,R0421,2
P059,R0422,2
P059,R0423,1
P059,R0424,1
P059,R0425,2
P059,R0426,2
P059,R0427,2
P059,R0428,1
P059,R0429,2
P059,R0430,1
P059,R0431,1
P059,R0432,2
P059,R0433,1
P059,R0434,1
P059,R0435,1
P059,R0436,2
P059,R0437,1
P059,R0438,2
P059,R0439,1
P059,R0440,1
P059,R0441,1
P059,R0442,1
P059,R0443,2
P059,R0444,2
P059,R0445,1
P059,R0446,1
P059,R0447,1
P059,R0448,2
P059,R0449,2
P059,R0450,2
P059,R0451,1
P059,R0452,1
P059,R0453,2
P059,R0454,2
P059,R0455,1
P059,R0456,1
P059,R0457,1
P059,R0458,2
P059,R0459,2
P059,R0460,1
P059,R0461,1
P059,R0462,1
P059,R0463,2
P059,R0464,2
P059,R0465,2
P059,R0466,1
P059,R0467,2
P059,R0468,2
P059,R0469,1
P059,R0470,1
P059,R0471,2
P059,R0472,1
P059,R0473,1
P059,R0474,1
P059,R0475,2
P059,R0476,2
P059,R0477,2
P059,R0478,2
P059,R0479,2
P059,R0480,2
P059,R0481,1
P059,R0482,2
P059,R0483,1
P059,R0484,2
P059,R0485,1
P059,R0486,1
P059,R0487,2
P059,R0488,2
P059,R0489,2
P059,R0490,1
P059,R0491,1
P059,R0492,1
P059,R0493,1
P059,R0494,1
P059,R0495,1
P059,R0496,1
P059,R0497,1
P059,R0498,2
P059,R0499,2
P059,R0500,1
P059,R0501,1
P059,R0502,2
P059,R0503,2
P059,R0504,1
P059,R0505,2
P059,R0506,1
P059,R0507,2
P059,R0508,2
P059,R0509,1
P059,R0510,2
P059,R0511,1
P059,R0512,2
P059,R0513,2
P059,R0514,2
P059,R0515,1
P059,R0516,2
P059,R0517,1
P059,R0518,2
P059,R0519,2
P059,R0520,1
P059,R0521,2
P059,R0522,2
P059,R0523,1
P059,R0524,1
P059,R0525,1
P059,R0526,1
P059,R0527,1
P059,R0528,2
P059,R0529,1
P059,R0530,2
P059,R0531,1
P059,R0532,1
P059,R0533,1
P059,R0534,1
P059,R0535,2
P059,R0536,2
P059,R0537,1
P059,R0538,2
P059,R0539,1
P059,R0540,2
P059,R0541,2
P059,R0542,1
P059,R0543,1
P059,R0544,1
P059,R0545,2
P059,R0546,2
P059,R0547,2
P059,R0548,1
P059,R0549,2
P059,R0550,2
P059,R0551,1
P059,R0552,1
P059,R0553,1
P059,R0554,2
P059,R0555,1
P059,R0556,1
P059,R0557,1
P059,R0558,2
P059,R0559,1
P059,R0560,1
P059,R0561,2
P059,R0562,2
P059,R0563,1
P059,R0564,2
P059,R0565,1
P059,R0566,1
P059,R0567,1
P059,R0568,2
P059,R0569,2
P059,R0570,2
P059,R0571,1
P059,R0572,2
P059,R0573,1
P059,R0574,2
P059,R0575,1
P059,R0576,2
P059,R0577,1
P059,R0578,2
P059,R0579,2
P059,R0580,2
P059,R0581,1
P059,R0582,1
P059,R0583,1
P059,R0584,1
P059,R0585,2
P059,R0586,2
P059,R0587,1
P059,R0588,1
P059,R0589,2
P059,R0590,1
P059,R0591,2
P059,R0592,2
P059,R0593,1
P059,R0594,1
P059,R0595,1
P059,R0596,1
P059,R0597,2
P059,R0598,2
P059,R0599,2
P059,R0600,2
P060,R0001,1
P060,R0002,1
P060,R0003,1
P060,R0004,1
P060,R0005,2
P060,R0006,1
P060,R0007,1
P060,R0008,2
P060,R0009,1
P060,R0010,1
P060,R0011,1
P060,R0012,1
P060,R0013,1
P060,R0014,2
P060,R0015,1
P060,R0016,2
P060,R0017,1
P060,R0018,1
P060,R0019,1
P060,R0020,1
P060,R0021,2
P060,R0022,1
P060,R0023,1
P060,R0024,2
P060,R0025,1
P060,R0026,2
P060,R0027,1
P060,R0028,2
P060,R0029,2
P060,R0030,1
P060,R0031,2
P060,R0032,2
P060,R0033,1
P060,R0034,1
P060,R0035,1
P060,R0036,1
P060,R0037,1
P060,R0038,1
P060,R0039,1
P060,R0040,1
P060,R0041,2
P060,R0042,2
P060,R0043,1
P060,R0044,2
P060,R0045,2
P060,R0046,1
P060,R0047,1
P060,R0048,1
P060,R0049,1
P060,R0050,1
P060,R0051,1
P060,R0052,1
P060,R0053,1
P060,R0054,2
P060,R0055,2
P060,R0056,2
P060,R0057,1
P060,R0058,2
P060,R0059,2
P060,R0060,2
P060,R0061,1
P060,R0062,1
P060,R0063,1
P060,R0064,1
P060,R0065,1
P060,R0066,2
P060,R0067,2
P060,R0068,1
P060,R0069,1
P060,R0070,2
P060,R0071,1
P060,R0072,1
P060,R0073,1
P060,R0074,1
P060,R0075,1
P060,R0076,1
P060,R0077,2
P060,R0078,1
P060,R0079,2
P060,R0080,1
P060,R0081,2
P060,R0082,1
P060,R0083,2
P060,R0084,1
P060,R0085,2
P060,R0086,1
P060,R0087,2
P060,R0088,1
P060,R0089,2
P060,R0090,1
P060,R0091,2
P060,R0092,1
P060,R0093,1
P060,R0094,2
P060,R0095,2
P060,R0096,2
P060,R0097,2
P060,R0098,1
P060,R0099,2
P060,R0100,2
P060,R0101,1
P060,R0102,1
P060,R0103,1
P060,R0104,1
P060,R0105,2
P060,R0106,1
P060,R0107,1
P060,R0108,1
P060,R0109,1
P060,R0110,1
P060,R0111,1
P060,R0112,2
P060,R0113,2
P060,R0114,1
P060,R0115,1
P060,R0116,1
P060,R0117,1
P060,R0118,1
P060,R0119,1
P060,R0120,2
P060,R0121,1
P060,R0122,2
P060,R0123,1
P060,R0124,1
P060,R0125,1
P060,R0126,1
P060,R0127,2
P060,R0128,2
P060,R0129,2
P060,R0130,2
P060,R0131,1
P060,R0132,1
P060,R0133,2
P060,R0134,1
P060,R0135,2
P060,R0136,1
P060,R0137,1
P060,R0138,1
P060,R0139,1
P060,R0140,2
P060,R0141,2
P060,R0142,1
P060,R0143,1
P060,R0144,1
P060,R0145,2
P060,R0146,2
P060,R0147,2
P060,R0148,2
P060,R0149,1
P060,R0150,1
P060,R0151,2
P060,R0152,2
P060,R0153,2
P060,R0154,1
P060,R0155,2
P060,R0156,1
P060,R0157,1
P060,R0158,2
P060,R0159,1
P060,R0160,1
P060,R0161,1
P060,R0162,1
P060,R0163,2
P060,R0164,1
P060,R0165,1
P060,R0166,2
P060,R0167,1
P060,R0168,1
P060,R0169,1
P060,R0170,1
P060,R0171,1
P060,R0172,2
P060,R0173,1
P060,R0174,1
P060,R0175,2
P060,R0176,1
P060,R0177,1
P060,R0178,2
P060,R0179,1
P060,R0180,2
P060,R0181,1
P060,R0182,2
P060,R0183,1
P060,R0184,1
P060,R0185,1
P060,R0186,2
P060,R0187,1
P060,R0188,1
P060,R0189,1
P060,R0190,1
P060,R0191,1
P060,R0192,1
P060,R0193,2
P060,R0194,1
P060,R0195,2
P060,R0196,2
P060,R0197,1
P060,R0198,1
P060,R0199,1
P060,R0200,1
P060,R0201,2
P060,R0202,1
P060,R0203,1
P060,R0204,1
P060,R0205,1
P060,R0206,1
P060,R0207,1
P060,R0208,1
P060,R0209,1
P060,R0210,1
P060,R0211,2
P060,R0212,1
P060,R0213,1
P060,R0214,1
P060,R0215,1
P060,R0216,1
P060,R0217,1
P060,R0218,1
P060,R0219,2
P060,R0220,1
P060,R0221,1
P060,R0222,1
P060,R0223,1
P060,R0224,1
P060,R0225,1
P060,R0226,2
P060,R0227,1
P060,R0228,1
P060,R0229,1
P060,R0230,1
P060,R0231,1
P060,R0232,2
P060,R0233,1
P060,R0234,1
P060,R0235,1
P060,R0236,2
P060,R0237,1
P060,R0238,1
P060,R0239,1
P060,R0240,1
P060,R0241,1
P060,R0242,1
P060,R0243,2
P060,R0244,2
P060,R0245,1
P060,R0246,2
P060,R0247,1
P060,R0248,1
P060,R0249,1
P060,R0250,2
P060,R0251,1
P060,R0252,2
P060,R0253,1
P060,R0254,1
P060,R0255,2
P060,R0256,1
P060,R0257,2
P060,R0258,2
P060,R0259,1
P060,R0260,1
P060,R0261,2
P060,R0262,2
P060,R0263,1
P060,R0264,1
P060,R0265,1
P060,R0266,1
P060,R0267,1
P060,R0268,1
P060,R0269,2
P060,R0270,1
P060,R0271,1
P060,R0272,1
P060,R0273,1
P060,R0274,1
P060,R0275,1
P060,R0276,1
P060,R0277,1
P060,R0278,2
P060,R0279,1
P060,R0280,1
P060,R0281,1
P060,R0282,2
P060,R0283,1
P060,R0284,1
P060,R0285,1
P060,R0286,1
P060,R0287,2
P060,R0288,2
P060,R0289,1
P060,R0290,1
P060,R0291,1
P060,R0292,1
P060,R0293,1
P060,R0294,1
P060,R0295,1
P060,R0296,1
P060,R0297,1
P060,R0298,1
P060,R0299,1
P060,R0300,2
P060,R0301,2
P060,R0302,1
P060,R0303,1
P060,R0304,2
P060,R0305,2
P060,R0306,1
P060,R0307,2
P060,R0308,2
P060,R0309,1
P060,R0310,1
P060,R0311,2
P060,R0312,1
P060,R0313,1
P060,R0314,2
P060,R0315,2
P060,R0316,2
P060,R0317,2
P060,R0318,1
P060,R0319,1
P060,R0320,1
P060,R0321,2
P060,R0322,2
P060,R0323,1
P060,R0324,1
P060,R0325,1
P060,R0326,2
P060,R0327,1
P060,R0328,1
P060,R0329,1
P060,R0330,2
P060,R0331,1
P060,R0332,1
P060,R0333,1
P060,R0334,1
P060,R0335,1
P060,R0336,1
P060,R0337,2
P060,R0338,1
P060,R0339,1
P060,R0340,1
P060,R0341,2
P060,R0342,1
P060,R0343,2
P060,R0344,1
P060,R0345,1
P060,R0346,1
P060,R0347,1
P060,R0348,1
P060,R0349,1
P060,R0350,1
P060,R0351,2
P060,R0352,1
P060,R0353,2
P060,R0354,2
P060,R0355,1
P060,R0356,2
P060,R0357,1
P060,R0358,1
P060,R0359,2
P060,R0360,1
P060,R0361,2
P060,R0362,1
P060,R0363,1
P060,R0364,1
P060,R0365,1
P060,R0366,2
P060,R0367,2
P060,R0368,1
P060,R0369,1
P060,R0370,2
P060,R0371,1
P060,R0372,1
P060,R0373,1
P060,R0374,1
P060,R0375,2
P060,R0376,2
P060,R0377,1
P060,R0378,1
P060,R0379,1
P060,R0380,1
P060,R0381,1
P060,R0382,1
P060,R0383,1
P060,R0384,1
P060,R0385,1
P060,R0386,2
P060,R0387,1
P060,R0388,1
P060,R0389,1
P060,R0390,1
P060,R0391,1
P060,R0392,1
P060,R0393,1
P060,R0394,2
P060,R0395,1
P060,R0396,1
P060,R0397,2
P060,R0398,2
P060,R0399,1
P060,R0400,1
P060,R0401,1
P060,R0402,1
P060,R0403,1
P060,R0404,1
P060,R0405,1
P060,R0406,2
P060,R0407,2
P060,R0408,1
P060,R0409,1
P060,R0410,2
P060,R0411,2
P060,R0412,1
P060,R0413,2
P060,R0414,1
P060,R0415,1
P060,R0416,1
P060,R0417,1
P060,R0418,1
P060,R0419,2
P060,R0420,1
P060,R0421,1
P060,R0422,1
P060,R0423,2
P060,R0424,1
P060,R0425,2
P060,R0426,2
P060,R0427,1
P060,R0428,1
P060,R0429,1
P060,R0430,2
P060,R0431,1
P060,R0432,1
P060,R0433,2
P060,R0434,1
P060,R0435,2
P060,R0436,1
P060,R0437,1
P060,R0438,1
P060,R0439,2
P060,R0440,1
P060,R0441,2
P060,R0442,2
P060,R0443,1
P060,R0444,1
P060,R0445,1
P060,R0446,1
P060,R0447,1
P060,R0448,1
P060,R0449,2
P060,R0450,1
P060,R0451,1
P060,R0452,2
P060,R0453,2
P060,R0454,1
P060,R0455,1
P060,R0456,1
P060,R0457,2
P060,R0458,1
P060,R0459,1
P060,R0460,1
P060,R0461,1
P060,R0462,2
P060,R0463,1
P060,R0464,1
P060,R0465,1
P060,R0466,1
P060,R0467,2
P060,R0468,1
P060,R0469,1
P060,R0470,2
P060,R0471,1
P060,R0472,2
P060,R0473,2
P060,R0474,1
P060,R0475,1
P060,R0476,2
P060,R0477,1
P060,R0478,1
P060,R0479,1
P060,R0480,1
P060,R0481,2
P060,R0482,1
P060,R0483,1
P060,R0484,1
P060,R0485,1
P060,R0486,2
P060,R0487,1
P060,R0488,1
P060,R0489,1
P060,R0490,1
P060,R0491,1
P060,R0492,1
P060,R0493,1
P060,R0494,1
P060,R0495,1
P060,R0496,2
P060,R0497,1
P060,R0498,1
P060,R0499,1
P060,R0500,1
P060,R0501,2
P060,R0502,1
P060,R0503,1
P060,R0504,2
P060,R0505,1
P060,R0506,2
P060,R0507,1
P060,R0508,1
P060,R0509,1
P060,R0510,1
P060,R0511,1
P060,R0512,1
P060,R0513,2
P060,R0514,1
P060,R0515,2
P060,R0516,2
P060,R0517,2
P060,R0518,1
P060,R0519,1
P060,R0520,1
P060,R0521,2
P060,R0522,1
P060,R0523,1
P060,R0524,2
P060,R0525,2
P060,R0526,1
P060,R0527,1
P060,R0528,1
P060,R0529,1
P060,R0530,2
P060,R0531,1
P060,R0532,1
P060,R0533,1
P060,R0534,1
P060,R0535,1
P060,R0536,1
P060,R0537,1
P060,R0538,2
P060,R0539,2
P060,R0540,1
P060,R0541,2
P060,R0542,1
P060,R0543,1
P060,R0544,1
P060,R0545,2
P060,R0546,1
P060,R0547,1
P060,R0548,2
P060,R0549,1
P060,R0550,1
P060,R0551,2
P060,R0552,1
P060,R0553,1
P060,R0554,1
P060,R0555,1
P060,R0556,2
P060,R0557,2
P060,R0558,1
P060,R0559,1
P060,R0560,2
P060,R0561,2
P060,R0562,1
P060,R0563,2
P060,R0564,1
P060,R0565,2
P060,R0566,1
P060,R0567,1
P060,R0568,1
P060,R0569,2
P060,R0570,2
P060,R0571,2
P060,R0572,1
P060,R0573,2
P060,R0574,2
P060,R0575,1
P060,R0576,1
P060,R0577,1
P060,R0578,1
P060,R0579,2
P060,R0580,2
P060,R0581,2
P060,R0582,2
P060,R0583,2
P060,R0584,1
P060,R0585,1
P060,R0586,1
P060,R0587,2
P060,R0588,2
P060,R0589,2
P060,R0590,2
P060,R0591,1
P060,R0592,2
P060,R0593,1
P060,R0594,2
P060,R0595,2
P060,R0596,1
P060,R0597,1
P060,R0598,1
P060,R0599,1
P060,R0600,1
P061,R0001,1
P061,R0002,1
P061,R0003,2
P061,R0004,0
P061,R0005,1
P061,R0006,1
P061,R0007,1
P061,R0008,1
P061,R0009,1
P061,R0010,1
P061,R0011,1
P061,R0012,2
P061,R0013,1
P061,R0014,2
P061,R0015,2
P061,R0016,1
P061,R0017,1
P061,R0018,1
P061,R0019,1
P061,R0020,1
P061,R0021,2
P061,R0022,1
P061,R0023,1
P061,R0024,1
P061,R0025,2
P061,R0026,1
P061,R0027,1
P061,R0028,2
P061,R0029,2
P061,R0030,2
P061,R0031,2
P061,R0032,1
P061,R0033,1
P061,R0034,1
P061,R0035,1
P061,R0036,1
P061,R0037,1
P061,R0038,2
P061,R0039,1
P061,R0040,1
P061,R0041,0
P061,R0042,1
P061,R0043,1
P061,R0044,1
P061,R0045,1
P061,R0046,1
P061,R0047,1
P061,R0048,1
P061,R0049,2
P061,R0050,1
P061,R0051,2
P061,R0052,1
P061,R0053,2
P061,R0054,1
P061,R0055,1
P061,R0056,1
P061,R0057,1
P061,R0058,2
P061,R0059,1
P061,R0060,1
P061,R0061,1
P061,R0062,1
P061,R0063,1
P061,R0064,1
P061,R0065,2
P061,R0066,0
P061,R0067,1
P061,R0068,1
P061,R0069,2
P061,R0070,1
P061,R0071,2
P061,R0072,1
P061,R0073,2
P061,R0074,2
P061,R0075,2
P061,R0076,1
P061,R0077,1
P061,R0078,1
P061,R0079,1
P061,R0080,1
P061,R0081,1
P061,R0082,1
P061,R0083,1
P061,R0084,1
P061,R0085,1
P061,R0086,1
P061,R0087,1
P061,R0088,2
P061,R0089,1
P061,R0090,1
P061,R0091,1
P061,R0092,0
P061,R0093,2
P061,R0094,1
P061,R0095,1
P061,R0096,1
P061,R0097,1
P061,R0098,2
P061,R0099,1
P061,R0100,2
P061,R0101,2
P061,R0102,2
P061,R0103,1
P061,R0104,1
P061,R0105,1
P061,R0106,1
P061,R0107,2
P061,R0108,1
P061,R0109,1
P061,R0110,2
P061,R0111,2
P061,R0112,0
P061,R0113,1
P061,R0114,2
P061,R0115,2
P061,R0116,1
P061,R0117,1
P061,R0118,1
P061,R0119,1
P061,R0120,1
P061,R0121,1
P061,R0122,1
P061,R0123,1
P061,R0124,1
P061,R0125,1
P061,R0126,2
P061,R0127,1
P061,R0128,1
P061,R0129,1
P061,R0130,1
P061,R0131,2
P061,R0132,1
P061,R0133,1
P061,R0134,1
P061,R0135,1
P061,R0136,2
P061,R0137,1
P061,R0138,1
P061,R0139,2
P061,R0140,1
P061,R0141,1
P061,R0142,1
P061,R0143,1
P061,R0144,2
P061,R0145,1
P061,R0146,2
P061,R0147,2
P061,R0148,2
P061,R0149,2
P061,R0150,2
P061,R0151,1
P061,R0152,1
P061,R0153,1
P061,R0154,1
P061,R0155,1
P061,R0156,1
P061,R0157,1
P061,R0158,2
P061,R0159,2
P061,R0160,2
P061,R0161,1
P061,R0162,1
P061,R0163,1
P061,R0164,1
P061,R0165,2
P061,R0166,1
P061,R0167,2
P061,R0168,2
P061,R0169,2
P061,R0170,2
P061,R0171,1
P061,R0172,2
P061,R0173,2
P061,R0174,1
P061,R0175,1
P061,R0176,1
P061,R0177,1
P061,R0178,1
P061,R0179,2
P061,R0180,1
P061,R0181,2
P061,R0182,1
P061,R0183,1
P061,R0184,1
P061,R0185,1
P061,R0186,1
P061,R0187,1
P061,R0188,2
P061,R0189,1
P061,R0190,0
P061,R0191,1
P061,R0192,2
P061,R0193,1
P061,R0194,2
P061,R0195,1
P061,R0196,2
P061,R0197,1
P061,R0198,2
P061,R0199,1
P061,R0200,2
P061,R0201,2
P061,R0202,2
P061,R0203,2
P061,R0204,2
P061,R0205,2
P061,R0206,2
P061,R0207,1
P061,R0208,1
P061,R0209,2
P061,R0210,1
P061,R0211,1
P061,R0212,2
P061,R0213,2
P061,R0214,1
P061,R0215,2
P061,R0216,1
P061,R0217,1
P061,R0218,2
P061,R0219,1
P061,R0220,1
P061,R0221,1
P061,R0222,1
P061,R0223,1
P061,R0224,1
P061,R0225,0
P061,R0226,1
P061,R0227,1
P061,R0228,2
P061,R0229,2
P061,R0230,1
P061,R0231,1
P061,R0232,1
P061,R0233,0
P061,R0234,1
P061,R0235,1
P061,R0236,1
P061,R0237,1
P061,R0238,2
P061,R0239,2
P061,R0240,2
P061,R0241,1
P061,R0242,1
P061,R0243,1
P061,R0244,1
P061,R0245,1
P061,R0246,2
P061,R0247,2
P061,R0248,2
P061,R0249,1
P061,R0250,1
P061,R0251,2
P061,R0252,1
P061,R0253,2
P061,R0254,1
P061,R0255,1
P061,R0256,1
P061,R0257,1
P061,R0258,1
P061,R0259,1
P061,R0260,2
P061,R0261,1
P061,R0262,1
P061,R0263,1
P061,R0264,1
P061,R0265,2
P061,R0266,2
P061,R0267,0
P061,R0268,1
P061,R0269,1
P061,R0270,1
P061,R0271,1
P061,R0272,2
P061,R0273,1
P061,R0274,2
P061,R0275,2
P061,R0276,2
P061,R0277,2
P061,R0278,1
P061,R0279,1
P061,R0280,1
P061,R0281,2
P061,R0282,1
P061,R0283,1
P061,R0284,1
P061,R0285,1
P061,R0286,1
P061,R0287,1
P061,R0288,1
P061,R0289,1
P061,R0290,2
P061,R0291,1
P061,R0292,2
P061,R0293,1
P061,R0294,1
P061,R0295,1
P061,R0296,0
P061,R0297,1
P061,R0298,2
P061,R0299,2
P061,R0300,1
P061,R0301,1
P061,R0302,2
P061,R0303,2
P061,R0304,1
P061,R0305,2
P061,R0306,1
P061,R0307,2
P061,R0308,2
P061,R0309,1
P061,R0310,1
P061,R0311,1
P061,R0312,1
P061,R0313,2
P061,R0314,1
P061,R0315,2
P061,R0316,2
P061,R0317,1
P061,R0318,2
P061,R0319,2
P061,R0320,1
P061,R0321,1
P061,R0322,1
P061,R0323,1
P061,R0324,2
P061,R0325,1
P061,R0326,1
P061,R0327,2
P061,R0328,1
P061,R0329,2
P061,R0330,1
P061,R0331,1
P061,R0332,2
P061,R0333,2
P061,R0334,1
P061,R0335,2
P061,R0336,2
P061,R0337,1
P061,R0338,1
P061,R0339,1
P061,R0340,2
P061,R0341,1
P061,R0342,2
P061,R0343,1
P061,R0344,2
P061,R0345,1
P061,R0346,2
P061,R0347,2
P061,R0348,2
P061,R0349,1
P061,R0350,1
P061,R0351,2
P061,R0352,1
P061,R0353,1
P061,R0354,2
P061,R0355,2
P061,R0356,1
P061,R0357,1
P061,R0358,1
P061,R0359,1
P061,R0360,1
P061,R0361,1
P061,R0362,1
P061,R0363,1
P061,R0364,1
P061,R0365,1
P061,R0366,1
P061,R0367,1
P061,R0368,1
P061,R0369,2
P061,R0370,1
P061,R0371,1
P061,R0372,2
P061,R0373,2
P061,R0374,1
P061,R0375,1
P061,R0376,1
P061,R0377,2
P061,R0378,1
P061,R0379,1
P061,R0380,2
P061,R0381,1
P061,R0382,1
P061,R0383,1
P061,R0384,1
P061,R0385,2
P061,R0386,1
P061,R0387,1
P061,R0388,1
P061,R0389,1
P061,R0390,1
P061,R0391,1
P061,R0392,2
P061,R0393,1
P061,R0394,1
P061,R0395,1
P061,R0396,1
P061,R0397,1
P061,R0398,1
P061,R0399,1
P061,R0400,1
P061,R0401,2
P061,R0402,0
P061,R0403,1
P061,R0404,1
P061,R0405,1
P061,R0406,1
P061,R0407,2
P061,R0408,2
P061,R0409,1
P061,R0410,2
P061,R0411,1
P061,R0412,1
P061,R0413,2
P061,R0414,2
P061,R0415,1
P061,R0416,2
P061,R0417,2
P061,R0418,2
P061,R0419,1
P061,R0420,1
P061,R0421,2
P061,R0422,1
P061,R0423,1
P061,R0424,2
P061,R0425,2
P061,R0426,1
P061,R0427,1
P061,R0428,2
P061,R0429,2
P061,R0430,1
P061,R0431,1
P061,R0432,2
P061,R0433,0
P061,R0434,1
P061,R0435,1
P061,R0436,2
P061,R0437,1
P061,R0438,1
P061,R0439,1
P061,R0440,1
P061,R0441,1
P061,R0442,1
P061,R0443,2
P061,R0444,2
P061,R0445,1
P061,R0446,1
P061,R0447,2
P061,R0448,1
P061,R0449,1
P061,R0450,1
P061,R0451,1
P061,R0452,2
P061,R0453,1
P061,R0454,2
P061,R0455,1
P061,R0456,1
P061,R0457,2
P061,R0458,2
P061,R0459,1
P061,R0460,1
P061,R0461,2
P061,R0462,1
P061,R0463,2
P061,R0464,2
P061,R0465,1
P061,R0466,1
P061,R0467,1
P061,R0468,1
P061,R0469,1
P061,R0470,1
P061,R0471,1
P061,R0472,1
P061,R0473,1
P061,R0474,2
P061,R0475,1
P061,R0476,1
P061,R0477,1
P061,R0478,1
P061,R0479,2
P061,R0480,2
P061,R0481,1
P061,R0482,1
P061,R0483,1
P061,R0484,1
P061,R0485,2
P061,R0486,1
P061,R0487,1
P061,R0488,1
P061,R0489,2
P061,R0490,1
P061,R0491,1
P061,R0492,2
P061,R0493,1
P061,R0494,2
P061,R0495,2
P061,R0496,0
P061,R0497,1
P061,R0498,1
P061,R0499,1
P061,R0500,1
P061,R0501,1
P061,R0502,2
P061,R0503,1
P061,R0504,1
P061,R0505,1
P061,R0506,1
P061,R0507,1
P061,R0508,2
P061,R0509,1
P061,R0510,2
P061,R0511,1
P061,R0512,2
P061,R0513,1
P061,R0514,2
P061,R0515,1
P061,R0516,2
P061,R0517,1
P061,R0518,2
P061,R0519,1
P061,R0520,1
P061,R0521,1
P061,R0522,1
P061,R0523,1
P061,R0524,1
P061,R0525,2
P061,R0526,2
P061,R0527,1
P061,R0528,2
P061,R0529,1
P061,R0530,1
P061,R0531,1
P061,R0532,2
P061,R0533,1
P061,R0534,1
P061,R0535,1
P061,R0536,2
P061,R0537,2
P061,R0538,1
P061,R0539,1
P061,R0540,1
P061,R0541,2
P061,R0542,1
P061,R0543,1
P061,R0544,2
P061,R0545,1
P061,R0546,1
P061,R0547,2
P061,R0548,1
P061,R0549,1
P061,R0550,2
P061,R0551,1
P061,R0552,1
P061,R0553,1
P061,R0554,2
P061,R0555,2
P061,R0556,1
P061,R0557,1
P061,R0558,1
P061,R0559,2
P061,R0560,1
P061,R0561,1
P061,R0562,2
P061,R0563,0
P061,R0564,2
P061,R0565,0
P061,R0566,1
P061,R0567,1
P061,R0568,1
P061,R0569,2
P061,R0570,2
P061,R0571,1
P061,R0572,1
P061,R0573,1
P061,R0574,1
P061,R0575,2
P061,R0576,2
P061,R0577,1
P061,R0578,2
P061,R0579,1
P061,R0580,1
P061,R0581,1
P061,R0582,1
P061,R0583,1
P061,R0584,1
P061,R0585,1
P061,R0586,2
P061,R0587,1
P061,R0588,1
P061,R0589,1
P061,R0590,1
P061,R0591,1
P061,R0592,1
P061,R0593,2
P061,R0594,1
P061,R0595,2
P061,R0596,1
P061,R0597,2
P061,R0598,1
P061,R0599,1
P061,R0600,1
P062,R0001,1
P062,R0002,1
P062,R0003,1
P062,R0004,0
P062,R0005,1
P062,R0006,1
P062,R0007,1
P062,R0008,2
P062,R0009,2
P062,R0010,1
P062,R0011,1
P062,R0012,1
P062,R0013,2
P062,R0014,1
P062,R0015,2
P062,R0016,1
P062,R0017,1
P062,R0018,1
P062,R0019,1
P062,R0020,1
P062,R0021,1
P062,R0022,1
P062,R0023,2
P062,R0024,1
P062,R0025,2
P062,R0026,1
P062,R0027,1
P062,R0028,1
P062,R0029,2
P062,R0030,1
P062,R0031,2
P062,R0032,1
P062,R0033,1
P062,R0034,1
P062,R0035,2
P062,R0036,2
P062,R0037,1
P062,R0038,2
P062,R0039,1
P062,R0040,1
P062,R0041,0
P062,R0042,1
P062,R0043,1
P062,R0044,1
P062,R0045,1
P062,R0046,1
P062,R0047,1
P062,R0048,1
P062,R0049,2
P062,R0050,1
P062,R0051,1
P062,R0052,1
P062,R0053,1
P062,R0054,1
P062,R0055,1
P062,R0056,1
P062,R0057,2
P062,R0058,2
P062,R0059,1
P062,R0060,2
P062,R0061,1
P062,R0062,1
P062,R0063,1
P062,R0064,2
P062,R0065,1
P062,R0066,0
P062,R0067,1
P062,R0068,1
P062,R0069,2
P062,R0070,1
P062,R0071,2
P062,R0072,1
P062,R0073,1
P062,R0074,2
P062,R0075,2
P062,R0076,1
P062,R0077,2
P062,R0078,1
P062,R0079,2
P062,R0080,1
P062,R0081,1
P062,R0082,1
P062,R0083,1
P062,R0084,1
P062,R0085,1
P062,R0086,1
P062,R0087,1
P062,R0088,2
P062,R0089,1
P062,R0090,1
P062,R0091,1
P062,R0092,0
P062,R0093,1
P062,R0094,1
P062,R0095,1
P062,R0096,1
P062,R0097,1
P062,R0098,2
P062,R0099,1
P062,R0100,1
P062,R0101,2
P062,R0102,2
P062,R0103,2
P062,R0104,1
P062,R0105,1
P062,R0106,2
P062,R0107,1
P062,R0108,2
P062,R0109,1
P062,R0110,1
P062,R0111,2
P062,R0112,0
P062,R0113,1
P062,R0114,1
P062,R0115,2
P062,R0116,1
P062,R0117,1
P062,R0118,1
P062,R0119,1
P062,R0120,1
P062,R0121,1
P062,R0122,1
P062,R0123,1
P062,R0124,1
P062,R0125,1
P062,R0126,2
P062,R0127,1
P062,R0128,1
P062,R0129,1
P062,R0130,1
P062,R0131,2
P062,R0132,2
P062,R0133,1
P062,R0134,2
P062,R0135,1
P062,R0136,1
P062,R0137,2
P062,R0138,1
P062,R0139,2
P062,R0140,1
P062,R0141,1
P062,R0142,1
P062,R0143,1
P062,R0144,2
P062,R0145,1
P062,R0146,1
P062,R0147,1
P062,R0148,1
P062,R0149,2
P062,R0150,2
P062,R0151,1
P062,R0152,1
P062,R0153,1
P062,R0154,1
P062,R0155,1
P062,R0156,1
P062,R0157,2
P062,R0158,1
P062,R0159,2
P062,R0160,2
P062,R0161,1
P062,R0162,2
P062,R0163,1
P062,R0164,1
P062,R0165,2
P062,R0166,1
P062,R0167,1
P062,R0168,2
P062,R0169,1
P062,R0170,1
P062,R0171,2
P062,R0172,2
P062,R0173,1
P062,R0174,2
P062,R0175,1
P062,R0176,2
P062,R0177,1
P062,R0178,1
P062,R0179,1
P062,R0180,1
P062,R0181,2
P062,R0182,1
P062,R0183,2
P062,R0184,1
P062,R0185,2
P062,R0186,1
P062,R0187,2
P062,R0188,1
P062,R0189,1
P062,R0190,0
P062,R0191,1
P062,R0192,1
P062,R0193,1
P062,R0194,1
P062,R0195,1
P062,R0196,1
P062,R0197,2
P062,R0198,2
P062,R0199,1
P062,R0200,1
P062,R0201,1
P062,R0202,2
P062,R0203,1
P062,R0204,2
P062,R0205,1
P062,R0206,1
P062,R0207,1
P062,R0208,1
P062,R0209,2
P062,R0210,1
P062,R0211,1
P062,R0212,1
P062,R0213,1
P062,R0214,1
P062,R0215,1
P062,R0216,1
P062,R0217,2
P062,R0218,2
P062,R0219,1
P062,R0220,2
P062,R0221,1
P062,R0222,1
P062,R0223,1
P062,R0224,2
P062,R0225,0
P062,R0226,1
P062,R0227,1
P062,R0228,1
P062,R0229,1
P062,R0230,1
P062,R0231,1
P062,R0232,1
P062,R0233,0
P062,R0234,2
P062,R0235,1
P062,R0236,1
P062,R0237,1
P062,R0238,2
P062,R0239,1
P062,R0240,1
P062,R0241,1
P062,R0242,1
P062,R0243,1
P062,R0244,2
P062,R0245,1
P062,R0246,1
P062,R0247,2
P062,R0248,2
P062,R0249,1
P062,R0250,1
P062,R0251,2
P062,R0252,1
P062,R0253,1
P062,R0254,1
P062,R0255,1
P062,R0256,1
P062,R0257,1
P062,R0258,1
P062,R0259,2
P062,R0260,1
P062,R0261,1
P062,R0262,1
P062,R0263,1
P062,R0264,1
P062,R0265,1
P062,R0266,2
P062,R0267,0
P062,R0268,2
P062,R0269,2
P062,R0270,1
P062,R0271,1
P062,R0272,1
P062,R0273,1
P062,R0274,2
P062,R0275,2
P062,R0276,1
P062,R0277,2
P062,R0278,1
P062,R0279,1
P062,R0280,1
P062,R0281,1
P062,R0282,1
P062,R0283,1
P062,R0284,1
P062,R0285,1
P062,R0286,1
P062,R0287,1
P062,R0288,1
P062,R0289,1
P062,R0290,1
P062,R0291,1
P062,R0292,2
P062,R0293,2
P062,R0294,1
P062,R0295,1
P062,R0296,0
P062,R0297,1
P062,R0298,1
P062,R0299,1
P062,R0300,1
P062,R0301,2
P062,R0302,2
P062,R0303,1
P062,R0304,1
P062,R0305,1
P062,R0306,1
P062,R0307,1
P062,R0308,1
P062,R0309,1
P062,R0310,1
P062,R0311,1
P062,R0312,1
P062,R0313,1
P062,R0314,1
P062,R0315,2
P062,R0316,2
P062,R0317,1
P062,R0318,1
P062,R0319,1
P062,R0320,1
P062,R0321,2
P062,R0322,1
P062,R0323,2
P062,R0324,1
P062,R0325,1
P062,R0326,1
P062,R0327,2
P062,R0328,2
P062,R0329,2
P062,R0330,2
P062,R0331,1
P062,R0332,2
P062,R0333,1
P062,R0334,1
P062,R0335,2
P062,R0336,2
P062,R0337,1
P062,R0338,1
P062,R0339,1
P062,R0340,2
P062,R0341,1
P062,R0342,1
P062,R0343,1
P062,R0344,2
P062,R0345,1
P062,R0346,2
P062,R0347,2
P062,R0348,1
P062,R0349,1
P062,R0350,1
P062,R0351,1
P062,R0352,1
P062,R0353,1
P062,R0354,2
P062,R0355,2
P062,R0356,1
P062,R0357,1
P062,R0358,1
P062,R0359,1
P062,R0360,2
P062,R0361,1
P062,R0362,1
P062,R0363,1
P062,R0364,1
P062,R0365,1
P062,R0366,1
P062,R0367,1
P062,R0368,1
P062,R0369,1
P062,R0370,1
P062,R0371,1
P062,R0372,1
P062,R0373,1
P062,R0374,2
P062,R0375,1
P062,R0376,1
P062,R0377,1
P062,R0378,1
P062,R0379,2
P062,R0380,2
P062,R0381,1
P062,R0382,1
P062,R0383,1
P062,R0384,1
P062,R0385,1
P062,R0386,1
P062,R0387,2
P062,R0388,1
P062,R0389,2
P062,R0390,1
P062,R0391,1
P062,R0392,1
P062,R0393,2
P062,R0394,1
P062,R0395,1
P062,R0396,1
P062,R0397,1
P062,R0398,1
P062,R0399,1
P062,R0400,1
P062,R0401,2
P062,R0402,0
P062,R0403,1
P062,R0404,1
P062,R0405,1
P062,R0406,1
P062,R0407,1
P062,R0408,2
P062,R0409,1
P062,R0410,1
P062,R0411,1
P062,R0412,1
P062,R0413,1
P062,R0414,1
P062,R0415,1
P062,R0416,1
P062,R0417,2
P062,R0418,2
P062,R0419,1
P062,R0420,1
P062,R0421,1
P062,R0422,1
P062,R0423,1
P062,R0424,2
P062,R0425,1
P062,R0426,2
P062,R0427,2
P062,R0428,2
P062,R0429,1
P062,R0430,1
P062,R0431,1
P062,R0432,1
P062,R0433,0
P062,R0434,1
P062,R0435,1
P062,R0436,1
P062,R0437,1
P062,R0438,2
P062,R0439,1
P062,R0440,1
P062,R0441,1
P062,R0442,1
P062,R0443,1
P062,R0444,1
P062,R0445,1
P062,R0446,1
P062,R0447,2
P062,R0448,2
P062,R0449,1
P062,R0450,1
P062,R0451,1
P062,R0452,1
P062,R0453,2
P062,R0454,2
P062,R0455,1
P062,R0456,1
P062,R0457,1
P062,R0458,1
P062,R0459,2
P062,R0460,1
P062,R0461,2
P062,R0462,1
P062,R0463,2
P062,R0464,2
P062,R0465,2
P062,R0466,1
P062,R0467,1
P062,R0468,1
P062,R0469,1
P062,R0470,1
P062,R0471,1
P062,R0472,1
P062,R0473,1
P062,R0474,1
P062,R0475,2
P062,R0476,1
P062,R0477,2
P062,R0478,1
P062,R0479,1
P062,R0480,1
P062,R0481,1
P062,R0482,2
P062,R0483,1
P062,R0484,1
P062,R0485,2
P062,R0486,1
P062,R0487,1
P062,R0488,2
P062,R0489,1
P062,R0490,1
P062,R0491,1
P062,R0492,2
P062,R0493,1
P062,R0494,1
P062,R0495,2
P062,R0496,0
P062,R0497,1
P062,R0498,1
P062,R0499,1
P062,R0500,1
P062,R0501,1
P062,R0502,1
P062,R0503,1
P062,R0504,1
P062,R0505,2
P062,R0506,1
P062,R0507,1
P062,R0508,1
P062,R0509,1
P062,R0510,1
P062,R0511,1
P062,R0512,1
P062,R0513,1
P062,R0514,1
P062,R0515,1
P062,R0516,1
P062,R0517,1
P062,R0518,1
P062,R0519,1
P062,R0520,1
P062,R0521,1
P062,R0522,1
P062,R0523,1
P062,R0524,1
P062,R0525,1
P062,R0526,2
P062,R0527,1
P062,R0528,1
P062,R0529,1
P062,R0530,1
P062,R0531,1
P062,R0532,2
P062,R0533,1
P062,R0534,1
P062,R0535,1
P062,R0536,2
P062,R0537,1
P062,R0538,1
P062,R0539,1
P062,R0540,2
P062,R0541,1
P062,R0542,1
P062,R0543,1
P062,R0544,2
P062,R0545,1
P062,R0546,2
P062,R0547,1
P062,R0548,1
P062,R0549,1
P062,R0550,2
P062,R0551,1
P062,R0552,1
P062,R0553,1
P062,R0554,2
P062,R0555,2
P062,R0556,1
P062,R0557,1
P062,R0558,1
P062,R0559,2
P062,R0560,1
P062,R0561,1
P062,R0562,2
P062,R0563,0
P062,R0564,2
P062,R0565,0
P062,R0566,1
P062,R0567,1
P062,R0568,2
P062,R0569,1
P062,R0570,1
P062,R0571,1
P062,R0572,1
P062,R0573,1
P062,R0574,2
P062,R0575,2
P062,R0576,1
P062,R0577,1
P062,R0578,1
P062,R0579,1
P062,R0580,1
P062,R0581,1
P062,R0582,1
P062,R0583,1
P062,R0584,1
P062,R0585,2
P062,R0586,2
P062,R0587,1
P062,R0588,1
P062,R0589,2
P062,R0590,1
P062,R0591,1
P062,R0592,1
P062,R0593,2
P062,R0594,1
P062,R0595,1
P062,R0596,1
P062,R0597,1
P062,R0598,1
P062,R0599,1
P062,R0600,1
P063,R0001,1
P063,R0002,0
P063,R0003,1
P063,R0004,0
P063,R0005,0
P063,R0006,2
P063,R0007,0
P063,R0008,2
P063,R0009,0
P063,R0010,2
P063,R0011,0
P063,R0012,1
P063,R0013,2
P063,R0014,0
P063,R0015,0
P063,R0016,1
P063,R0017,2
P063,R0018,1
P063,R0019,2
P063,R0020,1
P063,R0021,0
P063,R0022,0
P063,R0023,2
P063,R0024,0
P063,R0025,0
P063,R0026,0
P063,R0027,1
P063,R0028,0
P063,R0029,2
P063,R0030,1
P063,R0031,0
P063,R0032,0
P063,R0033,1
P063,R0034,0
P063,R0035,2
P063,R0036,0
P063,R0037,0
P063,R0038,0
P063,R0039,2
P063,R0040,0
P063,R0041,0
P063,R0042,2
P063,R0043,1
P063,R0044,0
P063,R0045,0
P063,R0046,2
P063,R0047,0
P063,R0048,2
P063,R0049,0
P063,R0050,1
P063,R0051,0
P063,R0052,0
P063,R0053,0
P063,R0054,0
P063,R0055,2
P063,R0056,2
P063,R0057,0
P063,R0058,2
P063,R0059,2
P063,R0060,0
P063,R0061,2
P063,R0062,0
P063,R0063,2
P063,R0064,0
P063,R0065,0
P063,R0066,0
P063,R0067,0
P063,R0068,2
P063,R0069,0
P063,R0070,0
P063,R0071,1
P063,R0072,2
P063,R0073,0
P063,R0074,0
P063,R0075,2
P063,R0076,2
P063,R0077,0
P063,R0078,1
P063,R0079,2
P063,R0080,1
P063,R0081,2
P063,R0082,0
P063,R0083,0
P063,R0084,2
P063,R0085,2
P063,R0086,2
P063,R0087,0
P063,R0088,0
P063,R0089,2
P063,R0090,2
P063,R0091,2
P063,R0092,0
P063,R0093,1
P063,R0094,0
P063,R0095,0
P063,R0096,0
P063,R0097,2
P063,R0098,0
P063,R0099,0
P063,R0100,2
P063,R0101,2
P063,R0102,0
P063,R0103,2
P063,R0104,0
P063,R0105,2
P063,R0106,0
P063,R0107,0
P063,R0108,1
P063,R0109,0
P063,R0110,1
P063,R0111,0
P063,R0112,0
P063,R0113,2
P063,R0114,2
P063,R0115,0
P063,R0116,0
P063,R0117,2
P063,R0118,2
P063,R0119,0
P063,R0120,2
P063,R0121,0
P063,R0122,0
P063,R0123,2
P063,R0124,1
P063,R0125,0
P063,R0126,2
P063,R0127,2
P063,R0128,0
P063,R0129,2
P063,R0130,2
P063,R0131,1
P063,R0132,0
P063,R0133,0
P063,R0134,1
P063,R0135,0
P063,R0136,2
P063,R0137,0
P063,R0138,0
P063,R0139,0
P063,R0140,2
P063,R0141,0
P063,R0142,1
P063,R0143,2
P063,R0144,2
P063,R0145,2
P063,R0146,0
P063,R0147,0
P063,R0148,2
P063,R0149,0
P063,R0150,0
P063,R0151,1
P063,R0152,1
P063,R0153,2
P063,R0154,2
P063,R0155,0
P063,R0156,1
P063,R0157,1
P063,R0158,0
P063,R0159,0
P063,R0160,0
P063,R0161,1
P063,R0162,0
P063,R0163,0
P063,R0164,0
P063,R0165,0
P063,R0166,0
P063,R0167,0
P063,R0168,0
P063,R0169,1
P063,R0170,1
P063,R0171,1
P063,R0172,0
P063,R0173,0
P063,R0174,2
P063,R0175,0
P063,R0176,0
P063,R0177,1
P063,R0178,2
P063,R0179,0
P063,R0180,0
P063,R0181,2
P063,R0182,0
P063,R0183,0
P063,R0184,0
P063,R0185,1
P063,R0186,2
P063,R0187,2
P063,R0188,0
P063,R0189,0
P063,R0190,0
P063,R0191,2
P063,R0192,1
P063,R0193,0
P063,R0194,0
P063,R0195,0
P063,R0196,2
P063,R0197,0
P063,R0198,0
P063,R0199,1
P063,R0200,1
P063,R0201,0
P063,R0202,0
P063,R0203,0
P063,R0204,0
P063,R0205,1
P063,R0206,0
P063,R0207,1
P063,R0208,2
P063,R0209,0
P063,R0210,0
P063,R0211,2
P063,R0212,0
P063,R0213,0
P063,R0214,0
P063,R0215,1
P063,R0216,1
P063,R0217,0
P063,R0218,0
P063,R0219,2
P063,R0220,1
P063,R0221,2
P063,R0222,0
P063,R0223,2
P063,R0224,0
P063,R0225,0
P063,R0226,0
P063,R0227,1
P063,R0228,2
P063,R0229,0
P063,R0230,1
P063,R0231,2
P063,R0232,2
P063,R0233,0
P063,R0234,0
P063,R0235,0
P063,R0236,2
P063,R0237,0
P063,R0238,2
P063,R0239,0
P063,R0240,0
P063,R0241,2
P063,R0242,2
P063,R0243,2
P063,R0244,0
P063,R0245,1
P063,R0246,0
P063,R0247,0
P063,R0248,2
P063,R0249,0
P063,R0250,2
P063,R0251,0
P063,R0252,0
P063,R0253,0
P063,R0254,0
P063,R0255,2
P063,R0256,0
P063,R0257,1
P063,R0258,0
P063,R0259,2
P063,R0260,1
P063,R0261,0
P063,R0262,0
P063,R0263,1
P063,R0264,2
P063,R0265,0
P063,R0266,2
P063,R0267,0
P063,R0268,0
P063,R0269,2
P063,R0270,1
P063,R0271,1
P063,R0272,0
P063,R0273,2
P063,R0274,0
P063,R0275,0
P063,R0276,0
P063,R0277,0
P063,R0278,2
P063,R0279,2
P063,R0280,0
P063,R0281,1
P063,R0282,1
P063,R0283,1
P063,R0284,0
P063,R0285,0
P063,R0286,0
P063,R0287,0
P063,R0288,0
P063,R0289,2
P063,R0290,0
P063,R0291,2
P063,R0292,2
P063,R0293,0
P063,R0294,1
P063,R0295,0
P063,R0296,0
P063,R0297,2
P063,R0298,1
P063,R0299,0
P063,R0300,2
P063,R0301,0
P063,R0302,0
P063,R0303,0
P063,R0304,2
P063,R0305,2
P063,R0306,2
P063,R0307,2
P063,R0308,0
P063,R0309,2
P063,R0310,2
P063,R0311,0
P063,R0312,0
P063,R0313,1
P063,R0314,0
P063,R0315,2
P063,R0316,0
P063,R0317,0
P063,R0318,0
P063,R0319,0
P063,R0320,2
P063,R0321,0
P063,R0322,2
P063,R0323,1
P063,R0324,1
P063,R0325,0
P063,R0326,0
P063,R0327,0
P063,R0328,1
P063,R0329,0
P063,R0330,0
P063,R0331,0
P063,R0332,1
P063,R0333,0
P063,R0334,2
P063,R0335,2
P063,R0336,1
P063,R0337,1
P063,R0338,2
P063,R0339,1
P063,R0340,0
P063,R0341,2
P063,R0342,0
P063,R0343,0
P063,R0344,0
P063,R0345,0
P063,R0346,0
P063,R0347,0
P063,R0348,1
P063,R0349,0
P063,R0350,2
P063,R0351,0
P063,R0352,2
P063,R0353,2
P063,R0354,2
P063,R0355,2
P063,R0356,0
P063,R0357,1
P063,R0358,1
P063,R0359,0
P063,R0360,0
P063,R0361,0
P063,R0362,2
P063,R0363,0
P063,R0364,0
P063,R0365,2
P063,R0366,0
P063,R0367,1
P063,R0368,1
P063,R0369,1
P063,R0370,0
P063,R0371,0
P063,R0372,1
P063,R0373,0
P063,R0374,0
P063,R0375,0
P063,R0376,2
P063,R0377,0
P063,R0378,2
P063,R0379,0
P063,R0380,2
P063,R0381,0
P063,R0382,0
P063,R0383,2
P063,R0384,2
P063,R0385,0
P063,R0386,2
P063,R0387,1
P063,R0388,0
P063,R0389,2
P063,R0390,1
P063,R0391,0
P063,R0392,0
P063,R0393,0
P063,R0394,0
P063,R0395,0
P063,R0396,1
P063,R0397,2
P063,R0398,2
P063,R0399,2
P063,R0400,0
P063,R0401,2
P063,R0402,0
P063,R0403,2
P063,R0404,1
P063,R0405,2
P063,R0406,0
P063,R0407,2
P063,R0408,0
P063,R0409,0
P063,R0410,0
P063,R0411,1
P063,R0412,2
P063,R0413,0
P063,R0414,2
P063,R0415,0
P063,R0416,0
P063,R0417,1
P063,R0418,0
P063,R0419,2
P063,R0420,2
P063,R0421,0
P063,R0422,2
P063,R0423,2
P063,R0424,0
P063,R0425,2
P063,R0426,2
P063,R0427,2
P063,R0428,0
P063,R0429,0
P063,R0430,2
P063,R0431,1
P063,R0432,1
P063,R0433,0
P063,R0434,0
P063,R0435,2
P063,R0436,0
P063,R0437,2
P063,R0438,1
P063,R0439,2
P063,R0440,1
P063,R0441,0
P063,R0442,2
P063,R0443,2
P063,R0444,0
P063,R0445,2
P063,R0446,2
P063,R0447,0
P063,R0448,0
P063,R0449,2
P063,R0450,1
P063,R0451,1
P063,R0452,0
P063,R0453,0
P063,R0454,0
P063,R0455,0
P063,R0456,1
P063,R0457,0
P063,R0458,0
P063,R0459,1
P063,R0460,0
P063,R0461,1
P063,R0462,2
P063,R0463,0
P063,R0464,0
P063,R0465,1
P063,R0466,0
P063,R0467,2
P063,R0468,0
P063,R0469,2
P063,R0470,2
P063,R0471,0
P063,R0472,2
P063,R0473,0
P063,R0474,0
P063,R0475,1
P063,R0476,0
P063,R0477,1
P063,R0478,0
P063,R0479,0
P063,R0480,0
P063,R0481,2
P063,R0482,0
P063,R0483,2
P063,R0484,0
P063,R0485,1
P063,R0486,2
P063,R0487,1
P063,R0488,0
P063,R0489,0
P063,R0490,0
P063,R0491,2
P063,R0492,0
P063,R0493,0
P063,R0494,0
P063,R0495,2
P063,R0496,0
P063,R0497,0
P063,R0498,0
P063,R0499,0
P063,R0500,0
P063,R0501,0
P063,R0502,1
P063,R0503,0
P063,R0504,0
P063,R0505,0
P063,R0506,2
P063,R0507,2
P063,R0508,0
P063,R0509,1
P063,R0510,0
P063,R0511,2
P063,R0512,0
P063,R0513,2
P063,R0514,2
P063,R0515,0
P063,R0516,0
P063,R0517,0
P063,R0518,2
P063,R0519,0
P063,R0520,2
P063,R0521,0
P063,R0522,0
P063,R0523,1
P063,R0524,0
P063,R0525,0
P063,R0526,0
P063,R0527,2
P063,R0528,2
P063,R0529,2
P063,R0530,0
P063,R0531,2
P063,R0532,1
P063,R0533,2
P063,R0534,1
P063,R0535,2
P063,R0536,0
P063,R0537,0
P063,R0538,0
P063,R0539,2
P063,R0540,2
P063,R0541,2
P063,R0542,2
P063,R0543,1
P063,R0544,0
P063,R0545,2
P063,R0546,0
P063,R0547,0
P063,R0548,0
P063,R0549,2
P063,R0550,0
P063,R0551,0
P063,R0552,2
P063,R0553,0
P063,R0554,0
P063,R0555,1
P063,R0556,2
P063,R0557,0
P063,R0558,2
P063,R0559,0
P063,R0560,0
P063,R0561,0
P063,R0562,0
P063,R0563,0
P063,R0564,0
P063,R0565,0
P063,R0566,2
P063,R0567,2
P063,R0568,0
P063,R0569,0
P063,R0570,0
P063,R0571,0
P063,R0572,1
P063,R0573,0
P063,R0574,0
P063,R0575,0
P063,R0576,2
P063,R0577,1
P063,R0578,0
P063,R0579,2
P063,R0580,0
P063,R0581,0
P063,R0582,1
P063,R0583,2
P063,R0584,0
P063,R0585,0
P063,R0586,0
P063,R0587,2
P063,R0588,2
P063,R0589,2
P063,R0590,2
P063,R0591,0
P063,R0592,0
P063,R0593,2
P063,R0594,0
P063,R0595,0
P063,R0596,2
P063,R0597,0
P063,R0598,1
P063,R0599,0
P063,R0600,2
P064,R0001,1
P064,R0002,0
P064,R0003,1
P064,R0004,1
P064,R0005,1
P064,R0006,2
P064,R0007,1
P064,R0008,1
P064,R0009,0
P064,R0010,2
P064,R0011,0
P064,R0012,2
P064,R0013,2
P064,R0014,0
P064,R0015,0
P064,R0016,2
P064,R0017,2
P064,R0018,2
P064,R0019,1
P064,R0020,2
P064,R0021,0
P064,R0022,0
P064,R0023,2
P064,R0024,0
P064,R0025,0
P064,R0026,1
P064,R0027,2
P064,R0028,0
P064,R0029,1
P064,R0030,2
P064,R0031,1
P064,R0032,0
P064,R0033,2
P064,R0034,1
P064,R0035,1
P064,R0036,1
P064,R0037,0
P064,R0038,0
P064,R0039,2
P064,R0040,0
P064,R0041,0
P064,R0042,1
P064,R0043,2
P064,R0044,0
P064,R0045,1
P064,R0046,2
P064,R0047,0
P064,R0048,1
P064,R0049,1
P064,R0050,1
P064,R0051,0
P064,R0052,0
P064,R0053,1
P064,R0054,1
P064,R0055,1
P064,R0056,1
P064,R0057,0
P064,R0058,1
P064,R0059,1
P064,R0060,0
P064,R0061,1
P064,R0062,0
P064,R0063,2
P064,R0064,0
P064,R0065,0
P064,R0066,2
P064,R0067,1
P064,R0068,1
P064,R0069,0
P064,R0070,1
P064,R0071,1
P064,R0072,1
P064,R0073,1
P064,R0074,1
P064,R0075,1
P064,R0076,1
P064,R0077,0
P064,R0078,2
P064,R0079,1
P064,R0080,2
P064,R0081,1
P064,R0082,0
P064,R0083,0
P064,R0084,2
P064,R0085,1
P064,R0086,2
P064,R0087,1
P064,R0088,1
P064,R0089,1
P064,R0090,2
P064,R0091,2
P064,R0092,1
P064,R0093,1
P064,R0094,0
P064,R0095,1
P064,R0096,0
P064,R0097,2
P064,R0098,0
P064,R0099,0
P064,R0100,1
P064,R0101,1
P064,R0102,1
P064,R0103,2
P064,R0104,0
P064,R0105,1
P064,R0106,0
P064,R0107,0
P064,R0108,1
P064,R0109,0
P064,R0110,2
P064,R0111,1
P064,R0112,1
P064,R0113,2
P064,R0114,1
P064,R0115,0
P064,R0116,0
P064,R0117,2
P064,R0118,1
P064,R0119,0
P064,R0120,2
P064,R0121,1
P064,R0122,0
P064,R0123,2
P064,R0124,2
P064,R0125,0
P064,R0126,2
P064,R0127,2
P064,R0128,1
P064,R0129,1
P064,R0130,1
P064,R0131,2
P064,R0132,0
P064,R0133,0
P064,R0134,1
P064,R0135,0
P064,R0136,2
P064,R0137,0
P064,R0138,0
P064,R0139,1
P064,R0140,2
P064,R0141,0
P064,R0142,2
P064,R0143,2
P064,R0144,2
P064,R0145,1
P064,R0146,0
P064,R0147,0
P064,R0148,1
P064,R0149,1
P064,R0150,1
P064,R0151,2
P064,R0152,2
P064,R0153,1
P064,R0154,1
P064,R0155,0
P064,R0156,1
P064,R0157,1
P064,R0158,1
P064,R0159,1
P064,R0160,0
P064,R0161,2
P064,R0162,1
P064,R0163,1
P064,R0164,1
P064,R0165,0
P064,R0166,0
P064,R0167,1
P064,R0168,1
P064,R0169,1
P064,R0170,1
P064,R0171,2
P064,R0172,0
P064,R0173,1
P064,R0174,1
P064,R0175,1
P064,R0176,1
P064,R0177,2
P064,R0178,1
P064,R0179,1
P064,R0180,0
P064,R0181,1
P064,R0182,1
P064,R0183,0
P064,R0184,0
P064,R0185,1
P064,R0186,1
P064,R0187,1
P064,R0188,0
P064,R0189,0
P064,R0190,2
P064,R0191,2
P064,R0192,2
P064,R0193,1
P064,R0194,0
P064,R0195,0
P064,R0196,1
P064,R0197,1
P064,R0198,1
P064,R0199,1
P064,R0200,2
P064,R0201,1
P064,R0202,0
P064,R0203,1
P064,R0204,1
P064,R0205,1
P064,R0206,1
P064,R0207,2
P064,R0208,1
P064,R0209,0
P064,R0210,0
P064,R0211,2
P064,R0212,0
P064,R0213,0
P064,R0214,0
P064,R0215,2
P064,R0216,2
P064,R0217,0
P064,R0218,0
P064,R0219,2
P064,R0220,2
P064,R0221,2
P064,R0222,0
P064,R0223,1
P064,R0224,1
P064,R0225,0
P064,R0226,0
P064,R0227,1
P064,R0228,2
P064,R0229,0
P064,R0230,1
P064,R0231,2
P064,R0232,1
P064,R0233,1
P064,R0234,1
P064,R0235,0
P064,R0236,1
P064,R0237,1
P064,R0238,1
P064,R0239,1
P064,R0240,1
P064,R0241,1
P064,R0242,2
P064,R0243,1
P064,R0244,1
P064,R0245,1
P064,R0246,1
P064,R0247,1
P064,R0248,2
P064,R0249,0
P064,R0250,1
P064,R0251,1
P064,R0252,0
P064,R0253,1
P064,R0254,0
P064,R0255,2
P064,R0256,0
P064,R0257,2
P064,R0258,1
P064,R0259,2
P064,R0260,2
P064,R0261,0
P064,R0262,1
P064,R0263,2
P064,R0264,2
P064,R0265,1
P064,R0266,2
P064,R0267,0
P064,R0268,0
P064,R0269,1
P064,R0270,1
P064,R0271,2
P064,R0272,0
P064,R0273,2
P064,R0274,0
P064,R0275,1
P064,R0276,0
P064,R0277,0
P064,R0278,1
P064,R0279,2
P064,R0280,0
P064,R0281,2
P064,R0282,1
P064,R0283,2
P064,R0284,1
P064,R0285,0
P064,R0286,0
P064,R0287,1
P064,R0288,1
P064,R0289,2
P064,R0290,1
P064,R0291,1
P064,R0292,2
P064,R0293,0
P064,R0294,2
P064,R0295,0
P064,R0296,1
P064,R0297,2
P064,R0298,1
P064,R0299,1
P064,R0300,1
P064,R0301,0
P064,R0302,1
P064,R0303,1
P064,R0304,1
P064,R0305,1
P064,R0306,2
P064,R0307,1
P064,R0308,0
P064,R0309,2
P064,R0310,2
P064,R0311,1
P064,R0312,0
P064,R0313,2
P064,R0314,0
P064,R0315,1
P064,R0316,0
P064,R0317,0
P064,R0318,0
P064,R0319,0
P064,R0320,2
P064,R0321,1
P064,R0322,1
P064,R0323,2
P064,R0324,1
P064,R0325,1
P064,R0326,0
P064,R0327,1
P064,R0328,1
P064,R0329,1
P064,R0330,0
P064,R0331,0
P064,R0332,1
P064,R0333,1
P064,R0334,1
P064,R0335,1
P064,R0336,2
P064,R0337,1
P064,R0338,1
P064,R0339,2
P064,R0340,1
P064,R0341,1
P064,R0342,1
P064,R0343,0
P064,R0344,0
P064,R0345,0
P064,R0346,0
P064,R0347,0
P064,R0348,2
P064,R0349,0
P064,R0350,2
P064,R0351,1
P064,R0352,1
P064,R0353,1
P064,R0354,1
P064,R0355,2
P064,R0356,1
P064,R0357,2
P064,R0358,2
P064,R0359,1
P064,R0360,1
P064,R0361,0
P064,R0362,1
P064,R0363,0
P064,R0364,0
P064,R0365,2
P064,R0366,0
P064,R0367,2
P064,R0368,1
P064,R0369,1
P064,R0370,1
P064,R0371,0
P064,R0372,2
P064,R0373,1
P064,R0374,0
P064,R0375,0
P064,R0376,1
P064,R0377,0
P064,R0378,2
P064,R0379,0
P064,R0380,1
P064,R0381,0
P064,R0382,0
P064,R0383,2
P064,R0384,2
P064,R0385,0
P064,R0386,2
P064,R0387,2
P064,R0388,0
P064,R0389,1
P064,R0390,1
P064,R0391,0
P064,R0392,1
P064,R0393,1
P064,R0394,0
P064,R0395,0
P064,R0396,2
P064,R0397,1
P064,R0398,2
P064,R0399,2
P064,R0400,0
P064,R0401,2
P064,R0402,2
P064,R0403,1
P064,R0404,2
P064,R0405,2
P064,R0406,0
P064,R0407,1
P064,R0408,0
P064,R0409,0
P064,R0410,0
P064,R0411,1
P064,R0412,2
P064,R0413,1
P064,R0414,2
P064,R0415,0
P064,R0416,0
P064,R0417,1
P064,R0418,0
P064,R0419,2
P064,R0420,1
P064,R0421,1
P064,R0422,2
P064,R0423,2
P064,R0424,0
P064,R0425,1
P064,R0426,1
P064,R0427,1
P064,R0428,0
P064,R0429,1
P064,R0430,1
P064,R0431,1
P064,R0432,2
P064,R0433,1
P064,R0434,0
P064,R0435,2
P064,R0436,1
P064,R0437,1
P064,R0438,1
P064,R0439,1
P064,R0440,1
P064,R0441,0
P064,R0442,1
P064,R0443,1
P064,R0444,1
P064,R0445,1
P064,R0446,2
P064,R0447,1
P064,R0448,1
P064,R0449,1
P064,R0450,1
P064,R0451,2
P064,R0452,0
P064,R0453,0
P064,R0454,0
P064,R0455,0
P064,R0456,2
P064,R0457,1
P064,R0458,1
P064,R0459,2
P064,R0460,0
P064,R0461,1
P064,R0462,2
P064,R0463,0
P064,R0464,0
P064,R0465,1
P064,R0466,0
P064,R0467,1
P064,R0468,1
P064,R0469,2
P064,R0470,1
P064,R0471,1
P064,R0472,1
P064,R0473,0
P064,R0474,1
P064,R0475,1
P064,R0476,1
P064,R0477,1
P064,R0478,1
P064,R0479,1
P064,R0480,0
P064,R0481,1
P064,R0482,0
P064,R0483,2
P064,R0484,1
P064,R0485,2
P064,R0486,1
P064,R0487,2
P064,R0488,0
P064,R0489,0
P064,R0490,0
P064,R0491,2
P064,R0492,0
P064,R0493,0
P064,R0494,0
P064,R0495,1
P064,R0496,2
P064,R0497,0
P064,R0498,1
P064,R0499,0
P064,R0500,0
P064,R0501,1
P064,R0502,2
P064,R0503,0
P064,R0504,0
P064,R0505,1
P064,R0506,2
P064,R0507,1
P064,R0508,0
P064,R0509,2
P064,R0510,0
P064,R0511,2
P064,R0512,0
P064,R0513,1
P064,R0514,1
P064,R0515,0
P064,R0516,1
P064,R0517,0
P064,R0518,2
P064,R0519,0
P064,R0520,2
P064,R0521,0
P064,R0522,0
P064,R0523,2
P064,R0524,0
P064,R0525,0
P064,R0526,0
P064,R0527,2
P064,R0528,2
P064,R0529,2
P064,R0530,0
P064,R0531,2
P064,R0532,1
P064,R0533,2
P064,R0534,2
P064,R0535,1
P064,R0536,0
P064,R0537,1
P064,R0538,0
P064,R0539,1
P064,R0540,1
P064,R0541,1
P064,R0542,1
P064,R0543,2
P064,R0544,0
P064,R0545,1
P064,R0546,1
P064,R0547,1
P064,R0548,0
P064,R0549,1
P064,R0550,1
P064,R0551,0
P064,R0552,1
P064,R0553,0
P064,R0554,1
P064,R0555,2
P064,R0556,2
P064,R0557,0
P064,R0558,2
P064,R0559,1
P064,R0560,1
P064,R0561,0
P064,R0562,1
P064,R0563,1
P064,R0564,1
P064,R0565,1
P064,R0566,1
P064,R0567,2
P064,R0568,1
P064,R0569,1
P064,R0570,1
P064,R0571,1
P064,R0572,1
P064,R0573,0
P064,R0574,1
P064,R0575,0
P064,R0576,2
P064,R0577,2
P064,R0578,0
P064,R0579,1
P064,R0580,1
P064,R0581,0
P064,R0582,1
P064,R0583,1
P064,R0584,0
P064,R0585,1
P064,R0586,1
P064,R0587,2
P064,R0588,2
P064,R0589,1
P064,R0590,2
P064,R0591,0
P064,R0592,0
P064,R0593,2
P064,R0594,0
P064,R0595,0
P064,R0596,2
P064,R0597,1
P064,R0598,2
P064,R0599,1
P064,R0600,1
P065,R0001,2
P065,R0002,0
P065,R0003,0
P065,R0004,0
P065,R0005,2
P065,R0006,2
P065,R0007,0
P065,R0008,2
P065,R0009,0
P065,R0010,0
P065,R0011,0
P065,R0012,0
P065,R0013,0
P065,R0014,2
P065,R0015,0
P065,R0016,0
P065,R0017,0
P065,R0018,0
P065,R0019,0
P065,R0020,2
P065,R0021,0
P065,R0022,0
P065,R0023,0
P065,R0024,2
P065,R0025,0
P065,R0026,0
P065,R0027,0
P065,R0028,2
P065,R0029,2
P065,R0030,0
P065,R0031,0
P065,R0032,0
P065,R0033,2
P065,R0034,2
P065,R0035,0
P065,R0036,0
P065,R0037,0
P065,R0038,0
P065,R0039,2
P065,R0040,2
P065,R0041,2
P065,R0042,2
P065,R0043,2
P065,R0044,2
P065,R0045,2
P065,R0046,0
P065,R0047,0
P065,R0048,0
P065,R0049,0
P065,R0050,2
P065,R0051,2
P065,R0052,2
P065,R0053,2
P065,R0054,0
P065,R0055,2
P065,R0056,2
P065,R0057,0
P065,R0058,2
P065,R0059,2
P065,R0060,2
P065,R0061,0
P065,R0062,2
P065,R0063,2
P065,R0064,2
P065,R0065,2
P065,R0066,0
P065,R0067,2
P065,R0068,0
P065,R0069,0
P065,R0070,0
P065,R0071,0
P065,R0072,0
P065,R0073,0
P065,R0074,0
P065,R0075,0
P065,R0076,0
P065,R0077,2
P065,R0078,0
P065,R0079,2
P065,R0080,0
P065,R0081,2
P065,R0082,2
P065,R0083,2
P065,R0084,0
P065,R0085,2
P065,R0086,0
P065,R0087,2
P065,R0088,0
P065,R0089,0
P065,R0090,0
P065,R0091,0
P065,R0092,0
P065,R0093,0
P065,R0094,2
P065,R0095,2
P065,R0096,0
P065,R0097,2
P065,R0098,0
P065,R0099,2
P065,R0100,2
P065,R0101,0
P065,R0102,0
P065,R0103,0
P065,R0104,2
P065,R0105,2
P065,R0106,0
P065,R0107,0
P065,R0108,0
P065,R0109,2
P065,R0110,0
P065,R0111,2
P065,R0112,0
P065,R0113,2
P065,R0114,0
P065,R0115,0
P065,R0116,0
P065,R0117,0
P065,R0118,0
P065,R0119,0
P065,R0120,2
P065,R0121,2
P065,R0122,2
P065,R0123,0
P065,R0124,0
P065,R0125,2
P065,R0126,0
P065,R0127,0
P065,R0128,2
P065,R0129,2
P065,R0130,2
P065,R0131,0
P065,R0132,2
P065,R0133,2
P065,R0134,0
P065,R0135,2
P065,R0136,0
P065,R0137,2
P065,R0138,0
P065,R0139,2
P065,R0140,0
P065,R0141,2
P065,R0142,2
P065,R0143,2
P065,R0144,0
P065,R0145,0
P065,R0146,2
P065,R0147,2
P065,R0148,2
P065,R0149,0
P065,R0150,0
P065,R0151,0
P065,R0152,0
P065,R0153,2
P065,R0154,0
P065,R0155,0
P065,R0156,0
P065,R0157,0
P065,R0158,0
P065,R0159,0
P065,R0160,0
P065,R0161,0
P065,R0162,2
P065,R0163,2
P065,R0164,2
P065,R0165,0
P065,R0166,0
P065,R0167,0
P065,R0168,0
P065,R0169,0
P065,R0170,0
P065,R0171,0
P065,R0172,0
P065,R0173,2
P065,R0174,0
P065,R0175,2
P065,R0176,0
P065,R0177,2
P065,R0178,2
P065,R0179,0
P065,R0180,2
P065,R0181,0
P065,R0182,2
P065,R0183,0
P065,R0184,0
P065,R0185,0
P065,R0186,2
P065,R0187,0
P065,R0188,0
P065,R0189,2
P065,R0190,0
P065,R0191,0
P065,R0192,0
P065,R0193,2
P065,R0194,0
P065,R0195,0
P065,R0196,2
P065,R0197,2
P065,R0198,0
P065,R0199,2
P065,R0200,0
P065,R0201,0
P065,R0202,0
P065,R0203,2
P065,R0204,0
P065,R0205,0
P065,R0206,2
P065,R0207,2
P065,R0208,2
P065,R0209,0
P065,R0210,0
P065,R0211,2
P065,R0212,0
P065,R0213,0
P065,R0214,0
P065,R0215,0
P065,R0216,0
P065,R0217,0
P065,R0218,2
P065,R0219,2
P065,R0220,0
P065,R0221,0
P065,R0222,0
P065,R0223,0
P065,R0224,0
P065,R0225,0
P065,R0226,2
P065,R0227,2
P065,R0228,0
P065,R0229,0
P065,R0230,2
P065,R0231,2
P065,R0232,2
P065,R0233,2
P065,R0234,0
P065,R0235,2
P065,R0236,0
P065,R0237,2
P065,R0238,0
P065,R0239,0
P065,R0240,2
P065,R0241,2
P065,R0242,0
P065,R0243,0
P065,R0244,0
P065,R0245,0
P065,R0246,0
P065,R0247,0
P065,R0248,0
P065,R0249,0
P065,R0250,2
P065,R0251,0
P065,R0252,2
P065,R0253,0
P065,R0254,2
P065,R0255,0
P065,R0256,0
P065,R0257,0
P065,R0258,2
P065,R0259,0
P065,R0260,0
P065,R0261,2
P065,R0262,2
P065,R0263,0
P065,R0264,0
P065,R0265,2
P065,R0266,0
P065,R0267,2
P065,R0268,0
P065,R0269,2
P065,R0270,0
P065,R0271,2
P065,R0272,0
P065,R0273,0
P065,R0274,0
P065,R0275,2
P065,R0276,0
P065,R0277,0
P065,R0278,2
P065,R0279,2
P065,R0280,0
P065,R0281,0
P065,R0282,0
P065,R0283,2
P065,R0284,2
P065,R0285,2
P065,R0286,2
P065,R0287,2
P065,R0288,0
P065,R0289,2
P065,R0290,0
P065,R0291,0
P065,R0292,0
P065,R0293,2
P065,R0294,0
P065,R0295,0
P065,R0296,0
P065,R0297,0
P065,R0298,0
P065,R0299,0
P065,R0300,2
P065,R0301,0
P065,R0302,0
P065,R0303,2
P065,R0304,0
P065,R0305,2
P065,R0306,0
P065,R0307,2
P065,R0308,2
P065,R0309,0
P065,R0310,0
P065,R0311,2
P065,R0312,0
P065,R0313,0
P065,R0314,0
P065,R0315,2
P065,R0316,2
P065,R0317,2
P065,R0318,0
P065,R0319,0
P065,R0320,2
P065,R0321,0
P065,R0322,2
P065,R0323,0
P065,R0324,0
P065,R0325,2
P065,R0326,0
P065,R0327,0
P065,R0328,0
P065,R0329,0
P065,R0330,2
P065,R0331,2
P065,R0332,0
P065,R0333,0
P065,R0334,0
P065,R0335,0
P065,R0336,0
P065,R0337,0
P065,R0338,0
P065,R0339,2
P065,R0340,2
P065,R0341,2
P065,R0342,2
P065,R0343,0
P065,R0344,0
P065,R0345,0
P065,R0346,0
P065,R0347,2
P065,R0348,0
P065,R0349,2
P065,R0350,0
P065,R0351,0
P065,R0352,0
P065,R0353,2
P065,R0354,2
P065,R0355,0
P065,R0356,0
P065,R0357,0
P065,R0358,0
P065,R0359,2
P065,R0360,0
P065,R0361,0
P065,R0362,2
P065,R0363,0
P065,R0364,2
P065,R0365,2
P065,R0366,0
P065,R0367,0
P065,R0368,2
P065,R0369,0
P065,R0370,0
P065,R0371,0
P065,R0372,0
P065,R0373,0
P065,R0374,2
P065,R0375,2
P065,R0376,0
P065,R0377,0
P065,R0378,0
P065,R0379,0
P065,R0380,0
P065,R0381,0
P065,R0382,0
P065,R0383,2
P065,R0384,2
P065,R0385,0
P065,R0386,0
P065,R0387,0
P065,R0388,2
P065,R0389,0
P065,R0390,0
P065,R0391,2
P065,R0392,2
P065,R0393,0
P065,R0394,2
P065,R0395,0
P065,R0396,0
P065,R0397,2
P065,R0398,2
P065,R0399,0
P065,R0400,0
P065,R0401,0
P065,R0402,0
P065,R0403,2
P065,R0404,0
P065,R0405,2
P065,R0406,2
P065,R0407,2
P065,R0408,2
P065,R0409,2
P065,R0410,2
P065,R0411,0
P065,R0412,0
P065,R0413,0
P065,R0414,0
P065,R0415,0
P065,R0416,0
P065,R0417,0
P065,R0418,2
P065,R0419,2
P065,R0420,2
P065,R0421,2
P065,R0422,0
P065,R0423,2
P065,R0424,2
P065,R0425,2
P065,R0426,2
P065,R0427,0
P065,R0428,0
P065,R0429,0
P065,R0430,0
P065,R0431,2
P065,R0432,0
P065,R0433,2
P065,R0434,0
P065,R0435,0
P065,R0436,0
P065,R0437,2
P065,R0438,0
P065,R0439,2
P065,R0440,2
P065,R0441,2
P065,R0442,2
P065,R0443,0
P065,R0444,0
P065,R0445,2
P065,R0446,0
P065,R0447,2
P065,R0448,2
P065,R0449,2
P065,R0450,0
P065,R0451,2
P065,R0452,0
P065,R0453,2
P065,R0454,0
P065,R0455,0
P065,R0456,0
P065,R0457,0
P065,R0458,0
P065,R0459,0
P065,R0460,0
P065,R0461,0
P065,R0462,2
P065,R0463,0
P065,R0464,0
P065,R0465,0
P065,R0466,2
P065,R0467,2
P065,R0468,2
P065,R0469,0
P065,R0470,2
P065,R0471,2
P065,R0472,2
P065,R0473,2
P065,R0474,2
P065,R0475,0
P065,R0476,0
P065,R0477,0
P065,R0478,2
P065,R0479,2
P065,R0480,0
P065,R0481,2
P065,R0482,2
P065,R0483,0
P065,R0484,2
P065,R0485,0
P065,R0486,2
P065,R0487,0
P065,R0488,0
P065,R0489,2
P065,R0490,2
P065,R0491,0
P065,R0492,0
P065,R0493,0
P065,R0494,0
P065,R0495,0
P065,R0496,0
P065,R0497,2
P065,R0498,2
P065,R0499,0
P065,R0500,2
P065,R0501,2
P065,R0502,0
P065,R0503,0
P065,R0504,0
P065,R0505,2
P065,R0506,2
P065,R0507,0
P065,R0508,0
P065,R0509,0
P065,R0510,0
P065,R0511,0
P065,R0512,2
P065,R0513,2
P065,R0514,0
P065,R0515,2
P065,R0516,0
P065,R0517,2
P065,R0518,0
P065,R0519,0
P065,R0520,2
P065,R0521,0
P065,R0522,0
P065,R0523,2
P065,R0524,2
P065,R0525,0
P065,R0526,2
P065,R0527,0
P065,R0528,0
P065,R0529,2
P065,R0530,2
P065,R0531,0
P065,R0532,0
P065,R0533,0
P065,R0534,0
P065,R0535,0
P065,R0536,0
P065,R0537,2
P065,R0538,2
P065,R0539,2
P065,R0540,0
P065,R0541,2
P065,R0542,0
P065,R0543,2
P065,R0544,0
P065,R0545,2
P065,R0546,0
P065,R0547,0
P065,R0548,2
P065,R0549,0
P065,R0550,0
P065,R0551,2
P065,R0552,2
P065,R0553,0
P065,R0554,0
P065,R0555,0
P065,R0556,0
P065,R0557,2
P065,R0558,0
P065,R0559,2
P065,R0560,2
P065,R0561,0
P065,R0562,0
P065,R0563,2
P065,R0564,0
P065,R0565,2
P065,R0566,2
P065,R0567,0
P065,R0568,0
P065,R0569,0
P065,R0570,0
P065,R0571,2
P065,R0572,0
P065,R0573,0
P065,R0574,0
P065,R0575,0
P065,R0576,0
P065,R0577,2
P065,R0578,0
P065,R0579,2
P065,R0580,0
P065,R0581,0
P065,R0582,0
P065,R0583,2
P065,R0584,2
P065,R0585,2
P065,R0586,0
P065,R0587,0
P065,R0588,0
P065,R0589,2
P065,R0590,2
P065,R0591,0
P065,R0592,0
P065,R0593,0
P065,R0594,0
P065,R0595,0
P065,R0596,0
P065,R0597,0
P065,R0598,0
P065,R0599,2
P065,R0600,0
P066,R0001,1
P066,R0002,0
P066,R0003,1
P066,R0004,2
P066,R0005,1
P066,R0006,1
P066,R0007,2
P066,R0008,2
P066,R0009,0
P066,R0010,2
P066,R0011,0
P066,R0012,2
P066,R0013,2
P066,R0014,0
P066,R0015,0
P066,R0016,2
P066,R0017,2
P066,R0018,2
P066,R0019,1
P066,R0020,2
P066,R0021,0
P066,R0022,0
P066,R0023,2
P066,R0024,0
P066,R0025,0
P066,R0026,2
P066,R0027,2
P066,R0028,0
P066,R0029,1
P066,R0030,2
P066,R0031,1
P066,R0032,0
P066,R0033,2
P066,R0034,1
P066,R0035,2
P066,R0036,2
P066,R0037,0
P066,R0038,0
P066,R0039,1
P066,R0040,0
P066,R0041,0
P066,R0042,1
P066,R0043,2
P066,R0044,0
P066,R0045,1
P066,R0046,2
P066,R0047,0
P066,R0048,1
P066,R0049,2
P066,R0050,1
P066,R0051,0
P066,R0052,0
P066,R0053,1
P066,R0054,2
P066,R0055,1
P066,R0056,1
P066,R0057,0
P066,R0058,1
P066,R0059,1
P066,R0060,0
P066,R0061,1
P066,R0062,0
P066,R0063,1
P066,R0064,0
P066,R0065,0
P066,R0066,1
P066,R0067,1
P066,R0068,2
P066,R0069,0
P066,R0070,2
P066,R0071,1
P066,R0072,2
P066,R0073,2
P066,R0074,2
P066,R0075,1
P066,R0076,1
P066,R0077,0
P066,R0078,2
P066,R0079,2
P066,R0080,2
P066,R0081,1
P066,R0082,0
P066,R0083,0
P066,R0084,2
P066,R0085,2
P066,R0086,2
P066,R0087,1
P066,R0088,1
P066,R0089,1
P066,R0090,2
P066,R0091,1
P066,R0092,2
P066,R0093,1
P066,R0094,0
P066,R0095,1
P066,R0096,0
P066,R0097,1
P066,R0098,0
P066,R0099,0
P066,R0100,1
P066,R0101,1
P066,R0102,1
P066,R0103,2
P066,R0104,0
P066,R0105,1
P066,R0106,0
P066,R0107,0
P066,R0108,2
P066,R0109,0
P066,R0110,2
P066,R0111,1
P066,R0112,1
P066,R0113,1
P066,R0114,1
P066,R0115,0
P066,R0116,0
P066,R0117,2
P066,R0118,2
P066,R0119,0
P066,R0120,2
P066,R0121,2
P066,R0122,0
P066,R0123,1
P066,R0124,2
P066,R0125,0
P066,R0126,1
P066,R0127,1
P066,R0128,1
P066,R0129,1
P066,R0130,1
P066,R0131,2
P066,R0132,0
P066,R0133,0
P066,R0134,2
P066,R0135,0
P066,R0136,1
P066,R0137,0
P066,R0138,0
P066,R0139,1
P066,R0140,1
P066,R0141,0
P066,R0142,2
P066,R0143,1
P066,R0144,1
P066,R0145,1
P066,R0146,0
P066,R0147,0
P066,R0148,1
P066,R0149,2
P066,R0150,2
P066,R0151,2
P066,R0152,2
P066,R0153,2
P066,R0154,1
P066,R0155,0
P066,R0156,2
P066,R0157,2
P066,R0158,1
P066,R0159,2
P066,R0160,0
P066,R0161,2
P066,R0162,2
P066,R0163,1
P066,R0164,2
P066,R0165,0
P066,R0166,0
P066,R0167,2
P066,R0168,2
P066,R0169,1
P066,R0170,1
P066,R0171,2
P066,R0172,0
P066,R0173,1
P066,R0174,2
P066,R0175,1
P066,R0176,2
P066,R0177,2
P066,R0178,1
P066,R0179,2
P066,R0180,0
P066,R0181,1
P066,R0182,1
P066,R0183,0
P066,R0184,0
P066,R0185,2
P066,R0186,1
P066,R0187,2
P066,R0188,0
P066,R0189,0
P066,R0190,2
P066,R0191,1
P066,R0192,2
P066,R0193,1
P066,R0194,0
P066,R0195,0
P066,R0196,1
P066,R0197,2
P066,R0198,2
P066,R0199,1
P066,R0200,2
P066,R0201,1
P066,R0202,0
P066,R0203,1
P066,R0204,2
P066,R0205,1
P066,R0206,1
P066,R0207,2
P066,R0208,1
P066,R0209,0
P066,R0210,0
P066,R0211,2
P066,R0212,0
P066,R0213,0
P066,R0214,0
P066,R0215,2
P066,R0216,2
P066,R0217,0
P066,R0218,0
P066,R0219,1
P066,R0220,2
P066,R0221,2
P066,R0222,0
P066,R0223,1
P066,R0224,2
P066,R0225,0
P066,R0226,0
P066,R0227,1
P066,R0228,1
P066,R0229,0
P066,R0230,1
P066,R0231,1
P066,R0232,1
P066,R0233,2
P066,R0234,2
P066,R0235,0
P066,R0236,1
P066,R0237,2
P066,R0238,1
P066,R0239,2
P066,R0240,1
P066,R0241,1
P066,R0242,1
P066,R0243,1
P066,R0244,2
P066,R0245,2
P066,R0246,1
P066,R0247,2
P066,R0248,1
P066,R0249,0
P066,R0250,1
P066,R0251,1
P066,R0252,0
P066,R0253,2
P066,R0254,0
P066,R0255,1
P066,R0256,0
P066,R0257,2
P066,R0258,1
P066,R0259,2
P066,R0260,2
P066,R0261,0
P066,R0262,1
P066,R0263,2
P066,R0264,2
P066,R0265,1
P066,R0266,1
P066,R0267,0
P066,R0268,0
P066,R0269,2
P066,R0270,2
P066,R0271,2
P066,R0272,0
P066,R0273,2
P066,R0274,0
P066,R0275,1
P066,R0276,0
P066,R0277,0
P066,R0278,1
P066,R0279,1
P066,R0280,0
P066,R0281,2
P066,R0282,1
P066,R0283,2
P066,R0284,1
P066,R0285,0
P066,R0286,0
P066,R0287,1
P066,R0288,2
P066,R0289,1
P066,R0290,2
P066,R0291,2
P066,R0292,1
P066,R0293,0
P066,R0294,2
P066,R0295,0
P066,R0296,2
P066,R0297,2
P066,R0298,1
P066,R0299,2
P066,R0300,1
P066,R0301,0
P066,R0302,1
P066,R0303,1
P066,R0304,1
P066,R0305,1
P066,R0306,2
P066,R0307,1
P066,R0308,0
P066,R0309,2
P066,R0310,2
P066,R0311,1
P066,R0312,0
P066,R0313,2
P066,R0314,0
P066,R0315,1
P066,R0316,0
P066,R0317,0
P066,R0318,0
P066,R0319,0
P066,R0320,1
P066,R0321,2
P066,R0322,1
P066,R0323,2
P066,R0324,1
P066,R0325,2
P066,R0326,0
P066,R0327,2
P066,R0328,2
P066,R0329,2
P066,R0330,0
P066,R0331,0
P066,R0332,1
P066,R0333,2
P066,R0334,2
P066,R0335,1
P066,R0336,2
P066,R0337,1
P066,R0338,2
P066,R0339,2
P066,R0340,1
P066,R0341,1
P066,R0342,1
P066,R0343,0
P066,R0344,0
P066,R0345,0
P066,R0346,0
P066,R0347,0
P066,R0348,2
P066,R0349,0
P066,R0350,2
P066,R0351,1
P066,R0352,2
P066,R0353,1
P066,R0354,1
P066,R0355,1
P066,R0356,2
P066,R0357,2
P066,R0358,2
P066,R0359,1
P066,R0360,2
P066,R0361,0
P066,R0362,1
P066,R0363,0
P066,R0364,0
P066,R0365,1
P066,R0366,0
P066,R0367,2
P066,R0368,1
P066,R0369,1
P066,R0370,2
P066,R0371,0
P066,R0372,2
P066,R0373,2
P066,R0374,0
P066,R0375,0
P066,R0376,1
P066,R0377,0
P066,R0378,2
P066,R0379,0
P066,R0380,1
P066,R0381,0
P066,R0382,0
P066,R0383,1
P066,R0384,1
P066,R0385,0
P066,R0386,1
P066,R0387,2
P066,R0388,0
P066,R0389,2
P066,R0390,2
P066,R0391,0
P066,R0392,1
P066,R0393,2
P066,R0394,0
P066,R0395,0
P066,R0396,2
P066,R0397,1
P066,R0398,1
P066,R0399,1
P066,R0400,0
P066,R0401,1
P066,R0402,1
P066,R0403,1
P066,R0404,2
P066,R0405,1
P066,R0406,0
P066,R0407,1
P066,R0408,0
P066,R0409,0
P066,R0410,0
P066,R0411,1
P066,R0412,2
P066,R0413,1
P066,R0414,1
P066,R0415,0
P066,R0416,0
P066,R0417,1
P066,R0418,0
P066,R0419,2
P066,R0420,1
P066,R0421,1
P066,R0422,2
P066,R0423,1
P066,R0424,0
P066,R0425,1
P066,R0426,2
P066,R0427,2
P066,R0428,0
P066,R0429,2
P066,R0430,1
P066,R0431,1
P066,R0432,2
P066,R0433,1
P066,R0434,0
P066,R0435,1
P066,R0436,2
P066,R0437,1
P066,R0438,2
P066,R0439,1
P066,R0440,1
P066,R0441,0
P066,R0442,1
P066,R0443,1
P066,R0444,2
P066,R0445,1
P066,R0446,2
P066,R0447,1
P066,R0448,2
P066,R0449,2
P066,R0450,2
P066,R0451,2
P066,R0452,0
P066,R0453,0
P066,R0454,0
P066,R0455,0
P066,R0456,2
P066,R0457,1
P066,R0458,2
P066,R0459,2
P066,R0460,0
P066,R0461,1
P066,R0462,1
P066,R0463,0
P066,R0464,0
P066,R0465,2
P066,R0466,0
P066,R0467,2
P066,R0468,2
P066,R0469,1
P066,R0470,1
P066,R0471,2
P066,R0472,1
P066,R0473,0
P066,R0474,1
P066,R0475,2
P066,R0476,2
P066,R0477,2
P066,R0478,2
P066,R0479,1
P066,R0480,0
P066,R0481,1
P066,R0482,0
P066,R0483,1
P066,R0484,2
P066,R0485,2
P066,R0486,1
P066,R0487,2
P066,R0488,0
P066,R0489,0
P066,R0490,0
P066,R0491,1
P066,R0492,0
P066,R0493,0
P066,R0494,0
P066,R0495,1
P066,R0496,2
P066,R0497,0
P066,R0498,2
P066,R0499,0
P066,R0500,0
P066,R0501,1
P066,R0502,2
P066,R0503,0
P066,R0504,0
P066,R0505,2
P066,R0506,1
P066,R0507,2
P066,R0508,0
P066,R0509,2
P066,R0510,0
P066,R0511,2
P066,R0512,0
P066,R0513,2
P066,R0514,1
P066,R0515,0
P066,R0516,1
P066,R0517,0
P066,R0518,1
P066,R0519,0
P066,R0520,1
P066,R0521,0
P066,R0522,0
P066,R0523,2
P066,R0524,0
P066,R0525,0
P066,R0526,0
P066,R0527,1
P066,R0528,1
P066,R0529,1
P066,R0530,0
P066,R0531,2
P066,R0532,1
P066,R0533,2
P066,R0534,2
P066,R0535,2
P066,R0536,0
P066,R0537,1
P066,R0538,0
P066,R0539,1
P066,R0540,2
P066,R0541,1
P066,R0542,1
P066,R0543,2
P066,R0544,0
P066,R0545,2
P066,R0546,2
P066,R0547,2
P066,R0548,0
P066,R0549,2
P066,R0550,2
P066,R0551,0
P066,R0552,1
P066,R0553,0
P066,R0554,2
P066,R0555,2
P066,R0556,1
P066,R0557,0
P066,R0558,2
P066,R0559,1
P066,R0560,1
P066,R0561,0
P066,R0562,2
P066,R0563,1
P066,R0564,2
P066,R0565,1
P066,R0566,1
P066,R0567,2
P066,R0568,2
P066,R0569,1
P066,R0570,1
P066,R0571,1
P066,R0572,2
P066,R0573,0
P066,R0574,2
P066,R0575,0
P066,R0576,1
P066,R0577,2
P066,R0578,0
P066,R0579,2
P066,R0580,2
P066,R0581,0
P066,R0582,1
P066,R0583,1
P066,R0584,0
P066,R0585,2
P066,R0586,2
P066,R0587,1
P066,R0588,1
P066,R0589,2
P066,R0590,2
P066,R0591,0
P066,R0592,0
P066,R0593,1
P066,R0594,0
P066,R0595,0
P066,R0596,1
P066,R0597,2
P066,R0598,2
P066,R0599,2
P066,R0600,2
P067,R0001,1
P067,R0002,2
P067,R0003,1
P067,R0004,0
P067,R0005,1
P067,R0006,1
P067,R0007,2
P067,R0008,1
P067,R0009,1
P067,R0010,2
P067,R0011,2
P067,R0012,2
P067,R0013,1
P067,R0014,1
P067,R0015,1
P067,R0016,2
P067,R0017,2
P067,R0018,2
P067,R0019,1
P067,R0020,2
P067,R0021,1
P067,R0022,2
P067,R0023,1
P067,R0024,1
P067,R0025,2
P067,R0026,1
P067,R0027,2
P067,R0028,1
P067,R0029,1
P067,R0030,2
P067,R0031,1
P067,R0032,1
P067,R0033,2
P067,R0034,1
P067,R0035,1
P067,R0036,2
P067,R0037,1
P067,R0038,1
P067,R0039,1
P067,R0040,1
P067,R0041,0
P067,R0042,1
P067,R0043,2
P067,R0044,1
P067,R0045,1
P067,R0046,2
P067,R0047,1
P067,R0048,1
P067,R0049,2
P067,R0050,1
P067,R0051,1
P067,R0052,1
P067,R0053,1
P067,R0054,1
P067,R0055,1
P067,R0056,1
P067,R0057,2
P067,R0058,1
P067,R0059,1
P067,R0060,1
P067,R0061,1
P067,R0062,1
P067,R0063,1
P067,R0064,1
P067,R0065,1
P067,R0066,0
P067,R0067,1
P067,R0068,2
P067,R0069,1
P067,R0070,1
P067,R0071,1
P067,R0072,2
P067,R0073,2
P067,R0074,2
P067,R0075,1
P067,R0076,1
P067,R0077,1
P067,R0078,2
P067,R0079,1
P067,R0080,2
P067,R0081,1
P067,R0082,2
P067,R0083,1
P067,R0084,2
P067,R0085,2
P067,R0086,2
P067,R0087,1
P067,R0088,1
P067,R0089,1
P067,R0090,2
P067,R0091,1
P067,R0092,0
P067,R0093,1
P067,R0094,1
P067,R0095,1
P067,R0096,2
P067,R0097,1
P067,R0098,1
P067,R0099,1
P067,R0100,1
P067,R0101,1
P067,R0102,1
P067,R0103,1
P067,R0104,1
P067,R0105,1
P067,R0106,2
P067,R0107,1
P067,R0108,1
P067,R0109,1
P067,R0110,2
P067,R0111,1
P067,R0112,0
P067,R0113,1
P067,R0114,1
P067,R0115,1
P067,R0116,2
P067,R0117,2
P067,R0118,2
P067,R0119,1
P067,R0120,2
P067,R0121,2
P067,R0122,2
P067,R0123,1
P067,R0124,2
P067,R0125,1
P067,R0126,1
P067,R0127,1
P067,R0128,1
P067,R0129,1
P067,R0130,1
P067,R0131,2
P067,R0132,1
P067,R0133,1
P067,R0134,1
P067,R0135,1
P067,R0136,1
P067,R0137,1
P067,R0138,2
P067,R0139,1
P067,R0140,1
P067,R0141,1
P067,R0142,2
P067,R0143,1
P067,R0144,1
P067,R0145,1
P067,R0146,1
P067,R0147,1
P067,R0148,1
P067,R0149,1
P067,R0150,1
P067,R0151,2
P067,R0152,2
P067,R0153,2
P067,R0154,1
P067,R0155,1
P067,R0156,2
P067,R0157,1
P067,R0158,1
P067,R0159,1
P067,R0160,1
P067,R0161,2
P067,R0162,1
P067,R0163,1
P067,R0164,2
P067,R0165,1
P067,R0166,1
P067,R0167,2
P067,R0168,2
P067,R0169,1
P067,R0170,1
P067,R0171,2
P067,R0172,1
P067,R0173,1
P067,R0174,1
P067,R0175,1
P067,R0176,2
P067,R0177,2
P067,R0178,1
P067,R0179,2
P067,R0180,1
P067,R0181,1
P067,R0182,1
P067,R0183,2
P067,R0184,1
P067,R0185,1
P067,R0186,1
P067,R0187,1
P067,R0188,1
P067,R0189,1
P067,R0190,0
P067,R0191,1
P067,R0192,2
P067,R0193,1
P067,R0194,1
P067,R0195,2
P067,R0196,1
P067,R0197,1
P067,R0198,2
P067,R0199,1
P067,R0200,2
P067,R0201,1
P067,R0202,2
P067,R0203,1
P067,R0204,1
P067,R0205,1
P067,R0206,1
P067,R0207,2
P067,R0208,1
P067,R0209,1
P067,R0210,2
P067,R0211,2
P067,R0212,2
P067,R0213,1
P067,R0214,2
P067,R0215,2
P067,R0216,2
P067,R0217,1
P067,R0218,1
P067,R0219,1
P067,R0220,2
P067,R0221,2
P067,R0222,2
P067,R0223,1
P067,R0224,2
P067,R0225,0
P067,R0226,1
P067,R0227,1
P067,R0228,1
P067,R0229,2
P067,R0230,1
P067,R0231,1
P067,R0232,1
P067,R0233,0
P067,R0234,2
P067,R0235,2
P067,R0236,1
P067,R0237,2
P067,R0238,1
P067,R0239,2
P067,R0240,1
P067,R0241,1
P067,R0242,1
P067,R0243,1
P067,R0244,1
P067,R0245,2
P067,R0246,1
P067,R0247,1
P067,R0248,1
P067,R0249,2
P067,R0250,1
P067,R0251,1
P067,R0252,2
P067,R0253,1
P067,R0254,1
P067,R0255,1
P067,R0256,2
P067,R0257,2
P067,R0258,1
P067,R0259,1
P067,R0260,2
P067,R0261,1
P067,R0262,1
P067,R0263,2
P067,R0264,2
P067,R0265,1
P067,R0266,1
P067,R0267,0
P067,R0268,2
P067,R0269,1
P067,R0270,1
P067,R0271,2
P067,R0272,1
P067,R0273,2
P067,R0274,1
P067,R0275,1
P067,R0276,1
P067,R0277,1
P067,R0278,1
P067,R0279,1
P067,R0280,2
P067,R0281,2
P067,R0282,1
P067,R0283,2
P067,R0284,1
P067,R0285,1
P067,R0286,1
P067,R0287,1
P067,R0288,2
P067,R0289,1
P067,R0290,2
P067,R0291,1
P067,R0292,1
P067,R0293,1
P067,R0294,2
P067,R0295,2
P067,R0296,0
P067,R0297,2
P067,R0298,1
P067,R0299,2
P067,R0300,1
P067,R0301,1
P067,R0302,1
P067,R0303,1
P067,R0304,1
P067,R0305,1
P067,R0306,2
P067,R0307,1
P067,R0308,1
P067,R0309,2
P067,R0310,2
P067,R0311,1
P067,R0312,1
P067,R0313,2
P067,R0314,2
P067,R0315,1
P067,R0316,1
P067,R0317,1
P067,R0318,1
P067,R0319,1
P067,R0320,1
P067,R0321,1
P067,R0322,1
P067,R0323,2
P067,R0324,1
P067,R0325,2
P067,R0326,1
P067,R0327,1
P067,R0328,1
P067,R0329,1
P067,R0330,1
P067,R0331,2
P067,R0332,1
P067,R0333,1
P067,R0334,2
P067,R0335,1
P067,R0336,2
P067,R0337,1
P067,R0338,2
P067,R0339,2
P067,R0340,1
P067,R0341,1
P067,R0342,1
P067,R0343,2
P067,R0344,1
P067,R0345,1
P067,R0346,2
P067,R0347,1
P067,R0348,2
P067,R0349,1
P067,R0350,2
P067,R0351,1
P067,R0352,2
P067,R0353,1
P067,R0354,1
P067,R0355,1
P067,R0356,2
P067,R0357,2
P067,R0358,2
P067,R0359,1
P067,R0360,2
P067,R0361,1
P067,R0362,1
P067,R0363,2
P067,R0364,1
P067,R0365,1
P067,R0366,2
P067,R0367,2
P067,R0368,1
P067,R0369,1
P067,R0370,2
P067,R0371,2
P067,R0372,2
P067,R0373,2
P067,R0374,1
P067,R0375,1
P067,R0376,1
P067,R0377,2
P067,R0378,2
P067,R0379,1
P067,R0380,1
P067,R0381,2
P067,R0382,2
P067,R0383,1
P067,R0384,1
P067,R0385,1
P067,R0386,1
P067,R0387,2
P067,R0388,1
P067,R0389,1
P067,R0390,2
P067,R0391,2
P067,R0392,1
P067,R0393,2
P067,R0394,1
P067,R0395,2
P067,R0396,2
P067,R0397,1
P067,R0398,1
P067,R0399,1
P067,R0400,1
P067,R0401,1
P067,R0402,0
P067,R0403,1
P067,R0404,2
P067,R0405,1
P067,R0406,2
P067,R0407,1
P067,R0408,1
P067,R0409,2
P067,R0410,1
P067,R0411,1
P067,R0412,2
P067,R0413,1
P067,R0414,1
P067,R0415,2
P067,R0416,2
P067,R0417,1
P067,R0418,1
P067,R0419,2
P067,R0420,1
P067,R0421,1
P067,R0422,2
P067,R0423,1
P067,R0424,1
P067,R0425,1
P067,R0426,1
P067,R0427,1
P067,R0428,1
P067,R0429,2
P067,R0430,1
P067,R0431,1
P067,R0432,2
P067,R0433,0
P067,R0434,1
P067,R0435,1
P067,R0436,2
P067,R0437,1
P067,R0438,1
P067,R0439,1
P067,R0440,1
P067,R0441,1
P067,R0442,1
P067,R0443,1
P067,R0444,2
P067,R0445,1
P067,R0446,2
P067,R0447,1
P067,R0448,1
P067,R0449,2
P067,R0450,2
P067,R0451,2
P067,R0452,1
P067,R0453,1
P067,R0454,1
P067,R0455,2
P067,R0456,2
P067,R0457,1
P067,R0458,2
P067,R0459,2
P067,R0460,2
P067,R0461,1
P067,R0462,1
P067,R0463,1
P067,R0464,2
P067,R0465,1
P067,R0466,2
P067,R0467,2
P067,R0468,2
P067,R0469,1
P067,R0470,1
P067,R0471,1
P067,R0472,1
P067,R0473,2
P067,R0474,1
P067,R0475,1
P067,R0476,2
P067,R0477,1
P067,R0478,2
P067,R0479,1
P067,R0480,1
P067,R0481,1
P067,R0482,1
P067,R0483,1
P067,R0484,1
P067,R0485,2
P067,R0486,1
P067,R0487,2
P067,R0488,2
P067,R0489,1
P067,R0490,1
P067,R0491,1
P067,R0492,2
P067,R0493,2
P067,R0494,2
P067,R0495,1
P067,R0496,0
P067,R0497,2
P067,R0498,2
P067,R0499,2
P067,R0500,2
P067,R0501,1
P067,R0502,2
P067,R0503,2
P067,R0504,2
P067,R0505,1
P067,R0506,1
P067,R0507,2
P067,R0508,2
P067,R0509,2
P067,R0510,1
P067,R0511,2
P067,R0512,1
P067,R0513,2
P067,R0514,1
P067,R0515,1
P067,R0516,1
P067,R0517,1
P067,R0518,1
P067,R0519,2
P067,R0520,1
P067,R0521,2
P067,R0522,2
P067,R0523,2
P067,R0524,2
P067,R0525,1
P067,R0526,1
P067,R0527,1
P067,R0528,1
P067,R0529,1
P067,R0530,2
P067,R0531,2
P067,R0532,1
P067,R0533,2
P067,R0534,2
P067,R0535,1
P067,R0536,1
P067,R0537,1
P067,R0538,2
P067,R0539,1
P067,R0540,1
P067,R0541,1
P067,R0542,1
P067,R0543,2
P067,R0544,2
P067,R0545,2
P067,R0546,2
P067,R0547,1
P067,R0548,1
P067,R0549,2
P067,R0550,2
P067,R0551,2
P067,R0552,1
P067,R0553,2
P067,R0554,1
P067,R0555,2
P067,R0556,1
P067,R0557,1
P067,R0558,1
P067,R0559,1
P067,R0560,1
P067,R0561,1
P067,R0562,2
P067,R0563,0
P067,R0564,1
P067,R0565,0
P067,R0566,1
P067,R0567,2
P067,R0568,2
P067,R0569,1
P067,R0570,1
P067,R0571,1
P067,R0572,2
P067,R0573,1
P067,R0574,1
P067,R0575,1
P067,R0576,1
P067,R0577,2
P067,R0578,1
P067,R0579,2
P067,R0580,2
P067,R0581,2
P067,R0582,1
P067,R0583,1
P067,R0584,2
P067,R0585,1
P067,R0586,2
P067,R0587,1
P067,R0588,1
P067,R0589,1
P067,R0590,2
P067,R0591,1
P067,R0592,2
P067,R0593,1
P067,R0594,2
P067,R0595,1
P067,R0596,1
P067,R0597,2
P067,R0598,2
P067,R0599,1
P067,R0600,1
P068,R0001,2
P068,R0002,0
P068,R0003,0
P068,R0004,0
P068,R0005,2
P068,R0006,0
P068,R0007,0
P068,R0008,0
P068,R0009,0
P068,R0010,0
P068,R0011,0
P068,R0012,0
P068,R0013,0
P068,R0014,0
P068,R0015,0
P068,R0016,0
P068,R0017,0
P068,R0018,0
P068,R0019,0
P068,R0020,2
P068,R0021,0
P068,R0022,0
P068,R0023,0
P068,R0024,0
P068,R0025,0
P068,R0026,0
P068,R0027,0
P068,R0028,0
P068,R0029,0
P068,R0030,0
P068,R0031,0
P068,R0032,0
P068,R0033,2
P068,R0034,2
P068,R0035,0
P068,R0036,0
P068,R0037,0
P068,R0038,0
P068,R0039,2
P068,R0040,0
P068,R0041,0
P068,R0042,0
P068,R0043,0
P068,R0044,0
P068,R0045,0
P068,R0046,0
P068,R0047,0
P068,R0048,0
P068,R0049,0
P068,R0050,2
P068,R0051,0
P068,R0052,0
P068,R0053,2
P068,R0054,0
P068,R0055,0
P068,R0056,0
P068,R0057,0
P068,R0058,0
P068,R0059,2
P068,R0060,0
P068,R0061,0
P068,R0062,0
P068,R0063,0
P068,R0064,0
P068,R0065,0
P068,R0066,0
P068,R0067,2
P068,R0068,0
P068,R0069,0
P068,R0070,0
P068,R0071,0
P068,R0072,0
P068,R0073,0
P068,R0074,0
P068,R0075,0
P068,R0076,0
P068,R0077,0
P068,R0078,0
P068,R0079,0
P068,R0080,0
P068,R0081,2
P068,R0082,0
P068,R0083,0
P068,R0084,0
P068,R0085,0
P068,R0086,0
P068,R0087,2
P068,R0088,0
P068,R0089,0
P068,R0090,0
P068,R0091,0
P068,R0092,0
P068,R0093,0
P068,R0094,0
P068,R0095,2
P068,R0096,0
P068,R0097,0
P068,R0098,0
P068,R0099,0
P068,R0100,0
P068,R0101,0
P068,R0102,0
P068,R0103,0
P068,R0104,0
P068,R0105,2
P068,R0106,0
P068,R0107,0
P068,R0108,0
P068,R0109,0
P068,R0110,0
P068,R0111,2
P068,R0112,0
P068,R0113,0
P068,R0114,0
P068,R0115,0
P068,R0116,0
P068,R0117,0
P068,R0118,0
P068,R0119,0
P068,R0120,0
P068,R0121,0
P068,R0122,0
P068,R0123,0
P068,R0124,0
P068,R0125,0
P068,R0126,0
P068,R0127,0
P068,R0128,2
P068,R0129,0
P068,R0130,0
P068,R0131,0
P068,R0132,0
P068,R0133,0
P068,R0134,0
P068,R0135,0
P068,R0136,0
P068,R0137,0
P068,R0138,0
P068,R0139,2
P068,R0140,0
P068,R0141,0
P068,R0142,0
P068,R0143,0
P068,R0144,0
P068,R0145,0
P068,R0146,0
P068,R0147,0
P068,R0148,0
P068,R0149,0
P068,R0150,0
P068,R0151,0
P068,R0152,0
P068,R0153,0
P068,R0154,0
P068,R0155,0
P068,R0156,0
P068,R0157,0
P068,R0158,0
P068,R0159,0
P068,R0160,0
P068,R0161,0
P068,R0162,2
P068,R0163,2
P068,R0164,2
P068,R0165,0
P068,R0166,0
P068,R0167,0
P068,R0168,0
P068,R0169,0
P068,R0170,0
P068,R0171,0
P068,R0172,0
P068,R0173,2
P068,R0174,0
P068,R0175,2
P068,R0176,0
P068,R0177,0
P068,R0178,0
P068,R0179,0
P068,R0180,0
P068,R0181,0
P068,R0182,0
P068,R0183,0
P068,R0184,0
P068,R0185,0
P068,R0186,2
P068,R0187,0
P068,R0188,0
P068,R0189,0
P068,R0190,0
P068,R0191,0
P068,R0192,0
P068,R0193,0
P068,R0194,0
P068,R0195,0
P068,R0196,0
P068,R0197,0
P068,R0198,0
P068,R0199,0
P068,R0200,0
P068,R0201,0
P068,R0202,0
P068,R0203,0
P068,R0204,0
P068,R0205,0
P068,R0206,0
P068,R0207,2
P068,R0208,0
P068,R0209,0
P068,R0210,0
P068,R0211,0
P068,R0212,0
P068,R0213,0
P068,R0214,0
P068,R0215,0
P068,R0216,0
P068,R0217,0
P068,R0218,0
P068,R0219,0
P068,R0220,0
P068,R0221,0
P068,R0222,0
P068,R0223,0
P068,R0224,0
P068,R0225,0
P068,R0226,0
P068,R0227,0
P068,R0228,0
P068,R0229,0
P068,R0230,0
P068,R0231,2
P068,R0232,0
P068,R0233,0
P068,R0234,0
P068,R0235,0
P068,R0236,0
P068,R0237,2
P068,R0238,0
P068,R0239,0
P068,R0240,0
P068,R0241,0
P068,R0242,0
P068,R0243,0
P068,R0244,0
P068,R0245,0
P068,R0246,0
P068,R0247,0
P068,R0248,0
P068,R0249,0
P068,R0250,0
P068,R0251,0
P068,R0252,0
P068,R0253,0
P068,R0254,0
P068,R0255,0
P068,R0256,0
P068,R0257,0
P068,R0258,2
P068,R0259,0
P068,R0260,0
P068,R0261,0
P068,R0262,2
P068,R0263,0
P068,R0264,0
P068,R0265,2
P068,R0266,0
P068,R0267,0
P068,R0268,0
P068,R0269,0
P068,R0270,0
P068,R0271,0
P068,R0272,0
P068,R0273,0
P068,R0274,0
P068,R0275,0
P068,R0276,0
P068,R0277,0
P068,R0278,0
P068,R0279,0
P068,R0280,0
P068,R0281,0
P068,R0282,0
P068,R0283,2
P068,R0284,2
P068,R0285,0
P068,R0286,0
P068,R0287,2
P068,R0288,0
P068,R0289,2
P068,R0290,0
P068,R0291,0
P068,R0292,0
P068,R0293,0
P068,R0294,0
P068,R0295,0
P068,R0296,0
P068,R0297,0
P068,R0298,0
P068,R0299,0
P068,R0300,2
P068,R0301,0
P068,R0302,0
P068,R0303,2
P068,R0304,0
P068,R0305,0
P068,R0306,0
P068,R0307,0
P068,R0308,0
P068,R0309,0
P068,R0310,0
P068,R0311,2
P068,R0312,0
P068,R0313,0
P068,R0314,0
P068,R0315,0
P068,R0316,0
P068,R0317,0
P068,R0318,0
P068,R0319,0
P068,R0320,2
P068,R0321,0
P068,R0322,0
P068,R0323,0
P068,R0324,0
P068,R0325,0
P068,R0326,0
P068,R0327,0
P068,R0328,0
P068,R0329,0
P068,R0330,0
P068,R0331,0
P068,R0332,0
P068,R0333,0
P068,R0334,0
P068,R0335,0
P068,R0336,0
P068,R0337,0
P068,R0338,0
P068,R0339,0
P068,R0340,2
P068,R0341,2
P068,R0342,0
P068,R0343,0
P068,R0344,0
P068,R0345,0
P068,R0346,0
P068,R0347,0
P068,R0348,0
P068,R0349,0
P068,R0350,0
P068,R0351,0
P068,R0352,0
P068,R0353,0
P068,R0354,0
P068,R0355,0
P068,R0356,0
P068,R0357,0
P068,R0358,0
P068,R0359,2
P068,R0360,0
P068,R0361,0
P068,R0362,2
P068,R0363,0
P068,R0364,0
P068,R0365,0
P068,R0366,0
P068,R0367,0
P068,R0368,0
P068,R0369,0
P068,R0370,0
P068,R0371,0
P068,R0372,0
P068,R0373,0
P068,R0374,0
P068,R0375,0
P068,R0376,0
P068,R0377,0
P068,R0378,0
P068,R0379,0
P068,R0380,0
P068,R0381,0
P068,R0382,0
P068,R0383,0
P068,R0384,0
P068,R0385,0
P068,R0386,0
P068,R0387,0
P068,R0388,0
P068,R0389,0
P068,R0390,0
P068,R0391,0
P068,R0392,0
P068,R0393,0
P068,R0394,0
P068,R0395,0
P068,R0396,0
P068,R0397,2
P068,R0398,0
P068,R0399,0
P068,R0400,0
P068,R0401,0
P068,R0402,0
P068,R0403,2
P068,R0404,0
P068,R0405,2
P068,R0406,0
P068,R0407,0
P068,R0408,0
P068,R0409,0
P068,R0410,0
P068,R0411,0
P068,R0412,0
P068,R0413,0
P068,R0414,0
P068,R0415,0
P068,R0416,0
P068,R0417,0
P068,R0418,0
P068,R0419,0
P068,R0420,2
P068,R0421,2
P068,R0422,0
P068,R0423,0
P068,R0424,0
P068,R0425,0
P068,R0426,0
P068,R0427,0
P068,R0428,0
P068,R0429,0
P068,R0430,0
P068,R0431,2
P068,R0432,0
P068,R0433,0
P068,R0434,0
P068,R0435,0
P068,R0436,0
P068,R0437,0
P068,R0438,0
P068,R0439,2
P068,R0440,2
P068,R0441,0
P068,R0442,0
P068,R0443,0
P068,R0444,0
P068,R0445,0
P068,R0446,0
P068,R0447,2
P068,R0448,2
P068,R0449,0
P068,R0450,0
P068,R0451,2
P068,R0452,0
P068,R0453,0
P068,R0454,0
P068,R0455,0
P068,R0456,0
P068,R0457,0
P068,R0458,0
P068,R0459,0
P068,R0460,0
P068,R0461,0
P068,R0462,0
P068,R0463,0
P068,R0464,0
P068,R0465,0
P068,R0466,0
P068,R0467,0
P068,R0468,0
P068,R0469,0
P068,R0470,0
P068,R0471,0
P068,R0472,2
P068,R0473,0
P068,R0474,2
P068,R0475,0
P068,R0476,0
P068,R0477,0
P068,R0478,2
P068,R0479,2
P068,R0480,0
P068,R0481,0
P068,R0482,0
P068,R0483,0
P068,R0484,2
P068,R0485,0
P068,R0486,2
P068,R0487,0
P068,R0488,0
P068,R0489,0
P068,R0490,0
P068,R0491,0
P068,R0492,0
P068,R0493,0
P068,R0494,0
P068,R0495,0
P068,R0496,0
P068,R0497,0
P068,R0498,2
P068,R0499,0
P068,R0500,0
P068,R0501,2
P068,R0502,0
P068,R0503,0
P068,R0504,0
P068,R0505,0
P068,R0506,0
P068,R0507,0
P068,R0508,0
P068,R0509,0
P068,R0510,0
P068,R0511,0
P068,R0512,0
P068,R0513,0
P068,R0514,0
P068,R0515,0
P068,R0516,0
P068,R0517,0
P068,R0518,0
P068,R0519,0
P068,R0520,0
P068,R0521,0
P068,R0522,0
P068,R0523,2
P068,R0524,0
P068,R0525,0
P068,R0526,0
P068,R0527,0
P068,R0528,0
P068,R0529,2
P068,R0530,0
P068,R0531,0
P068,R0532,0
P068,R0533,0
P068,R0534,0
P068,R0535,0
P068,R0536,0
P068,R0537,2
P068,R0538,0
P068,R0539,0
P068,R0540,0
P068,R0541,0
P068,R0542,0
P068,R0543,0
P068,R0544,0
P068,R0545,0
P068,R0546,0
P068,R0547,0
P068,R0548,0
P068,R0549,0
P068,R0550,0
P068,R0551,0
P068,R0552,2
P068,R0553,0
P068,R0554,0
P068,R0555,0
P068,R0556,0
P068,R0557,0
P068,R0558,0
P068,R0559,2
P068,R0560,0
P068,R0561,0
P068,R0562,0
P068,R0563,0
P068,R0564,0
P068,R0565,0
P068,R0566,2
P068,R0567,0
P068,R0568,0
P068,R0569,0
P068,R0570,0
P068,R0571,2
P068,R0572,0
P068,R0573,0
P068,R0574,0
P068,R0575,0
P068,R0576,0
P068,R0577,0
P068,R0578,0
P068,R0579,0
P068,R0580,0
P068,R0581,0
P068,R0582,0
P068,R0583,0
P068,R0584,0
P068,R0585,2
P068,R0586,0
P068,R0587,0
P068,R0588,0
P068,R0589,0
P068,R0590,0
P068,R0591,0
P068,R0592,0
P068,R0593,0
P068,R0594,0
P068,R0595,0
P068,R0596,0
P068,R0597,0
P068,R0598,0
P068,R0599,2
P068,R0600,0
P069,R0001,1
P069,R0002,1
P069,R0003,1
P069,R0004,2
P069,R0005,1
P069,R0006,1
P069,R0007,1
P069,R0008,2
P069,R0009,1
P069,R0010,2
P069,R0011,2
P069,R0012,1
P069,R0013,1
P069,R0014,2
P069,R0015,2
P069,R0016,2
P069,R0017,2
P069,R0018,2
P069,R0019,1
P069,R0020,2
P069,R0021,1
P069,R0022,2
P069,R0023,1
P069,R0024,2
P069,R0025,2
P069,R0026,1
P069,R0027,2
P069,R0028,2
P069,R0029,2
P069,R0030,2
P069,R0031,2
P069,R0032,1
P069,R0033,1
P069,R0034,1
P069,R0035,1
P069,R0036,1
P069,R0037,1
P069,R0038,2
P069,R0039,1
P069,R0040,1
P069,R0041,1
P069,R0042,2
P069,R0043,2
P069,R0044,1
P069,R0045,1
P069,R0046,2
P069,R0047,1
P069,R0048,1
P069,R0049,2
P069,R0050,1
P069,R0051,1
P069,R0052,1
P069,R0053,1
P069,R0054,1
P069,R0055,2
P069,R0056,2
P069,R0057,2
P069,R0058,2
P069,R0059,1
P069,R0060,2
P069,R0061,1
P069,R0062,1
P069,R0063,1
P069,R0064,1
P069,R0065,1
P069,R0066,1
P069,R0067,1
P069,R0068,1
P069,R0069,2
P069,R0070,1
P069,R0071,2
P069,R0072,1
P069,R0073,1
P069,R0074,2
P069,R0075,2
P069,R0076,1
P069,R0077,2
P069,R0078,2
P069,R0079,2
P069,R0080,2
P069,R0081,2
P069,R0082,2
P069,R0083,1
P069,R0084,1
P069,R0085,2
P069,R0086,2
P069,R0087,1
P069,R0088,2
P069,R0089,1
P069,R0090,1
P069,R0091,1
P069,R0092,1
P069,R0093,1
P069,R0094,1
P069,R0095,1
P069,R0096,2
P069,R0097,2
P069,R0098,2
P069,R0099,1
P069,R0100,1
P069,R0101,2
P069,R0102,2
P069,R0103,1
P069,R0104,1
P069,R0105,1
P069,R0106,1
P069,R0107,1
P069,R0108,1
P069,R0109,1
P069,R0110,2
P069,R0111,2
P069,R0112,1
P069,R0113,2
P069,R0114,1
P069,R0115,2
P069,R0116,1
P069,R0117,1
P069,R0118,1
P069,R0119,1
P069,R0120,1
P069,R0121,1
P069,R0122,2
P069,R0123,1
P069,R0124,2
P069,R0125,1
P069,R0126,2
P069,R0127,1
P069,R0128,1
P069,R0129,2
P069,R0130,2
P069,R0131,2
P069,R0132,1
P069,R0133,1
P069,R0134,1
P069,R0135,2
P069,R0136,1
P069,R0137,1
P069,R0138,1
P069,R0139,2
P069,R0140,1
P069,R0141,1
P069,R0142,2
P069,R0143,1
P069,R0144,2
P069,R0145,1
P069,R0146,1
P069,R0147,2
P069,R0148,1
P069,R0149,2
P069,R0150,2
P069,R0151,1
P069,R0152,1
P069,R0153,2
P069,R0154,1
P069,R0155,1
P069,R0156,1
P069,R0157,1
P069,R0158,1
P069,R0159,2
P069,R0160,1
P069,R0161,2
P069,R0162,1
P069,R0163,1
P069,R0164,1
P069,R0165,2
P069,R0166,1
P069,R0167,1
P069,R0168,2
P069,R0169,1
P069,R0170,1
P069,R0171,2
P069,R0172,2
P069,R0173,1
P069,R0174,1
P069,R0175,1
P069,R0176,1
P069,R0177,2
P069,R0178,2
P069,R0179,1
P069,R0180,1
P069,R0181,2
P069,R0182,1
P069,R0183,2
P069,R0184,1
P069,R0185,1
P069,R0186,2
P069,R0187,1
P069,R0188,1
P069,R0189,1
P069,R0190,2
P069,R0191,1
P069,R0192,1
P069,R0193,1
P069,R0194,1
P069,R0195,1
P069,R0196,1
P069,R0197,1
P069,R0198,2
P069,R0199,1
P069,R0200,1
P069,R0201,1
P069,R0202,2
P069,R0203,1
P069,R0204,1
P069,R0205,1
P069,R0206,1
P069,R0207,2
P069,R0208,1
P069,R0209,2
P069,R0210,1
P069,R0211,2
P069,R0212,1
P069,R0213,1
P069,R0214,1
P069,R0215,2
P069,R0216,1
P069,R0217,1
P069,R0218,2
P069,R0219,2
P069,R0220,2
P069,R0221,1
P069,R0222,1
P069,R0223,1
P069,R0224,1
P069,R0225,1
P069,R0226,1
P069,R0227,1
P069,R0228,1
P069,R0229,2
P069,R0230,1
P069,R0231,1
P069,R0232,2
P069,R0233,1
P069,R0234,1
P069,R0235,2
P069,R0236,1
P069,R0237,1
P069,R0238,2
P069,R0239,1
P069,R0240,1
P069,R0241,1
P069,R0242,1
P069,R0243,1
P069,R0244,1
P069,R0245,1
P069,R0246,1
P069,R0247,1
P069,R0248,2
P069,R0249,1
P069,R0250,2
P069,R0251,2
P069,R0252,2
P069,R0253,1
P069,R0254,1
P069,R0255,1
P069,R0256,2
P069,R0257,2
P069,R0258,1
P069,R0259,1
P069,R0260,2
P069,R0261,2
P069,R0262,1
P069,R0263,2
P069,R0264,1
P069,R0265,1
P069,R0266,2
P069,R0267,2
P069,R0268,2
P069,R0269,2
P069,R0270,1
P069,R0271,1
P069,R0272,1
P069,R0273,1
P069,R0274,2
P069,R0275,2
P069,R0276,1
P069,R0277,2
P069,R0278,2
P069,R0279,1
P069,R0280,1
P069,R0281,2
P069,R0282,1
P069,R0283,2
P069,R0284,1
P069,R0285,1
P069,R0286,1
P069,R0287,1
P069,R0288,1
P069,R0289,1
P069,R0290,1
P069,R0291,1
P069,R0292,2
P069,R0293,1
P069,R0294,2
P069,R0295,2
P069,R0296,1
P069,R0297,2
P069,R0298,1
P069,R0299,1
P069,R0300,1
P069,R0301,1
P069,R0302,2
P069,R0303,1
P069,R0304,1
P069,R0305,2
P069,R0306,1
P069,R0307,2
P069,R0308,2
P069,R0309,2
P069,R0310,2
P069,R0311,1
P069,R0312,1
P069,R0313,2
P069,R0314,1
P069,R0315,2
P069,R0316,2
P069,R0317,1
P069,R0318,1
P069,R0319,1
P069,R0320,1
P069,R0321,1
P069,R0322,2
P069,R0323,2
P069,R0324,1
P069,R0325,1
P069,R0326,1
P069,R0327,2
P069,R0328,1
P069,R0329,1
P069,R0330,2
P069,R0331,1
P069,R0332,2
P069,R0333,1
P069,R0334,1
P069,R0335,2
P069,R0336,2
P069,R0337,1
P069,R0338,1
P069,R0339,2
P069,R0340,2
P069,R0341,2
P069,R0342,1
P069,R0343,2
P069,R0344,2
P069,R0345,1
P069,R0346,2
P069,R0347,2
P069,R0348,1
P069,R0349,1
P069,R0350,1
P069,R0351,1
P069,R0352,1
P069,R0353,2
P069,R0354,2
P069,R0355,2
P069,R0356,1
P069,R0357,2
P069,R0358,2
P069,R0359,1
P069,R0360,1
P069,R0361,1
P069,R0362,1
P069,R0363,2
P069,R0364,1
P069,R0365,1
P069,R0366,1
P069,R0367,2
P069,R0368,1
P069,R0369,1
P069,R0370,1
P069,R0371,2
P069,R0372,2
P069,R0373,1
P069,R0374,1
P069,R0375,2
P069,R0376,1
P069,R0377,1
P069,R0378,2
P069,R0379,1
P069,R0380,2
P069,R0381,1
P069,R0382,2
P069,R0383,1
P069,R0384,1
P069,R0385,1
P069,R0386,1
P069,R0387,2
P069,R0388,1
P069,R0389,1
P069,R0390,1
P069,R0391,1
P069,R0392,1
P069,R0393,1
P069,R0394,2
P069,R0395,1
P069,R0396,2
P069,R0397,2
P069,R0398,2
P069,R0399,1
P069,R0400,1
P069,R0401,2
P069,R0402,1
P069,R0403,1
P069,R0404,2
P069,R0405,1
P069,R0406,2
P069,R0407,1
P069,R0408,2
P069,R0409,1
P069,R0410,2
P069,R0411,1
P069,R0412,1
P069,R0413,1
P069,R0414,1
P069,R0415,2
P069,R0416,2
P069,R0417,2
P069,R0418,2
P069,R0419,2
P069,R0420,1
P069,R0421,1
P069,R0422,1
P069,R0423,2
P069,R0424,2
P069,R0425,2
P069,R0426,2
P069,R0427,1
P069,R0428,2
P069,R0429,1
P069,R0430,1
P069,R0431,1
P069,R0432,2
P069,R0433,2
P069,R0434,1
P069,R0435,1
P069,R0436,1
P069,R0437,1
P069,R0438,1
P069,R0439,2
P069,R0440,1
P069,R0441,2
P069,R0442,2
P069,R0443,1
P069,R0444,1
P069,R0445,1
P069,R0446,2
P069,R0447,2
P069,R0448,1
P069,R0449,1
P069,R0450,1
P069,R0451,2
P069,R0452,1
P069,R0453,2
P069,R0454,2
P069,R0455,2
P069,R0456,2
P069,R0457,1
P069,R0458,1
P069,R0459,2
P069,R0460,2
P069,R0461,2
P069,R0462,2
P069,R0463,1
P069,R0464,2
P069,R0465,1
P069,R0466,2
P069,R0467,1
P069,R0468,1
P069,R0469,1
P069,R0470,2
P069,R0471,1
P069,R0472,2
P069,R0473,2
P069,R0474,1
P069,R0475,1
P069,R0476,1
P069,R0477,1
P069,R0478,1
P069,R0479,1
P069,R0480,1
P069,R0481,2
P069,R0482,1
P069,R0483,1
P069,R0484,1
P069,R0485,2
P069,R0486,2
P069,R0487,1
P069,R0488,2
P069,R0489,1
P069,R0490,1
P069,R0491,1
P069,R0492,2
P069,R0493,2
P069,R0494,1
P069,R0495,2
P069,R0496,1
P069,R0497,2
P069,R0498,1
P069,R0499,2
P069,R0500,2
P069,R0501,1
P069,R0502,2
P069,R0503,2
P069,R0504,1
P069,R0505,1
P069,R0506,2
P069,R0507,1
P069,R0508,1
P069,R0509,2
P069,R0510,1
P069,R0511,2
P069,R0512,1
P069,R0513,2
P069,R0514,1
P069,R0515,2
P069,R0516,1
P069,R0517,2
P069,R0518,1
P069,R0519,1
P069,R0520,1
P069,R0521,1
P069,R0522,1
P069,R0523,2
P069,R0524,2
P069,R0525,1
P069,R0526,2
P069,R0527,1
P069,R0528,1
P069,R0529,1
P069,R0530,2
P069,R0531,2
P069,R0532,2
P069,R0533,2
P069,R0534,2
P069,R0535,1
P069,R0536,1
P069,R0537,1
P069,R0538,2
P069,R0539,2
P069,R0540,1
P069,R0541,2
P069,R0542,1
P069,R0543,2
P069,R0544,2
P069,R0545,2
P069,R0546,1
P069,R0547,1
P069,R0548,2
P069,R0549,1
P069,R0550,2
P069,R0551,2
P069,R0552,1
P069,R0553,1
P069,R0554,1
P069,R0555,2
P069,R0556,1
P069,R0557,1
P069,R0558,1
P069,R0559,2
P069,R0560,1
P069,R0561,1
P069,R0562,2
P069,R0563,2
P069,R0564,2
P069,R0565,1
P069,R0566,1
P069,R0567,2
P069,R0568,1
P069,R0569,1
P069,R0570,1
P069,R0571,1
P069,R0572,1
P069,R0573,1
P069,R0574,1
P069,R0575,2
P069,R0576,1
P069,R0577,2
P069,R0578,1
P069,R0579,2
P069,R0580,1
P069,R0581,2
P069,R0582,1
P069,R0583,2
P069,R0584,1
P069,R0585,1
P069,R0586,2
P069,R0587,1
P069,R0588,1
P069,R0589,2
P069,R0590,2
P069,R0591,1
P069,R0592,1
P069,R0593,2
P069,R0594,2
P069,R0595,1
P069,R0596,1
P069,R0597,1
P069,R0598,2
P069,R0599,1
P069,R0600,1
P070,R0001,2
P070,R0002,0
P070,R0003,1
P070,R0004,1
P070,R0005,2
P070,R0006,2
P070,R0007,1
P070,R0008,1
P070,R0009,0
P070,R0010,1
P070,R0011,0
P070,R0012,1
P070,R0013,1
P070,R0014,0
P070,R0015,0
P070,R0016,1
P070,R0017,1
P070,R0018,1
P070,R0019,1
P070,R0020,2
P070,R0021,0
P070,R0022,0
P070,R0023,1
P070,R0024,0
P070,R0025,0
P070,R0026,1
P070,R0027,1
P070,R0028,0
P070,R0029,1
P070,R0030,1
P070,R0031,1
P070,R0032,0
P070,R0033,2
P070,R0034,2
P070,R0035,1
P070,R0036,1
P070,R0037,0
P070,R0038,0
P070,R0039,2
P070,R0040,0
P070,R0041,0
P070,R0042,1
P070,R0043,2
P070,R0044,0
P070,R0045,2
P070,R0046,1
P070,R0047,0
P070,R0048,1
P070,R0049,1
P070,R0050,2
P070,R0051,0
P070,R0052,0
P070,R0053,2
P070,R0054,1
P070,R0055,1
P070,R0056,1
P070,R0057,0
P070,R0058,1
P070,R0059,2
P070,R0060,0
P070,R0061,1
P070,R0062,0
P070,R0063,2
P070,R0064,0
P070,R0065,0
P070,R0066,1
P070,R0067,2
P070,R0068,1
P070,R0069,0
P070,R0070,1
P070,R0071,1
P070,R0072,1
P070,R0073,1
P070,R0074,1
P070,R0075,1
P070,R0076,1
P070,R0077,0
P070,R0078,1
P070,R0079,1
P070,R0080,1
P070,R0081,2
P070,R0082,0
P070,R0083,0
P070,R0084,1
P070,R0085,1
P070,R0086,1
P070,R0087,2
P070,R0088,1
P070,R0089,1
P070,R0090,1
P070,R0091,1
P070,R0092,1
P070,R0093,1
P070,R0094,0
P070,R0095,2
P070,R0096,0
P070,R0097,1
P070,R0098,0
P070,R0099,0
P070,R0100,1
P070,R0101,1
P070,R0102,1
P070,R0103,1
P070,R0104,0
P070,R0105,2
P070,R0106,0
P070,R0107,0
P070,R0108,1
P070,R0109,0
P070,R0110,1
P070,R0111,2
P070,R0112,1
P070,R0113,1
P070,R0114,1
P070,R0115,0
P070,R0116,0
P070,R0117,1
P070,R0118,1
P070,R0119,0
P070,R0120,1
P070,R0121,2
P070,R0122,0
P070,R0123,1
P070,R0124,1
P070,R0125,0
P070,R0126,1
P070,R0127,1
P070,R0128,2
P070,R0129,1
P070,R0130,1
P070,R0131,1
P070,R0132,0
P070,R0133,0
P070,R0134,1
P070,R0135,0
P070,R0136,1
P070,R0137,0
P070,R0138,0
P070,R0139,2
P070,R0140,1
P070,R0141,0
P070,R0142,2
P070,R0143,2
P070,R0144,1
P070,R0145,1
P070,R0146,0
P070,R0147,0
P070,R0148,1
P070,R0149,1
P070,R0150,1
P070,R0151,1
P070,R0152,1
P070,R0153,1
P070,R0154,1
P070,R0155,0
P070,R0156,1
P070,R0157,1
P070,R0158,1
P070,R0159,1
P070,R0160,0
P070,R0161,1
P070,R0162,2
P070,R0163,2
P070,R0164,2
P070,R0165,0
P070,R0166,0
P070,R0167,1
P070,R0168,1
P070,R0169,1
P070,R0170,1
P070,R0171,1
P070,R0172,0
P070,R0173,2
P070,R0174,1
P070,R0175,2
P070,R0176,1
P070,R0177,2
P070,R0178,1
P070,R0179,1
P070,R0180,0
P070,R0181,1
P070,R0182,2
P070,R0183,0
P070,R0184,0
P070,R0185,1
P070,R0186,2
P070,R0187,1
P070,R0188,0
P070,R0189,0
P070,R0190,1
P070,R0191,1
P070,R0192,1
P070,R0193,2
P070,R0194,0
P070,R0195,0
P070,R0196,1
P070,R0197,2
P070,R0198,1
P070,R0199,2
P070,R0200,1
P070,R0201,1
P070,R0202,0
P070,R0203,2
P070,R0204,1
P070,R0205,1
P070,R0206,2
P070,R0207,2
P070,R0208,2
P070,R0209,0
P070,R0210,0
P070,R0211,1
P070,R0212,0
P070,R0213,0
P070,R0214,0
P070,R0215,1
P070,R0216,1
P070,R0217,0
P070,R0218,0
P070,R0219,1
P070,R0220,1
P070,R0221,1
P070,R0222,0
P070,R0223,1
P070,R0224,1
P070,R0225,0
P070,R0226,0
P070,R0227,2
P070,R0228,1
P070,R0229,0
P070,R0230,2
P070,R0231,2
P070,R0232,2
P070,R0233,2
P070,R0234,1
P070,R0235,0
P070,R0236,1
P070,R0237,2
P070,R0238,1
P070,R0239,1
P070,R0240,2
P070,R0241,2
P070,R0242,1
P070,R0243,1
P070,R0244,1
P070,R0245,1
P070,R0246,1
P070,R0247,1
P070,R0248,1
P070,R0249,0
P070,R0250,1
P070,R0251,1
P070,R0252,0
P070,R0253,1
P070,R0254,0
P070,R0255,1
P070,R0256,0
P070,R0257,1
P070,R0258,2
P070,R0259,1
P070,R0260,1
P070,R0261,0
P070,R0262,2
P070,R0263,1
P070,R0264,1
P070,R0265,2
P070,R0266,1
P070,R0267,0
P070,R0268,0
P070,R0269,1
P070,R0270,1
P070,R0271,2
P070,R0272,0
P070,R0273,1
P070,R0274,0
P070,R0275,2
P070,R0276,0
P070,R0277,0
P070,R0278,1
P070,R0279,2
P070,R0280,0
P070,R0281,1
P070,R0282,1
P070,R0283,2
P070,R0284,2
P070,R0285,0
P070,R0286,0
P070,R0287,2
P070,R0288,1
P070,R0289,2
P070,R0290,1
P070,R0291,1
P070,R0292,1
P070,R0293,0
P070,R0294,1
P070,R0295,0
P070,R0296,1
P070,R0297,1
P070,R0298,1
P070,R0299,1
P070,R0300,2
P070,R0301,0
P070,R0302,1
P070,R0303,2
P070,R0304,1
P070,R0305,1
P070,R0306,1
P070,R0307,1
P070,R0308,0
P070,R0309,1
P070,R0310,1
P070,R0311,2
P070,R0312,0
P070,R0313,1
P070,R0314,0
P070,R0315,1
P070,R0316,0
P070,R0317,0
P070,R0318,0
P070,R0319,0
P070,R0320,2
P070,R0321,1
P070,R0322,1
P070,R0323,1
P070,R0324,1
P070,R0325,2
P070,R0326,0
P070,R0327,1
P070,R0328,1
P070,R0329,1
P070,R0330,0
P070,R0331,0
P070,R0332,1
P070,R0333,1
P070,R0334,1
P070,R0335,1
P070,R0336,1
P070,R0337,1
P070,R0338,1
P070,R0339,2
P070,R0340,2
P070,R0341,2
P070,R0342,2
P070,R0343,0
P070,R0344,0
P070,R0345,0
P070,R0346,0
P070,R0347,0
P070,R0348,1
P070,R0349,0
P070,R0350,1
P070,R0351,1
P070,R0352,1
P070,R0353,1
P070,R0354,1
P070,R0355,1
P070,R0356,1
P070,R0357,1
P070,R0358,1
P070,R0359,2
P070,R0360,1
P070,R0361,0
P070,R0362,2
P070,R0363,0
P070,R0364,0
P070,R0365,2
P070,R0366,0
P070,R0367,1
P070,R0368,2
P070,R0369,1
P070,R0370,1
P070,R0371,0
P070,R0372,1
P070,R0373,1
P070,R0374,0
P070,R0375,0
P070,R0376,1
P070,R0377,0
P070,R0378,1
P070,R0379,0
P070,R0380,1
P070,R0381,0
P070,R0382,0
P070,R0383,2
P070,R0384,2
P070,R0385,0
P070,R0386,1
P070,R0387,1
P070,R0388,0
P070,R0389,1
P070,R0390,1
P070,R0391,0
P070,R0392,2
P070,R0393,1
P070,R0394,0
P070,R0395,0
P070,R0396,1
P070,R0397,2
P070,R0398,1
P070,R0399,1
P070,R0400,0
P070,R0401,1
P070,R0402,1
P070,R0403,2
P070,R0404,1
P070,R0405,2
P070,R0406,0
P070,R0407,1
P070,R0408,0
P070,R0409,0
P070,R0410,0
P070,R0411,1
P070,R0412,1
P070,R0413,1
P070,R0414,1
P070,R0415,0
P070,R0416,0
P070,R0417,1
P070,R0418,0
P070,R0419,1
P070,R0420,2
P070,R0421,2
P070,R0422,1
P070,R0423,1
P070,R0424,0
P070,R0425,1
P070,R0426,1
P070,R0427,1
P070,R0428,0
P070,R0429,1
P070,R0430,1
P070,R0431,2
P070,R0432,1
P070,R0433,1
P070,R0434,0
P070,R0435,1
P070,R0436,1
P070,R0437,2
P070,R0438,1
P070,R0439,2
P070,R0440,2
P070,R0441,0
P070,R0442,1
P070,R0443,1
P070,R0444,1
P070,R0445,2
P070,R0446,1
P070,R0447,2
P070,R0448,2
P070,R0449,1
P070,R0450,1
P070,R0451,2
P070,R0452,0
P070,R0453,0
P070,R0454,0
P070,R0455,0
P070,R0456,1
P070,R0457,1
P070,R0458,1
P070,R0459,1
P070,R0460,0
P070,R0461,1
P070,R0462,1
P070,R0463,0
P070,R0464,0
P070,R0465,1
P070,R0466,0
P070,R0467,1
P070,R0468,2
P070,R0469,1
P070,R0470,1
P070,R0471,2
P070,R0472,2
P070,R0473,0
P070,R0474,2
P070,R0475,1
P070,R0476,1
P070,R0477,1
P070,R0478,2
P070,R0479,2
P070,R0480,0
P070,R0481,1
P070,R0482,0
P070,R0483,1
P070,R0484,2
P070,R0485,1
P070,R0486,2
P070,R0487,1
P070,R0488,0
P070,R0489,0
P070,R0490,0
P070,R0491,1
P070,R0492,0
P070,R0493,0
P070,R0494,0
P070,R0495,1
P070,R0496,1
P070,R0497,0
P070,R0498,2
P070,R0499,0
P070,R0500,0
P070,R0501,2
P070,R0502,1
P070,R0503,0
P070,R0504,0
P070,R0505,2
P070,R0506,1
P070,R0507,1
P070,R0508,0
P070,R0509,1
P070,R0510,0
P070,R0511,1
P070,R0512,0
P070,R0513,1
P070,R0514,1
P070,R0515,0
P070,R0516,1
P070,R0517,0
P070,R0518,1
P070,R0519,0
P070,R0520,2
P070,R0521,0
P070,R0522,0
P070,R0523,2
P070,R0524,0
P070,R0525,0
P070,R0526,0
P070,R0527,1
P070,R0528,1
P070,R0529,2
P070,R0530,0
P070,R0531,1
P070,R0532,1
P070,R0533,1
P070,R0534,1
P070,R0535,1
P070,R0536,0
P070,R0537,2
P070,R0538,0
P070,R0539,1
P070,R0540,1
P070,R0541,1
P070,R0542,1
P070,R0543,2
P070,R0544,0
P070,R0545,1
P070,R0546,1
P070,R0547,1
P070,R0548,0
P070,R0549,1
P070,R0550,1
P070,R0551,0
P070,R0552,2
P070,R0553,0
P070,R0554,1
P070,R0555,1
P070,R0556,1
P070,R0557,0
P070,R0558,1
P070,R0559,2
P070,R0560,2
P070,R0561,0
P070,R0562,1
P070,R0563,1
P070,R0564,1
P070,R0565,1
P070,R0566,2
P070,R0567,1
P070,R0568,1
P070,R0569,1
P070,R0570,1
P070,R0571,2
P070,R0572,1
P070,R0573,0
P070,R0574,1
P070,R0575,0
P070,R0576,1
P070,R0577,2
P070,R0578,0
P070,R0579,1
P070,R0580,1
P070,R0581,0
P070,R0582,1
P070,R0583,1
P070,R0584,0
P070,R0585,2
P070,R0586,1
P070,R0587,1
P070,R0588,1
P070,R0589,1
P070,R0590,1
P070,R0591,0
P070,R0592,0
P070,R0593,1
P070,R0594,0
P070,R0595,0
P070,R0596,1
P070,R0597,1
P070,R0598,1
P070,R0599,2
P070,R0600,1
P071,R0001,1
P071,R0002,1
P071,R0003,1
P071,R0004,1
P071,R0005,1
P071,R0006,2
P071,R0007,1
P071,R0008,1
P071,R0009,1
P071,R0010,1
P071,R0011,1
P071,R0012,1
P071,R0013,1
P071,R0014,1
P071,R0015,1
P071,R0016,1
P071,R0017,1
P071,R0018,1
P071,R0019,1
P071,R0020,1
P071,R0021,1
P071,R0022,1
P071,R0023,1
P071,R0024,1
P071,R0025,1
P071,R0026,1
P071,R0027,1
P071,R0028,1
P071,R0029,1
P071,R0030,1
P071,R0031,1
P071,R0032,1
P071,R0033,1
P071,R0034,2
P071,R0035,1
P071,R0036,1
P071,R0037,1
P071,R0038,1
P071,R0039,1
P071,R0040,1
P071,R0041,2
P071,R0042,1
P071,R0043,2
P071,R0044,2
P071,R0045,2
P071,R0046,1
P071,R0047,1
P071,R0048,1
P071,R0049,1
P071,R0050,1
P071,R0051,1
P071,R0052,2
P071,R0053,1
P071,R0054,1
P071,R0055,1
P071,R0056,1
P071,R0057,1
P071,R0058,1
P071,R0059,1
P071,R0060,1
P071,R0061,1
P071,R0062,1
P071,R0063,2
P071,R0064,1
P071,R0065,1
P071,R0066,1
P071,R0067,1
P071,R0068,1
P071,R0069,1
P071,R0070,1
P071,R0071,1
P071,R0072,1
P071,R0073,1
P071,R0074,1
P071,R0075,1
P071,R0076,1
P071,R0077,1
P071,R0078,1
P071,R0079,1
P071,R0080,1
P071,R0081,1
P071,R0082,1
P071,R0083,1
P071,R0084,1
P071,R0085,1
P071,R0086,1
P071,R0087,1
P071,R0088,1
P071,R0089,1
P071,R0090,1
P071,R0091,1
P071,R0092,1
P071,R0093,1
P071,R0094,1
P071,R0095,1
P071,R0096,1
P071,R0097,1
P071,R0098,1
P071,R0099,1
P071,R0100,1
P071,R0101,1
P071,R0102,1
P071,R0103,1
P071,R0104,1
P071,R0105,1
P071,R0106,1
P071,R0107,1
P071,R0108,1
P071,R0109,1
P071,R0110,1
P071,R0111,1
P071,R0112,1
P071,R0113,1
P071,R0114,1
P071,R0115,1
P071,R0116,1
P071,R0117,1
P071,R0118,1
P071,R0119,1
P071,R0120,1
P071,R0121,2
P071,R0122,1
P071,R0123,1
P071,R0124,1
P071,R0125,1
P071,R0126,1
P071,R0127,1
P071,R0128,1
P071,R0129,1
P071,R0130,1
P071,R0131,1
P071,R0132,2
P071,R0133,1
P071,R0134,1
P071,R0135,1
P071,R0136,1
P071,R0137,2
P071,R0138,1
P071,R0139,1
P071,R0140,1
P071,R0141,1
P071,R0142,2
P071,R0143,2
P071,R0144,1
P071,R0145,1
P071,R0146,1
P071,R0147,1
P071,R0148,1
P071,R0149,1
P071,R0150,1
P071,R0151,1
P071,R0152,1
P071,R0153,1
P071,R0154,1
P071,R0155,1
P071,R0156,1
P071,R0157,1
P071,R0158,1
P071,R0159,1
P071,R0160,1
P071,R0161,1
P071,R0162,1
P071,R0163,1
P071,R0164,1
P071,R0165,1
P071,R0166,1
P071,R0167,1
P071,R0168,1
P071,R0169,1
P071,R0170,1
P071,R0171,1
P071,R0172,1
P071,R0173,1
P071,R0174,1
P071,R0175,1
P071,R0176,1
P071,R0177,2
P071,R0178,1
P071,R0179,1
P071,R0180,2
P071,R0181,1
P071,R0182,2
P071,R0183,1
P071,R0184,1
P071,R0185,1
P071,R0186,1
P071,R0187,1
P071,R0188,1
P071,R0189,2
P071,R0190,1
P071,R0191,1
P071,R0192,1
P071,R0193,2
P071,R0194,1
P071,R0195,1
P071,R0196,1
P071,R0197,2
P071,R0198,1
P071,R0199,2
P071,R0200,1
P071,R0201,1
P071,R0202,1
P071,R0203,2
P071,R0204,1
P071,R0205,1
P071,R0206,2
P071,R0207,1
P071,R0208,2
P071,R0209,1
P071,R0210,1
P071,R0211,1
P071,R0212,1
P071,R0213,1
P071,R0214,1
P071,R0215,1
P071,R0216,1
P071,R0217,1
P071,R0218,2
P071,R0219,1
P071,R0220,1
P071,R0221,1
P071,R0222,1
P071,R0223,1
P071,R0224,1
P071,R0225,1
P071,R0226,1
P071,R0227,2
P071,R0228,1
P071,R0229,1
P071,R0230,2
P071,R0231,1
P071,R0232,2
P071,R0233,2
P071,R0234,1
P071,R0235,1
P071,R0236,1
P071,R0237,1
P071,R0238,1
P071,R0239,1
P071,R0240,2
P071,R0241,2
P071,R0242,1
P071,R0243,1
P071,R0244,1
P071,R0245,1
P071,R0246,1
P071,R0247,1
P071,R0248,1
P071,R0249,1
P071,R0250,1
P071,R0251,1
P071,R0252,1
P071,R0253,1
P071,R0254,2
P071,R0255,1
P071,R0256,1
P071,R0257,1
P071,R0258,1
P071,R0259,1
P071,R0260,1
P071,R0261,1
P071,R0262,1
P071,R0263,1
P071,R0264,1
P071,R0265,1
P071,R0266,1
P071,R0267,1
P071,R0268,1
P071,R0269,1
P071,R0270,1
P071,R0271,2
P071,R0272,1
P071,R0273,1
P071,R0274,1
P071,R0275,2
P071,R0276,1
P071,R0277,1
P071,R0278,1
P071,R0279,2
P071,R0280,1
P071,R0281,1
P071,R0282,1
P071,R0283,1
P071,R0284,2
P071,R0285,2
P071,R0286,1
P071,R0287,1
P071,R0288,1
P071,R0289,1
P071,R0290,1
P071,R0291,1
P071,R0292,1
P071,R0293,1
P071,R0294,1
P071,R0295,1
P071,R0296,1
P071,R0297,1
P071,R0298,1
P071,R0299,1
P071,R0300,1
P071,R0301,1
P071,R0302,1
P071,R0303,1
P071,R0304,1
P071,R0305,1
P071,R0306,1
P071,R0307,1
P071,R0308,1
P071,R0309,1
P071,R0310,1
P071,R0311,1
P071,R0312,1
P071,R0313,1
P071,R0314,1
P071,R0315,1
P071,R0316,1
P071,R0317,2
P071,R0318,1
P071,R0319,1
P071,R0320,1
P071,R0321,1
P071,R0322,1
P071,R0323,1
P071,R0324,1
P071,R0325,2
P071,R0326,1
P071,R0327,1
P071,R0328,1
P071,R0329,1
P071,R0330,1
P071,R0331,2
P071,R0332,1
P071,R0333,1
P071,R0334,1
P071,R0335,1
P071,R0336,1
P071,R0337,1
P071,R0338,1
P071,R0339,2
P071,R0340,1
P071,R0341,1
P071,R0342,2
P071,R0343,1
P071,R0344,1
P071,R0345,1
P071,R0346,1
P071,R0347,2
P071,R0348,1
P071,R0349,2
P071,R0350,1
P071,R0351,1
P071,R0352,1
P071,R0353,1
P071,R0354,1
P071,R0355,1
P071,R0356,1
P071,R0357,1
P071,R0358,1
P071,R0359,1
P071,R0360,1
P071,R0361,1
P071,R0362,1
P071,R0363,1
P071,R0364,1
P071,R0365,2
P071,R0366,1
P071,R0367,1
P071,R0368,2
P071,R0369,1
P071,R0370,1
P071,R0371,1
P071,R0372,1
P071,R0373,1
P071,R0374,1
P071,R0375,2
P071,R0376,1
P071,R0377,1
P071,R0378,1
P071,R0379,1
P071,R0380,1
P071,R0381,1
P071,R0382,1
P071,R0383,2
P071,R0384,2
P071,R0385,1
P071,R0386,1
P071,R0387,1
P071,R0388,2
P071,R0389,1
P071,R0390,1
P071,R0391,1
P071,R0392,2
P071,R0393,1
P071,R0394,1
P071,R0395,1
P071,R0396,1
P071,R0397,1
P071,R0398,1
P071,R0399,1
P071,R0400,1
P071,R0401,1
P071,R0402,1
P071,R0403,1
P071,R0404,1
P071,R0405,1
P071,R0406,1
P071,R0407,1
P071,R0408,2
P071,R0409,1
P071,R0410,1
P071,R0411,1
P071,R0412,1
P071,R0413,1
P071,R0414,1
P071,R0415,1
P071,R0416,1
P071,R0417,1
P071,R0418,2
P071,R0419,1
P071,R0420,1
P071,R0421,1
P071,R0422,1
P071,R0423,1
P071,R0424,2
P071,R0425,1
P071,R0426,1
P071,R0427,1
P071,R0428,1
P071,R0429,1
P071,R0430,1
P071,R0431,1
P071,R0432,1
P071,R0433,1
P071,R0434,1
P071,R0435,1
P071,R0436,1
P071,R0437,2
P071,R0438,1
P071,R0439,1
P071,R0440,1
P071,R0441,1
P071,R0442,1
P071,R0443,1
P071,R0444,1
P071,R0445,2
P071,R0446,1
P071,R0447,1
P071,R0448,1
P071,R0449,1
P071,R0450,1
P071,R0451,1
P071,R0452,1
P071,R0453,1
P071,R0454,1
P071,R0455,1
P071,R0456,1
P071,R0457,1
P071,R0458,1
P071,R0459,1
P071,R0460,1
P071,R0461,1
P071,R0462,1
P071,R0463,1
P071,R0464,1
P071,R0465,1
P071,R0466,2
P071,R0467,1
P071,R0468,2
P071,R0469,1
P071,R0470,1
P071,R0471,2
P071,R0472,1
P071,R0473,1
P071,R0474,1
P071,R0475,1
P071,R0476,1
P071,R0477,1
P071,R0478,1
P071,R0479,1
P071,R0480,1
P071,R0481,1
P071,R0482,2
P071,R0483,1
P071,R0484,1
P071,R0485,1
P071,R0486,1
P071,R0487,1
P071,R0488,1
P071,R0489,1
P071,R0490,1
P071,R0491,1
P071,R0492,1
P071,R0493,1
P071,R0494,1
P071,R0495,1
P071,R0496,1
P071,R0497,2
P071,R0498,1
P071,R0499,1
P071,R0500,1
P071,R0501,1
P071,R0502,1
P071,R0503,1
P071,R0504,1
P071,R0505,2
P071,R0506,1
P071,R0507,1
P071,R0508,1
P071,R0509,1
P071,R0510,1
P071,R0511,1
P071,R0512,2
P071,R0513,1
P071,R0514,1
P071,R0515,1
P071,R0516,1
P071,R0517,2
P071,R0518,1
P071,R0519,1
P071,R0520,2
P071,R0521,1
P071,R0522,1
P071,R0523,1
P071,R0524,1
P071,R0525,1
P071,R0526,2
P071,R0527,1
P071,R0528,1
P071,R0529,1
P071,R0530,1
P071,R0531,1
P071,R0532,1
P071,R0533,1
P071,R0534,1
P071,R0535,1
P071,R0536,1
P071,R0537,1
P071,R0538,1
P071,R0539,1
P071,R0540,1
P071,R0541,1
P071,R0542,1
P071,R0543,2
P071,R0544,1
P071,R0545,1
P071,R0546,1
P071,R0547,1
P071,R0548,1
P071,R0549,1
P071,R0550,1
P071,R0551,1
P071,R0552,1
P071,R0553,1
P071,R0554,1
P071,R0555,1
P071,R0556,1
P071,R0557,1
P071,R0558,1
P071,R0559,1
P071,R0560,2
P071,R0561,1
P071,R0562,1
P071,R0563,1
P071,R0564,1
P071,R0565,1
P071,R0566,1
P071,R0567,1
P071,R0568,1
P071,R0569,1
P071,R0570,1
P071,R0571,1
P071,R0572,1
P071,R0573,1
P071,R0574,1
P071,R0575,1
P071,R0576,1
P071,R0577,2
P071,R0578,1
P071,R0579,1
P071,R0580,1
P071,R0581,1
P071,R0582,1
P071,R0583,1
P071,R0584,1
P071,R0585,1
P071,R0586,1
P071,R0587,1
P071,R0588,1
P071,R0589,1
P071,R0590,1
P071,R0591,1
P071,R0592,1
P071,R0593,1
P071,R0594,1
P071,R0595,1
P071,R0596,1
P071,R0597,1
P071,R0598,1
P071,R0599,1
P071,R0600,1
P072,R0001,1
P072,R0002,2
P072,R0003,1
P072,R0004,0
P072,R0005,1
P072,R0006,1
P072,R0007,1
P072,R0008,1
P072,R0009,1
P072,R0010,2
P072,R0011,1
P072,R0012,1
P072,R0013,2
P072,R0014,1
P072,R0015,2
P072,R0016,1
P072,R0017,1
P072,R0018,1
P072,R0019,1
P072,R0020,1
P072,R0021,1
P072,R0022,2
P072,R0023,2
P072,R0024,1
P072,R0025,2
P072,R0026,1
P072,R0027,1
P072,R0028,1
P072,R0029,2
P072,R0030,1
P072,R0031,2
P072,R0032,1
P072,R0033,1
P072,R0034,1
P072,R0035,1
P072,R0036,1
P072,R0037,1
P072,R0038,2
P072,R0039,2
P072,R0040,1
P072,R0041,0
P072,R0042,1
P072,R0043,1
P072,R0044,1
P072,R0045,1
P072,R0046,1
P072,R0047,2
P072,R0048,1
P072,R0049,2
P072,R0050,1
P072,R0051,1
P072,R0052,1
P072,R0053,1
P072,R0054,1
P072,R0055,1
P072,R0056,1
P072,R0057,1
P072,R0058,2
P072,R0059,1
P072,R0060,1
P072,R0061,1
P072,R0062,2
P072,R0063,2
P072,R0064,1
P072,R0065,1
P072,R0066,0
P072,R0067,1
P072,R0068,1
P072,R0069,2
P072,R0070,1
P072,R0071,2
P072,R0072,1
P072,R0073,1
P072,R0074,2
P072,R0075,2
P072,R0076,1
P072,R0077,1
P072,R0078,1
P072,R0079,1
P072,R0080,1
P072,R0081,1
P072,R0082,1
P072,R0083,1
P072,R0084,2
P072,R0085,1
P072,R0086,2
P072,R0087,1
P072,R0088,2
P072,R0089,1
P072,R0090,2
P072,R0091,2
P072,R0092,0
P072,R0093,1
P072,R0094,1
P072,R0095,1
P072,R0096,1
P072,R0097,2
P072,R0098,2
P072,R0099,1
P072,R0100,1
P072,R0101,2
P072,R0102,2
P072,R0103,2
P072,R0104,1
P072,R0105,1
P072,R0106,1
P072,R0107,1
P072,R0108,1
P072,R0109,1
P072,R0110,1
P072,R0111,2
P072,R0112,0
P072,R0113,2
P072,R0114,1
P072,R0115,2
P072,R0116,1
P072,R0117,1
P072,R0118,1
P072,R0119,1
P072,R0120,1
P072,R0121,1
P072,R0122,1
P072,R0123,2
P072,R0124,1
P072,R0125,2
P072,R0126,2
P072,R0127,2
P072,R0128,1
P072,R0129,1
P072,R0130,1
P072,R0131,2
P072,R0132,1
P072,R0133,1
P072,R0134,1
P072,R0135,1
P072,R0136,2
P072,R0137,1
P072,R0138,1
P072,R0139,2
P072,R0140,2
P072,R0141,1
P072,R0142,1
P072,R0143,2
P072,R0144,2
P072,R0145,1
P072,R0146,1
P072,R0147,1
P072,R0148,1
P072,R0149,2
P072,R0150,2
P072,R0151,1
P072,R0152,1
P072,R0153,1
P072,R0154,1
P072,R0155,1
P072,R0156,1
P072,R0157,1
P072,R0158,1
P072,R0159,2
P072,R0160,1
P072,R0161,1
P072,R0162,1
P072,R0163,1
P072,R0164,1
P072,R0165,2
P072,R0166,1
P072,R0167,1
P072,R0168,2
P072,R0169,1
P072,R0170,1
P072,R0171,1
P072,R0172,2
P072,R0173,1
P072,R0174,1
P072,R0175,1
P072,R0176,1
P072,R0177,1
P072,R0178,1
P072,R0179,1
P072,R0180,1
P072,R0181,2
P072,R0182,1
P072,R0183,1
P072,R0184,2
P072,R0185,1
P072,R0186,1
P072,R0187,1
P072,R0188,1
P072,R0189,1
P072,R0190,0
P072,R0191,1
P072,R0192,1
P072,R0193,1
P072,R0194,1
P072,R0195,1
P072,R0196,1
P072,R0197,1
P072,R0198,2
P072,R0199,1
P072,R0200,1
P072,R0201,1
P072,R0202,2
P072,R0203,1
P072,R0204,1
P072,R0205,1
P072,R0206,1
P072,R0207,1
P072,R0208,1
P072,R0209,2
P072,R0210,2
P072,R0211,1
P072,R0212,1
P072,R0213,1
P072,R0214,2
P072,R0215,1
P072,R0216,1
P072,R0217,1
P072,R0218,2
P072,R0219,2
P072,R0220,1
P072,R0221,2
P072,R0222,1
P072,R0223,1
P072,R0224,1
P072,R0225,0
P072,R0226,1
P072,R0227,1
P072,R0228,2
P072,R0229,1
P072,R0230,1
P072,R0231,2
P072,R0232,1
P072,R0233,0
P072,R0234,1
P072,R0235,1
P072,R0236,1
P072,R0237,1
P072,R0238,2
P072,R0239,1
P072,R0240,1
P072,R0241,1
P072,R0242,2
P072,R0243,1
P072,R0244,1
P072,R0245,1
P072,R0246,1
P072,R0247,1
P072,R0248,2
P072,R0249,1
P072,R0250,1
P072,R0251,2
P072,R0252,1
P072,R0253,1
P072,R0254,1
P072,R0255,1
P072,R0256,1
P072,R0257,1
P072,R0258,1
P072,R0259,2
P072,R0260,1
P072,R0261,2
P072,R0262,1
P072,R0263,1
P072,R0264,2
P072,R0265,1
P072,R0266,2
P072,R0267,0
P072,R0268,1
P072,R0269,1
P072,R0270,1
P072,R0271,1
P072,R0272,1
P072,R0273,1
P072,R0274,2
P072,R0275,2
P072,R0276,1
P072,R0277,2
P072,R0278,1
P072,R0279,2
P072,R0280,1
P072,R0281,1
P072,R0282,1
P072,R0283,1
P072,R0284,1
P072,R0285,1
P072,R0286,1
P072,R0287,1
P072,R0288,1
P072,R0289,2
P072,R0290,1
P072,R0291,1
P072,R0292,2
P072,R0293,1
P072,R0294,1
P072,R0295,2
P072,R0296,0
P072,R0297,2
P072,R0298,1
P072,R0299,1
P072,R0300,1
P072,R0301,1
P072,R0302,2
P072,R0303,1
P072,R0304,1
P072,R0305,1
P072,R0306,1
P072,R0307,1
P072,R0308,1
P072,R0309,2
P072,R0310,1
P072,R0311,1
P072,R0312,2
P072,R0313,1
P072,R0314,1
P072,R0315,2
P072,R0316,2
P072,R0317,1
P072,R0318,1
P072,R0319,1
P072,R0320,2
P072,R0321,1
P072,R0322,1
P072,R0323,1
P072,R0324,1
P072,R0325,1
P072,R0326,1
P072,R0327,2
P072,R0328,1
P072,R0329,1
P072,R0330,1
P072,R0331,1
P072,R0332,2
P072,R0333,1
P072,R0334,1
P072,R0335,2
P072,R0336,2
P072,R0337,1
P072,R0338,1
P072,R0339,1
P072,R0340,2
P072,R0341,1
P072,R0342,1
P072,R0343,1
P072,R0344,2
P072,R0345,2
P072,R0346,2
P072,R0347,2
P072,R0348,1
P072,R0349,2
P072,R0350,2
P072,R0351,1
P072,R0352,1
P072,R0353,1
P072,R0354,2
P072,R0355,2
P072,R0356,1
P072,R0357,1
P072,R0358,1
P072,R0359,1
P072,R0360,1
P072,R0361,1
P072,R0362,1
P072,R0363,1
P072,R0364,1
P072,R0365,1
P072,R0366,1
P072,R0367,1
P072,R0368,1
P072,R0369,1
P072,R0370,1
P072,R0371,1
P072,R0372,1
P072,R0373,1
P072,R0374,1
P072,R0375,1
P072,R0376,1
P072,R0377,1
P072,R0378,1
P072,R0379,1
P072,R0380,2
P072,R0381,1
P072,R0382,2
P072,R0383,2
P072,R0384,2
P072,R0385,1
P072,R0386,2
P072,R0387,1
P072,R0388,1
P072,R0389,1
P072,R0390,1
P072,R0391,1
P072,R0392,1
P072,R0393,1
P072,R0394,1
P072,R0395,1
P072,R0396,1
P072,R0397,1
P072,R0398,2
P072,R0399,2
P072,R0400,1
P072,R0401,2
P072,R0402,0
P072,R0403,1
P072,R0404,1
P072,R0405,2
P072,R0406,1
P072,R0407,1
P072,R0408,2
P072,R0409,1
P072,R0410,1
P072,R0411,1
P072,R0412,1
P072,R0413,1
P072,R0414,2
P072,R0415,1
P072,R0416,1
P072,R0417,2
P072,R0418,2
P072,R0419,1
P072,R0420,1
P072,R0421,1
P072,R0422,1
P072,R0423,2
P072,R0424,2
P072,R0425,1
P072,R0426,1
P072,R0427,1
P072,R0428,2
P072,R0429,1
P072,R0430,1
P072,R0431,1
P072,R0432,1
P072,R0433,0
P072,R0434,2
P072,R0435,2
P072,R0436,1
P072,R0437,1
P072,R0438,1
P072,R0439,1
P072,R0440,1
P072,R0441,1
P072,R0442,1
P072,R0443,1
P072,R0444,1
P072,R0445,1
P072,R0446,2
P072,R0447,2
P072,R0448,1
P072,R0449,1
P072,R0450,1
P072,R0451,1
P072,R0452,1
P072,R0453,1
P072,R0454,2
P072,R0455,2
P072,R0456,1
P072,R0457,1
P072,R0458,1
P072,R0459,1
P072,R0460,1
P072,R0461,2
P072,R0462,2
P072,R0463,1
P072,R0464,2
P072,R0465,1
P072,R0466,1
P072,R0467,1
P072,R0468,1
P072,R0469,2
P072,R0470,1
P072,R0471,1
P072,R0472,1
P072,R0473,1
P072,R0474,1
P072,R0475,1
P072,R0476,1
P072,R0477,1
P072,R0478,1
P072,R0479,1
P072,R0480,1
P072,R0481,1
P072,R0482,1
P072,R0483,2
P072,R0484,1
P072,R0485,2
P072,R0486,1
P072,R0487,1
P072,R0488,1
P072,R0489,1
P072,R0490,1
P072,R0491,2
P072,R0492,2
P072,R0493,1
P072,R0494,1
P072,R0495,2
P072,R0496,0
P072,R0497,1
P072,R0498,1
P072,R0499,1
P072,R0500,1
P072,R0501,1
P072,R0502,1
P072,R0503,1
P072,R0504,1
P072,R0505,1
P072,R0506,2
P072,R0507,1
P072,R0508,1
P072,R0509,1
P072,R0510,2
P072,R0511,1
P072,R0512,1
P072,R0513,1
P072,R0514,1
P072,R0515,2
P072,R0516,1
P072,R0517,1
P072,R0518,1
P072,R0519,1
P072,R0520,2
P072,R0521,1
P072,R0522,1
P072,R0523,1
P072,R0524,1
P072,R0525,1
P072,R0526,2
P072,R0527,1
P072,R0528,1
P072,R0529,2
P072,R0530,1
P072,R0531,1
P072,R0532,2
P072,R0533,2
P072,R0534,1
P072,R0535,1
P072,R0536,1
P072,R0537,1
P072,R0538,1
P072,R0539,1
P072,R0540,1
P072,R0541,1
P072,R0542,1
P072,R0543,1
P072,R0544,2
P072,R0545,1
P072,R0546,1
P072,R0547,1
P072,R0548,2
P072,R0549,1
P072,R0550,2
P072,R0551,1
P072,R0552,1
P072,R0553,1
P072,R0554,1
P072,R0555,2
P072,R0556,2
P072,R0557,1
P072,R0558,1
P072,R0559,2
P072,R0560,1
P072,R0561,1
P072,R0562,2
P072,R0563,0
P072,R0564,2
P072,R0565,0
P072,R0566,1
P072,R0567,1
P072,R0568,1
P072,R0569,1
P072,R0570,1
P072,R0571,1
P072,R0572,1
P072,R0573,1
P072,R0574,1
P072,R0575,2
P072,R0576,2
P072,R0577,1
P072,R0578,1
P072,R0579,1
P072,R0580,1
P072,R0581,1
P072,R0582,1
P072,R0583,1
P072,R0584,1
P072,R0585,1
P072,R0586,2
P072,R0587,2
P072,R0588,1
P072,R0589,1
P072,R0590,1
P072,R0591,1
P072,R0592,1
P072,R0593,2
P072,R0594,1
P072,R0595,1
P072,R0596,1
P072,R0597,1
P072,R0598,1
P072,R0599,1
P072,R0600,1
