resource_id,title,description,topics,difficulty,format,duration_minutes,cost_type,price_usd,provider,quality_score,accessibility_score,has_captions,has_transcript,prerequisites,language,resource_url,popularity_score
R0001,Responsible AI Applied Path 1,An original beginner learning resource that develops responsible ai concepts through interactive exercise activities and connects them with data science practice.,Responsible AI|Data science,Beginner,Interactive exercise,45,Free,0.0,Nexus Learning,0.497,0.947,True,True,None,English,https://example.org/learnbridge/resources/R0001,0.522
R0002,Python Essentials 2,An original beginner learning resource that develops python concepts through practice quiz activities and connects them with software engineering practice.,Python|Software engineering,Beginner,Practice quiz,180,Paid,25.0,Bridge Learning,0.86,0.844,True,True,None,English,https://example.org/learnbridge/resources/R0002,0.314
R0003,NLP Applied Path 3,An original beginner learning resource that develops nlp concepts through video activities and connects them with data science practice.,NLP|Data science,Beginner,Video,120,Free,0.0,Beacon Learning,0.74,0.961,True,True,None,English,https://example.org/learnbridge/resources/R0003,0.398
R0004,Software engineering Field Guide 4,An original intermediate learning resource that develops software engineering concepts through video activities and connects them with statistics practice.,Software engineering|Statistics,Intermediate,Video,90,Free,0.0,Beacon Learning,0.793,0.523,False,False,Statistics,English,https://example.org/learnbridge/resources/R0004,0.496
R0005,Responsible AI Practice Lab 5,An original beginner learning resource that develops responsible ai concepts through practice quiz activities and connects them with mathematics practice.,Responsible AI|Mathematics,Beginner,Practice quiz,60,Free,0.0,Summit Learning,0.984,0.833,True,True,None,English,https://example.org/learnbridge/resources/R0005,0.415
R0006,Python Workshop 6,An original advanced learning resource that develops python concepts through project activities and connects them with sql practice.,Python|SQL,Advanced,Project,90,Free,0.0,Forge Learning,0.664,0.813,True,True,Mathematics,English,https://example.org/learnbridge/resources/R0006,0.274
R0007,Software engineering Concept Clinic 7,An original advanced learning resource that develops software engineering concepts through course activities and connects them with computer vision practice.,Software engineering|Computer vision,Advanced,Course,45,Free,0.0,Orbit Learning,0.915,0.902,True,True,Software engineering,English,https://example.org/learnbridge/resources/R0007,0.171
R0008,Computer vision Applied Path 8,An original intermediate learning resource that develops computer vision concepts through course activities and connects them with deep learning practice.,Computer vision|Deep learning,Intermediate,Course,360,Free,0.0,Nova Learning,0.818,0.972,True,True,Computer vision,English,https://example.org/learnbridge/resources/R0008,0.38
R0009,Computer vision Essentials 9,An original intermediate learning resource that develops computer vision concepts through practice quiz activities and connects them with machine learning practice.,Computer vision|Machine learning,Intermediate,Practice quiz,90,Paid,9.0,Harbor Learning,0.905,0.994,True,True,Python,English,https://example.org/learnbridge/resources/R0009,0.484
R0010,Cloud computing Workshop 10,An original intermediate learning resource that develops cloud computing concepts through course activities and connects them with python practice.,Cloud computing|Python,Intermediate,Course,120,Free,0.0,Orbit Learning,0.58,0.976,True,True,Mathematics,English,https://example.org/learnbridge/resources/R0010,0.352
R0011,Cloud computing Concept Clinic 11,An original beginner learning resource that develops cloud computing concepts through course activities and connects them with machine learning practice.,Cloud computing|Machine learning,Beginner,Course,45,Paid,59.0,Willow Learning,0.971,0.853,True,True,None,English,https://example.org/learnbridge/resources/R0011,0.576
R0012,NLP Essentials 12,An original advanced learning resource that develops nlp concepts through course activities and connects them with cloud computing practice.,NLP|Cloud computing,Advanced,Course,60,Free,0.0,Nexus Learning,0.574,0.813,True,True,NLP,English,https://example.org/learnbridge/resources/R0012,0.225
R0013,Python Workshop 13,An original beginner learning resource that develops python concepts through article activities and connects them with computer vision practice.,Python|Computer vision,Beginner,Article,240,Free,0.0,Forge Learning,0.581,0.843,True,True,None,English,https://example.org/learnbridge/resources/R0013,0.655
R0014,NLP Applied Path 14,An original beginner learning resource that develops nlp concepts through project activities and connects them with deep learning practice.,NLP|Deep learning,Beginner,Project,30,Paid,25.0,Nova Learning,0.584,0.812,True,True,None,English,https://example.org/learnbridge/resources/R0014,0.278
R0015,Statistics Foundations 15,An original intermediate learning resource that develops statistics concepts through project activities and connects them with data science practice.,Statistics|Data science,Intermediate,Project,30,Paid,15.0,Lumen Learning,0.669,0.81,True,True,Statistics,English,https://example.org/learnbridge/resources/R0015,0.515
R0016,Mathematics Essentials 16,An original intermediate learning resource that develops mathematics concepts through course activities and connects them with cloud computing practice.,Mathematics|Cloud computing,Intermediate,Course,90,Free,0.0,Nexus Learning,0.483,0.844,True,True,Mathematics,English,https://example.org/learnbridge/resources/R0016,0.333
R0017,Cloud computing Foundations 17,An original beginner learning resource that develops cloud computing concepts through tutorial activities and connects them with machine learning practice.,Cloud computing|Machine learning,Beginner,Tutorial,45,Free,0.0,Pixel Learning,0.668,0.814,True,True,None,English,https://example.org/learnbridge/resources/R0017,0.72
R0018,Software engineering Practice Lab 18,An original beginner learning resource that develops software engineering concepts through interactive exercise activities and connects them with cloud computing practice.,Software engineering|Cloud computing,Beginner,Interactive exercise,120,Free,0.0,Atlas Learning,0.813,0.848,True,True,None,English,https://example.org/learnbridge/resources/R0018,0.333
R0019,Data science Field Guide 19,An original intermediate learning resource that develops data science concepts through tutorial activities and connects them with machine learning practice.,Data science|Machine learning,Intermediate,Tutorial,120,Free,0.0,Harbor Learning,0.535,0.976,True,True,Python,English,https://example.org/learnbridge/resources/R0019,0.589
R0020,Responsible AI Workshop 20,An original beginner learning resource that develops responsible ai concepts through project activities and connects them with cloud computing practice.,Responsible AI|Cloud computing,Beginner,Project,30,Free,0.0,Summit Learning,0.512,0.988,True,True,None,English,https://example.org/learnbridge/resources/R0020,0.265
R0021,Mathematics Concept Clinic 21,An original beginner learning resource that develops mathematics concepts through practice quiz activities and connects them with nlp practice.,Mathematics|NLP,Beginner,Practice quiz,360,Paid,9.0,Cedar Learning,0.793,0.898,True,True,None,English,https://example.org/learnbridge/resources/R0021,0.359
R0022,Cloud computing Field Guide 22,An original beginner learning resource that develops cloud computing concepts through practice quiz activities and connects them with python practice.,Cloud computing|Python,Beginner,Practice quiz,360,Paid,59.0,Nexus Learning,0.53,0.807,True,True,None,English,https://example.org/learnbridge/resources/R0022,0.089
R0023,Python Concept Clinic 23,An original beginner learning resource that develops python concepts through article activities and connects them with computer vision practice.,Python|Computer vision,Beginner,Article,120,Free,0.0,Willow Learning,0.976,0.956,True,True,None,English,https://example.org/learnbridge/resources/R0023,0.692
R0024,Machine learning Concept Clinic 24,An original beginner learning resource that develops machine learning concepts through practice quiz activities and connects them with deep learning practice.,Machine learning|Deep learning,Beginner,Practice quiz,180,Paid,15.0,Summit Learning,0.536,0.96,True,True,None,English,https://example.org/learnbridge/resources/R0024,0.83
R0025,Statistics Applied Path 25,An original beginner learning resource that develops statistics concepts through project activities and connects them with cloud computing practice.,Statistics|Cloud computing,Beginner,Project,60,Paid,15.0,Circuit Learning,0.627,0.845,True,True,None,English,https://example.org/learnbridge/resources/R0025,0.754
R0026,Computer vision Workshop 26,An original advanced learning resource that develops computer vision concepts through tutorial activities and connects them with mathematics practice.,Computer vision|Mathematics,Advanced,Tutorial,20,Free,0.0,Summit Learning,0.471,0.823,True,True,Mathematics,English,https://example.org/learnbridge/resources/R0026,0.336
R0027,Cloud computing Foundations 27,An original beginner learning resource that develops cloud computing concepts through tutorial activities and connects them with data science practice.,Cloud computing|Data science,Beginner,Tutorial,20,Free,0.0,Compass Learning,0.95,0.942,True,True,None,English,https://example.org/learnbridge/resources/R0027,0.332
R0028,NLP Concept Clinic 28,An original beginner learning resource that develops nlp concepts through practice quiz activities and connects them with deep learning practice.,NLP|Deep learning,Beginner,Practice quiz,480,Paid,9.0,Harbor Learning,0.724,0.863,True,True,None,English,https://example.org/learnbridge/resources/R0028,0.424
R0029,Statistics Practice Lab 29,An original intermediate learning resource that develops statistics concepts through course activities and connects them with deep learning practice.,Statistics|Deep learning,Intermediate,Course,45,Free,0.0,Nexus Learning,0.9,0.923,True,True,Mathematics,English,https://example.org/learnbridge/resources/R0029,0.207
R0030,NLP Applied Path 30,An original intermediate learning resource that develops nlp concepts through practice quiz activities and connects them with cloud computing practice.,NLP|Cloud computing,Intermediate,Practice quiz,240,Free,0.0,Cedar Learning,0.603,0.959,True,True,Python,English,https://example.org/learnbridge/resources/R0030,0.746
R0031,Statistics Practice Lab 31,An original beginner learning resource that develops statistics concepts through project activities and connects them with mathematics practice.,Statistics|Mathematics,Beginner,Project,20,Free,0.0,Cedar Learning,0.696,0.809,True,True,None,English,https://example.org/learnbridge/resources/R0031,0.594
R0032,Mathematics Workshop 32,An original advanced learning resource that develops mathematics concepts through project activities and connects them with python practice.,Mathematics|Python,Advanced,Project,30,Paid,59.0,Beacon Learning,0.477,0.956,True,True,Python,English,https://example.org/learnbridge/resources/R0032,0.304
R0033,Responsible AI Concept Clinic 33,An original advanced learning resource that develops responsible ai concepts through tutorial activities and connects them with cloud computing practice.,Responsible AI|Cloud computing,Advanced,Tutorial,240,Free,0.0,Nexus Learning,0.691,0.923,True,True,Statistics,English,https://example.org/learnbridge/resources/R0033,0.245
R0034,Responsible AI Applied Path 34,An original intermediate learning resource that develops responsible ai concepts through tutorial activities and connects them with sql practice.,Responsible AI|SQL,Intermediate,Tutorial,60,Free,0.0,Harbor Learning,0.577,0.855,True,True,Responsible AI,English,https://example.org/learnbridge/resources/R0034,0.601
R0035,Computer vision Concept Clinic 35,An original intermediate learning resource that develops computer vision concepts through video activities and connects them with machine learning practice.,Computer vision|Machine learning,Intermediate,Video,120,Free,0.0,Willow Learning,0.66,0.883,True,True,Python,English,https://example.org/learnbridge/resources/R0035,0.89
R0036,Software engineering Essentials 36,An original intermediate learning resource that develops software engineering concepts through interactive exercise activities and connects them with computer vision practice.,Software engineering|Computer vision,Intermediate,Interactive exercise,180,Free,0.0,Nexus Learning,0.882,0.971,True,True,Statistics,English,https://example.org/learnbridge/resources/R0036,0.345
R0037,Computer vision Essentials 37,An original advanced learning resource that develops computer vision concepts through article activities and connects them with machine learning practice.,Computer vision|Machine learning,Advanced,Article,360,Paid,59.0,Bridge Learning,0.495,0.805,True,True,Statistics,English,https://example.org/learnbridge/resources/R0037,0.552
R0038,NLP Field Guide 38,An original intermediate learning resource that develops nlp concepts through interactive exercise activities and connects them with statistics practice.,NLP|Statistics,Intermediate,Interactive exercise,180,Paid,9.0,Forge Learning,0.46,0.856,True,True,Statistics,English,https://example.org/learnbridge/resources/R0038,0.513
R0039,Responsible AI Workshop 39,An original intermediate learning resource that develops responsible ai concepts through article activities and connects them with python practice.,Responsible AI|Python,Intermediate,Article,20,Free,0.0,Forge Learning,0.812,0.924,True,True,Python,English,https://example.org/learnbridge/resources/R0039,0.366
R0040,Machine learning Essentials 40,An original intermediate learning resource that develops machine learning concepts through practice quiz activities and connects them with responsible ai practice.,Machine learning|Responsible AI,Intermediate,Practice quiz,45,Paid,9.0,Harbor Learning,0.761,0.993,True,True,Machine learning,English,https://example.org/learnbridge/resources/R0040,0.599
R0041,SQL Foundations 41,An original intermediate learning resource that develops sql concepts through video activities and connects them with mathematics practice.,SQL|Mathematics,Intermediate,Video,480,Paid,59.0,Quill Learning,0.457,0.636,False,True,Mathematics,English,https://example.org/learnbridge/resources/R0041,0.41
R0042,Deep learning Practice Lab 42,An original intermediate learning resource that develops deep learning concepts through practice quiz activities and connects them with machine learning practice.,Deep learning|Machine learning,Intermediate,Practice quiz,90,Free,0.0,Willow Learning,0.896,0.923,True,True,Statistics,English,https://example.org/learnbridge/resources/R0042,0.597
R0043,SQL Practice Lab 43,An original beginner learning resource that develops sql concepts through course activities and connects them with cloud computing practice.,SQL|Cloud computing,Beginner,Course,180,Free,0.0,Quill Learning,0.548,0.867,True,True,None,English,https://example.org/learnbridge/resources/R0043,0.326
R0044,Mathematics Practice Lab 44,An original intermediate learning resource that develops mathematics concepts through tutorial activities and connects them with sql practice.,Mathematics|SQL,Intermediate,Tutorial,30,Paid,59.0,Pixel Learning,0.823,0.848,True,True,Statistics,English,https://example.org/learnbridge/resources/R0044,0.641
R0045,SQL Field Guide 45,An original intermediate learning resource that develops sql concepts through course activities and connects them with mathematics practice.,SQL|Mathematics,Intermediate,Course,120,Free,0.0,Beacon Learning,0.596,0.885,True,True,Mathematics,English,https://example.org/learnbridge/resources/R0045,0.435
R0046,Cloud computing Essentials 46,An original beginner learning resource that develops cloud computing concepts through practice quiz activities and connects them with machine learning practice.,Cloud computing|Machine learning,Beginner,Practice quiz,480,Free,0.0,Harbor Learning,0.979,0.995,True,True,None,English,https://example.org/learnbridge/resources/R0046,0.266
R0047,Python Essentials 47,An original intermediate learning resource that develops python concepts through practice quiz activities and connects them with data science practice.,Python|Data science,Intermediate,Practice quiz,240,Paid,25.0,Forge Learning,0.709,0.821,True,True,Python,English,https://example.org/learnbridge/resources/R0047,0.454
R0048,Data science Field Guide 48,An original beginner learning resource that develops data science concepts through video activities and connects them with machine learning practice.,Data science|Machine learning,Beginner,Video,20,Free,0.0,Cedar Learning,0.987,0.962,True,True,None,English,https://example.org/learnbridge/resources/R0048,0.169
R0049,Statistics Field Guide 49,An original beginner learning resource that develops statistics concepts through course activities and connects them with software engineering practice.,Statistics|Software engineering,Beginner,Course,480,Free,0.0,Orbit Learning,0.779,0.998,True,True,None,English,https://example.org/learnbridge/resources/R0049,0.702
R0050,Responsible AI Practice Lab 50,An original beginner learning resource that develops responsible ai concepts through article activities and connects them with data science practice.,Responsible AI|Data science,Beginner,Article,45,Free,0.0,Forge Learning,0.607,0.801,True,True,None,English,https://example.org/learnbridge/resources/R0050,0.206
R0051,Responsible AI Practice Lab 51,An original advanced learning resource that develops responsible ai concepts through project activities and connects them with statistics practice.,Responsible AI|Statistics,Advanced,Project,480,Paid,9.0,Nexus Learning,0.571,0.932,True,True,Python,English,https://example.org/learnbridge/resources/R0051,0.389
R0052,SQL Applied Path 52,An original intermediate learning resource that develops sql concepts through tutorial activities and connects them with responsible ai practice.,SQL|Responsible AI,Intermediate,Tutorial,240,Paid,39.0,Summit Learning,0.72,0.825,True,True,Mathematics,English,https://example.org/learnbridge/resources/R0052,0.75
R0053,NLP Concept Clinic 53,An original beginner learning resource that develops nlp concepts through video activities and connects them with responsible ai practice.,NLP|Responsible AI,Beginner,Video,480,Free,0.0,Summit Learning,0.761,0.804,True,True,None,English,https://example.org/learnbridge/resources/R0053,0.539
R0054,Computer vision Field Guide 54,An original advanced learning resource that develops computer vision concepts through video activities and connects them with mathematics practice.,Computer vision|Mathematics,Advanced,Video,180,Free,0.0,Willow Learning,0.825,0.934,True,True,Python,English,https://example.org/learnbridge/resources/R0054,0.189
R0055,Deep learning Concept Clinic 55,An original beginner learning resource that develops deep learning concepts through interactive exercise activities and connects them with data science practice.,Deep learning|Data science,Beginner,Interactive exercise,180,Free,0.0,Bridge Learning,0.805,0.973,True,True,None,English,https://example.org/learnbridge/resources/R0055,0.608
R0056,Deep learning Foundations 56,An original intermediate learning resource that develops deep learning concepts through video activities and connects them with mathematics practice.,Deep learning|Mathematics,Intermediate,Video,360,Free,0.0,Bridge Learning,0.975,0.858,True,True,Statistics,English,https://example.org/learnbridge/resources/R0056,0.663
R0057,Cloud computing Applied Path 57,An original beginner learning resource that develops cloud computing concepts through project activities and connects them with computer vision practice.,Cloud computing|Computer vision,Beginner,Project,240,Paid,15.0,Forge Learning,0.954,0.989,True,True,None,English,https://example.org/learnbridge/resources/R0057,0.346
R0058,Deep learning Concept Clinic 58,An original intermediate learning resource that develops deep learning concepts through article activities and connects them with statistics practice.,Deep learning|Statistics,Intermediate,Article,480,Free,0.0,Cedar Learning,0.599,0.902,True,True,Python,English,https://example.org/learnbridge/resources/R0058,0.688
R0059,Responsible AI Practice Lab 59,An original advanced learning resource that develops responsible ai concepts through course activities and connects them with deep learning practice.,Responsible AI|Deep learning,Advanced,Course,120,Free,0.0,Quill Learning,0.92,0.866,True,True,Statistics,English,https://example.org/learnbridge/resources/R0059,0.4
R0060,Deep learning Foundations 60,An original beginner learning resource that develops deep learning concepts through practice quiz activities and connects them with computer vision practice.,Deep learning|Computer vision,Beginner,Practice quiz,45,Paid,15.0,Compass Learning,0.971,0.899,True,True,None,English,https://example.org/learnbridge/resources/R0060,0.527
R0061,Machine learning Concept Clinic 61,An original intermediate learning resource that develops machine learning concepts through interactive exercise activities and connects them with data science practice.,Machine learning|Data science,Intermediate,Interactive exercise,180,Free,0.0,Nexus Learning,0.655,0.93,True,True,Mathematics,English,https://example.org/learnbridge/resources/R0061,0.224
R0062,Python Applied Path 62,An original beginner learning resource that develops python concepts through practice quiz activities and connects them with responsible ai practice.,Python|Responsible AI,Beginner,Practice quiz,90,Paid,9.0,Willow Learning,0.978,0.999,True,True,None,English,https://example.org/learnbridge/resources/R0062,0.785
R0063,SQL Workshop 63,An original beginner learning resource that develops sql concepts through project activities and connects them with python practice.,SQL|Python,Beginner,Project,120,Free,0.0,Pixel Learning,0.737,0.875,True,True,None,English,https://example.org/learnbridge/resources/R0063,0.632
R0064,Computer vision Practice Lab 64,An original intermediate learning resource that develops computer vision concepts through course activities and connects them with responsible ai practice.,Computer vision|Responsible AI,Intermediate,Course,45,Paid,25.0,Bridge Learning,0.935,0.846,True,True,Mathematics,English,https://example.org/learnbridge/resources/R0064,0.385
R0065,NLP Workshop 65,An original beginner learning resource that develops nlp concepts through course activities and connects them with responsible ai practice.,NLP|Responsible AI,Beginner,Course,240,Paid,39.0,Forge Learning,0.508,0.969,True,True,None,English,https://example.org/learnbridge/resources/R0065,0.454
R0066,Python Field Guide 66,An original beginner learning resource that develops python concepts through video activities and connects them with mathematics practice.,Python|Mathematics,Beginner,Video,20,Free,0.0,Pixel Learning,0.778,0.517,False,False,None,English,https://example.org/learnbridge/resources/R0066,0.297
R0067,Mathematics Foundations 67,An original intermediate learning resource that develops mathematics concepts through article activities and connects them with responsible ai practice.,Mathematics|Responsible AI,Intermediate,Article,20,Free,0.0,Mosaic Learning,0.845,0.862,True,True,Statistics,English,https://example.org/learnbridge/resources/R0067,0.114
R0068,Machine learning Concept Clinic 68,An original advanced learning resource that develops machine learning concepts through interactive exercise activities and connects them with software engineering practice.,Machine learning|Software engineering,Advanced,Interactive exercise,90,Free,0.0,Forge Learning,0.972,0.966,True,True,Mathematics,English,https://example.org/learnbridge/resources/R0068,0.196
R0069,Data science Foundations 69,An original intermediate learning resource that develops data science concepts through article activities and connects them with statistics practice.,Data science|Statistics,Intermediate,Article,180,Paid,39.0,Bridge Learning,0.593,0.993,True,True,Mathematics,English,https://example.org/learnbridge/resources/R0069,0.135
R0070,Computer vision Essentials 70,An original advanced learning resource that develops computer vision concepts through video activities and connects them with mathematics practice.,Computer vision|Mathematics,Advanced,Video,240,Free,0.0,Pixel Learning,0.8,0.977,True,True,Mathematics,English,https://example.org/learnbridge/resources/R0070,0.404
R0071,Data science Essentials 71,An original beginner learning resource that develops data science concepts through video activities and connects them with statistics practice.,Data science|Statistics,Beginner,Video,240,Free,0.0,Atlas Learning,0.66,0.847,True,True,None,English,https://example.org/learnbridge/resources/R0071,0.275
R0072,Software engineering Foundations 72,An original advanced learning resource that develops software engineering concepts through practice quiz activities and connects them with machine learning practice.,Software engineering|Machine learning,Advanced,Practice quiz,240,Free,0.0,Mosaic Learning,0.567,0.923,True,True,Mathematics,English,https://example.org/learnbridge/resources/R0072,0.455
R0073,NLP Concept Clinic 73,An original advanced learning resource that develops nlp concepts through practice quiz activities and connects them with software engineering practice.,NLP|Software engineering,Advanced,Practice quiz,180,Free,0.0,Beacon Learning,0.5,0.855,True,True,NLP,English,https://example.org/learnbridge/resources/R0073,0.329
R0074,Software engineering Concept Clinic 74,An original beginner learning resource that develops software engineering concepts through project activities and connects them with statistics practice.,Software engineering|Statistics,Beginner,Project,480,Free,0.0,Pixel Learning,0.627,0.843,True,True,None,English,https://example.org/learnbridge/resources/R0074,0.796
R0075,Machine learning Concept Clinic 75,An original intermediate learning resource that develops machine learning concepts through project activities and connects them with statistics practice.,Machine learning|Statistics,Intermediate,Project,20,Free,0.0,Pixel Learning,0.768,0.826,True,True,Mathematics,English,https://example.org/learnbridge/resources/R0075,0.156
R0076,Data science Essentials 76,An original intermediate learning resource that develops data science concepts through project activities and connects them with machine learning practice.,Data science|Machine learning,Intermediate,Project,480,Free,0.0,Orbit Learning,0.843,0.822,True,True,Python,English,https://example.org/learnbridge/resources/R0076,0.684
R0077,Computer vision Field Guide 77,An original intermediate learning resource that develops computer vision concepts through course activities and connects them with deep learning practice.,Computer vision|Deep learning,Intermediate,Course,240,Paid,59.0,Atlas Learning,0.485,0.815,True,True,Computer vision,English,https://example.org/learnbridge/resources/R0077,0.284
R0078,Software engineering Foundations 78,An original beginner learning resource that develops software engineering concepts through tutorial activities and connects them with cloud computing practice.,Software engineering|Cloud computing,Beginner,Tutorial,30,Free,0.0,Nexus Learning,0.839,0.959,True,True,None,English,https://example.org/learnbridge/resources/R0078,0.385
R0079,Deep learning Workshop 79,An original beginner learning resource that develops deep learning concepts through video activities and connects them with computer vision practice.,Deep learning|Computer vision,Beginner,Video,120,Free,0.0,Forge Learning,0.486,0.875,True,True,None,English,https://example.org/learnbridge/resources/R0079,0.102
R0080,Software engineering Concept Clinic 80,An original intermediate learning resource that develops software engineering concepts through practice quiz activities and connects them with cloud computing practice.,Software engineering|Cloud computing,Intermediate,Practice quiz,120,Free,0.0,Orbit Learning,0.973,0.975,True,True,Statistics,English,https://example.org/learnbridge/resources/R0080,0.443
R0081,Responsible AI Essentials 81,An original beginner learning resource that develops responsible ai concepts through video activities and connects them with deep learning practice.,Responsible AI|Deep learning,Beginner,Video,360,Free,0.0,Pixel Learning,0.886,0.953,True,True,None,English,https://example.org/learnbridge/resources/R0081,0.484
R0082,Responsible AI Field Guide 82,An original beginner learning resource that develops responsible ai concepts through practice quiz activities and connects them with cloud computing practice.,Responsible AI|Cloud computing,Beginner,Practice quiz,90,Paid,25.0,Quill Learning,0.64,0.806,True,True,None,English,https://example.org/learnbridge/resources/R0082,0.195
R0083,Mathematics Field Guide 83,An original advanced learning resource that develops mathematics concepts through video activities and connects them with responsible ai practice.,Mathematics|Responsible AI,Advanced,Video,60,Paid,25.0,Quill Learning,0.869,0.891,True,True,Python,English,https://example.org/learnbridge/resources/R0083,0.756
R0084,Software engineering Practice Lab 84,An original intermediate learning resource that develops software engineering concepts through interactive exercise activities and connects them with python practice.,Software engineering|Python,Intermediate,Interactive exercise,180,Free,0.0,Summit Learning,0.566,0.897,True,True,Statistics,English,https://example.org/learnbridge/resources/R0084,0.656
R0085,Software engineering Foundations 85,An original intermediate learning resource that develops software engineering concepts through interactive exercise activities and connects them with deep learning practice.,Software engineering|Deep learning,Intermediate,Interactive exercise,180,Free,0.0,Sprout Learning,0.613,0.997,True,True,Software engineering,English,https://example.org/learnbridge/resources/R0085,0.367
R0086,Python Foundations 86,An original intermediate learning resource that develops python concepts through article activities and connects them with cloud computing practice.,Python|Cloud computing,Intermediate,Article,360,Free,0.0,Circuit Learning,0.915,0.941,True,True,Mathematics,English,https://example.org/learnbridge/resources/R0086,0.708
R0087,Mathematics Practice Lab 87,An original beginner learning resource that develops mathematics concepts through video activities and connects them with responsible ai practice.,Mathematics|Responsible AI,Beginner,Video,120,Free,0.0,Mosaic Learning,0.498,0.99,True,True,None,English,https://example.org/learnbridge/resources/R0087,0.518
R0088,NLP Workshop 88,An original beginner learning resource that develops nlp concepts through article activities and connects them with statistics practice.,NLP|Statistics,Beginner,Article,30,Free,0.0,Mosaic Learning,0.64,0.906,True,True,None,English,https://example.org/learnbridge/resources/R0088,0.314
R0089,Machine learning Concept Clinic 89,An original beginner learning resource that develops machine learning concepts through project activities and connects them with mathematics practice.,Machine learning|Mathematics,Beginner,Project,240,Free,0.0,Beacon Learning,0.818,0.951,True,True,None,English,https://example.org/learnbridge/resources/R0089,0.336
R0090,Software engineering Field Guide 90,An original beginner learning resource that develops software engineering concepts through video activities and connects them with python practice.,Software engineering|Python,Beginner,Video,240,Free,0.0,Cedar Learning,0.798,0.874,True,True,None,English,https://example.org/learnbridge/resources/R0090,0.438
R0091,Mathematics Essentials 91,An original intermediate learning resource that develops mathematics concepts through project activities and connects them with python practice.,Mathematics|Python,Intermediate,Project,60,Free,0.0,Atlas Learning,0.967,0.864,True,True,Statistics,English,https://example.org/learnbridge/resources/R0091,0.24
R0092,Data science Field Guide 92,An original intermediate learning resource that develops data science concepts through video activities and connects them with software engineering practice.,Data science|Software engineering,Intermediate,Video,240,Free,0.0,Harbor Learning,0.659,0.472,False,False,Mathematics,English,https://example.org/learnbridge/resources/R0092,0.839
R0093,NLP Concept Clinic 93,An original beginner learning resource that develops nlp concepts through tutorial activities and connects them with data science practice.,NLP|Data science,Beginner,Tutorial,90,Free,0.0,Atlas Learning,0.63,0.85,True,True,None,English,https://example.org/learnbridge/resources/R0093,0.537
R0094,Mathematics Practice Lab 94,An original beginner learning resource that develops mathematics concepts through tutorial activities and connects them with responsible ai practice.,Mathematics|Responsible AI,Beginner,Tutorial,30,Paid,25.0,Atlas Learning,0.812,0.862,True,True,None,English,https://example.org/learnbridge/resources/R0094,0.549
R0095,Responsible AI Field Guide 95,An original intermediate learning resource that develops responsible ai concepts through interactive exercise activities and connects them with mathematics practice.,Responsible AI|Mathematics,Intermediate,Interactive exercise,90,Free,0.0,Forge Learning,0.554,0.836,True,True,Python,English,https://example.org/learnbridge/resources/R0095,0.311
R0096,Mathematics Practice Lab 96,An original beginner learning resource that develops mathematics concepts through interactive exercise activities and connects them with cloud computing practice.,Mathematics|Cloud computing,Beginner,Interactive exercise,480,Paid,15.0,Lumen Learning,0.548,0.826,True,True,None,English,https://example.org/learnbridge/resources/R0096,0.296
R0097,Python Concept Clinic 97,An original beginner learning resource that develops python concepts through practice quiz activities and connects them with deep learning practice.,Python|Deep learning,Beginner,Practice quiz,240,Free,0.0,Beacon Learning,0.576,0.922,True,True,None,English,https://example.org/learnbridge/resources/R0097,0.18
R0098,Statistics Essentials 98,An original intermediate learning resource that develops statistics concepts through tutorial activities and connects them with computer vision practice.,Statistics|Computer vision,Intermediate,Tutorial,240,Paid,59.0,Willow Learning,0.972,0.954,True,True,Statistics,English,https://example.org/learnbridge/resources/R0098,0.789
R0099,Responsible AI Foundations 99,An original advanced learning resource that develops responsible ai concepts through tutorial activities and connects them with deep learning practice.,Responsible AI|Deep learning,Advanced,Tutorial,360,Paid,15.0,Summit Learning,0.693,0.97,True,True,Mathematics,English,https://example.org/learnbridge/resources/R0099,0.678
R0100,Deep learning Foundations 100,An original advanced learning resource that develops deep learning concepts through course activities and connects them with nlp practice.,Deep learning|NLP,Advanced,Course,360,Free,0.0,Mosaic Learning,0.571,0.875,True,True,Statistics,English,https://example.org/learnbridge/resources/R0100,0.244
R0101,Machine learning Practice Lab 101,An original beginner learning resource that develops machine learning concepts through project activities and connects them with statistics practice.,Machine learning|Statistics,Beginner,Project,45,Free,0.0,Beacon Learning,0.782,0.952,True,True,None,English,https://example.org/learnbridge/resources/R0101,0.295
R0102,Statistics Foundations 102,An original beginner learning resource that develops statistics concepts through article activities and connects them with nlp practice.,Statistics|NLP,Beginner,Article,480,Free,0.0,Forge Learning,0.772,0.891,True,True,None,English,https://example.org/learnbridge/resources/R0102,0.117
R0103,Computer vision Essentials 103,An original intermediate learning resource that develops computer vision concepts through article activities and connects them with python practice.,Computer vision|Python,Intermediate,Article,45,Free,0.0,Mosaic Learning,0.487,0.933,True,True,Computer vision,English,https://example.org/learnbridge/resources/R0103,0.486
R0104,Responsible AI Workshop 104,An original advanced learning resource that develops responsible ai concepts through interactive exercise activities and connects them with computer vision practice.,Responsible AI|Computer vision,Advanced,Interactive exercise,120,Paid,9.0,Quill Learning,0.522,0.958,True,True,Mathematics,English,https://example.org/learnbridge/resources/R0104,0.288
R0105,Responsible AI Foundations 105,An original advanced learning resource that develops responsible ai concepts through course activities and connects them with deep learning practice.,Responsible AI|Deep learning,Advanced,Course,45,Free,0.0,Harbor Learning,0.559,0.813,True,True,Statistics,English,https://example.org/learnbridge/resources/R0105,0.681
R0106,Computer vision Concept Clinic 106,An original intermediate learning resource that develops computer vision concepts through video activities and connects them with software engineering practice.,Computer vision|Software engineering,Intermediate,Video,60,Paid,25.0,Summit Learning,0.517,0.972,True,True,Computer vision,English,https://example.org/learnbridge/resources/R0106,0.254
R0107,Computer vision Concept Clinic 107,An original advanced learning resource that develops computer vision concepts through course activities and connects them with nlp practice.,Computer vision|NLP,Advanced,Course,120,Paid,9.0,Willow Learning,0.493,0.985,True,True,Mathematics,English,https://example.org/learnbridge/resources/R0107,0.459
R0108,Data science Field Guide 108,An original intermediate learning resource that develops data science concepts through interactive exercise activities and connects them with computer vision practice.,Data science|Computer vision,Intermediate,Interactive exercise,180,Free,0.0,Beacon Learning,0.473,0.833,True,True,Statistics,English,https://example.org/learnbridge/resources/R0108,0.194
R0109,Responsible AI Workshop 109,An original advanced learning resource that develops responsible ai concepts through article activities and connects them with machine learning practice.,Responsible AI|Machine learning,Advanced,Article,240,Paid,25.0,Mosaic Learning,0.657,0.807,True,True,Responsible AI,English,https://example.org/learnbridge/resources/R0109,0.378
R0110,NLP Workshop 110,An original intermediate learning resource that develops nlp concepts through tutorial activities and connects them with cloud computing practice.,NLP|Cloud computing,Intermediate,Tutorial,120,Free,0.0,Nova Learning,0.464,0.88,True,True,Mathematics,English,https://example.org/learnbridge/resources/R0110,0.159
R0111,Statistics Practice Lab 111,An original beginner learning resource that develops statistics concepts through course activities and connects them with responsible ai practice.,Statistics|Responsible AI,Beginner,Course,45,Free,0.0,Lumen Learning,0.935,0.971,True,True,None,English,https://example.org/learnbridge/resources/R0111,0.316
R0112,NLP Applied Path 112,An original beginner learning resource that develops nlp concepts through video activities and connects them with mathematics practice.,NLP|Mathematics,Beginner,Video,90,Free,0.0,Lumen Learning,0.879,0.492,False,False,None,English,https://example.org/learnbridge/resources/R0112,0.581
R0113,Deep learning Foundations 113,An original beginner learning resource that develops deep learning concepts through tutorial activities and connects them with python practice.,Deep learning|Python,Beginner,Tutorial,360,Free,0.0,Cedar Learning,0.617,0.826,True,True,None,English,https://example.org/learnbridge/resources/R0113,0.459
R0114,NLP Practice Lab 114,An original advanced learning resource that develops nlp concepts through project activities and connects them with machine learning practice.,NLP|Machine learning,Advanced,Project,480,Free,0.0,Compass Learning,0.942,0.836,True,True,Python,English,https://example.org/learnbridge/resources/R0114,0.253
R0115,NLP Applied Path 115,An original beginner learning resource that develops nlp concepts through tutorial activities and connects them with statistics practice.,NLP|Statistics,Beginner,Tutorial,30,Paid,59.0,Summit Learning,0.518,0.85,True,True,None,English,https://example.org/learnbridge/resources/R0115,0.317
R0116,Software engineering Essentials 116,An original beginner learning resource that develops software engineering concepts through tutorial activities and connects them with machine learning practice.,Software engineering|Machine learning,Beginner,Tutorial,480,Paid,9.0,Bridge Learning,0.494,0.868,True,True,None,English,https://example.org/learnbridge/resources/R0116,0.27
R0117,Python Field Guide 117,An original advanced learning resource that develops python concepts through tutorial activities and connects them with cloud computing practice.,Python|Cloud computing,Advanced,Tutorial,90,Free,0.0,Beacon Learning,0.489,0.897,True,True,Statistics,English,https://example.org/learnbridge/resources/R0117,0.145
R0118,Software engineering Workshop 118,An original beginner learning resource that develops software engineering concepts through practice quiz activities and connects them with machine learning practice.,Software engineering|Machine learning,Beginner,Practice quiz,120,Free,0.0,Mosaic Learning,0.728,0.995,True,True,None,English,https://example.org/learnbridge/resources/R0118,0.358
R0119,Machine learning Concept Clinic 119,An original beginner learning resource that develops machine learning concepts through course activities and connects them with data science practice.,Machine learning|Data science,Beginner,Course,180,Paid,15.0,Quill Learning,0.954,0.85,True,True,None,English,https://example.org/learnbridge/resources/R0119,0.721
R0120,Deep learning Workshop 120,An original advanced learning resource that develops deep learning concepts through course activities and connects them with cloud computing practice.,Deep learning|Cloud computing,Advanced,Course,180,Free,0.0,Mosaic Learning,0.476,0.901,True,True,Python,English,https://example.org/learnbridge/resources/R0120,0.172
R0121,SQL Field Guide 121,An original beginner learning resource that develops sql concepts through video activities and connects them with software engineering practice.,SQL|Software engineering,Beginner,Video,90,Free,0.0,Orbit Learning,0.666,0.953,True,True,None,English,https://example.org/learnbridge/resources/R0121,0.437
R0122,Cloud computing Workshop 122,An original intermediate learning resource that develops cloud computing concepts through interactive exercise activities and connects them with deep learning practice.,Cloud computing|Deep learning,Intermediate,Interactive exercise,480,Paid,9.0,Circuit Learning,0.652,0.936,True,True,Cloud computing,English,https://example.org/learnbridge/resources/R0122,0.311
R0123,Python Workshop 123,An original beginner learning resource that develops python concepts through practice quiz activities and connects them with data science practice.,Python|Data science,Beginner,Practice quiz,240,Free,0.0,Compass Learning,0.525,0.904,True,True,None,English,https://example.org/learnbridge/resources/R0123,0.215
R0124,Cloud computing Field Guide 124,An original intermediate learning resource that develops cloud computing concepts through practice quiz activities and connects them with software engineering practice.,Cloud computing|Software engineering,Intermediate,Practice quiz,240,Free,0.0,Nova Learning,0.979,0.963,True,True,Mathematics,English,https://example.org/learnbridge/resources/R0124,0.363
R0125,Python Essentials 125,An original intermediate learning resource that develops python concepts through practice quiz activities and connects them with responsible ai practice.,Python|Responsible AI,Intermediate,Practice quiz,480,Paid,39.0,Lumen Learning,0.733,0.916,True,True,Python,English,https://example.org/learnbridge/resources/R0125,0.604
R0126,Statistics Workshop 126,An original intermediate learning resource that develops statistics concepts through practice quiz activities and connects them with python practice.,Statistics|Python,Intermediate,Practice quiz,20,Free,0.0,Willow Learning,0.823,0.888,True,True,Statistics,English,https://example.org/learnbridge/resources/R0126,0.168
R0127,Mathematics Essentials 127,An original intermediate learning resource that develops mathematics concepts through tutorial activities and connects them with python practice.,Mathematics|Python,Intermediate,Tutorial,120,Free,0.0,Circuit Learning,0.619,1.0,True,True,Statistics,English,https://example.org/learnbridge/resources/R0127,0.296
R0128,Mathematics Field Guide 128,An original intermediate learning resource that develops mathematics concepts through practice quiz activities and connects them with responsible ai practice.,Mathematics|Responsible AI,Intermediate,Practice quiz,240,Free,0.0,Nexus Learning,0.611,0.838,True,True,Python,English,https://example.org/learnbridge/resources/R0128,0.658
R0129,Mathematics Essentials 129,An original beginner learning resource that develops mathematics concepts through interactive exercise activities and connects them with deep learning practice.,Mathematics|Deep learning,Beginner,Interactive exercise,90,Free,0.0,Nexus Learning,0.655,0.858,True,True,None,English,https://example.org/learnbridge/resources/R0129,0.231
R0130,Deep learning Essentials 130,An original beginner learning resource that develops deep learning concepts through course activities and connects them with mathematics practice.,Deep learning|Mathematics,Beginner,Course,360,Free,0.0,Summit Learning,0.524,0.854,True,True,None,English,https://example.org/learnbridge/resources/R0130,0.612
R0131,Cloud computing Foundations 131,An original intermediate learning resource that develops cloud computing concepts through video activities and connects them with statistics practice.,Cloud computing|Statistics,Intermediate,Video,120,Free,0.0,Nexus Learning,0.978,0.82,True,True,Python,English,https://example.org/learnbridge/resources/R0131,0.183
R0132,SQL Applied Path 132,An original beginner learning resource that develops sql concepts through video activities and connects them with computer vision practice.,SQL|Computer vision,Beginner,Video,30,Paid,9.0,Lumen Learning,0.676,0.846,True,True,None,English,https://example.org/learnbridge/resources/R0132,0.885
R0133,Deep learning Field Guide 133,An original advanced learning resource that develops deep learning concepts through project activities and connects them with machine learning practice.,Deep learning|Machine learning,Advanced,Project,20,Paid,25.0,Beacon Learning,0.984,0.802,True,True,Deep learning,English,https://example.org/learnbridge/resources/R0133,0.46
R0134,Data science Field Guide 134,An original beginner learning resource that develops data science concepts through course activities and connects them with computer vision practice.,Data science|Computer vision,Beginner,Course,45,Free,0.0,Harbor Learning,0.757,0.803,True,True,None,English,https://example.org/learnbridge/resources/R0134,0.489
R0135,Data science Foundations 135,An original intermediate learning resource that develops data science concepts through article activities and connects them with deep learning practice.,Data science|Deep learning,Intermediate,Article,240,Paid,25.0,Circuit Learning,0.577,0.865,True,True,Python,English,https://example.org/learnbridge/resources/R0135,0.662
R0136,Python Practice Lab 136,An original intermediate learning resource that develops python concepts through practice quiz activities and connects them with nlp practice.,Python|NLP,Intermediate,Practice quiz,30,Free,0.0,Compass Learning,0.948,0.893,True,True,Python,English,https://example.org/learnbridge/resources/R0136,0.611
R0137,SQL Practice Lab 137,An original intermediate learning resource that develops sql concepts through article activities and connects them with computer vision practice.,SQL|Computer vision,Intermediate,Article,240,Paid,59.0,Forge Learning,0.859,0.831,True,True,Mathematics,English,https://example.org/learnbridge/resources/R0137,0.482
R0138,Software engineering Foundations 138,An original intermediate learning resource that develops software engineering concepts through tutorial activities and connects them with data science practice.,Software engineering|Data science,Intermediate,Tutorial,30,Paid,59.0,Compass Learning,0.559,0.983,True,True,Software engineering,English,https://example.org/learnbridge/resources/R0138,0.265
R0139,Responsible AI Practice Lab 139,An original intermediate learning resource that develops responsible ai concepts through course activities and connects them with statistics practice.,Responsible AI|Statistics,Intermediate,Course,360,Free,0.0,Atlas Learning,0.727,0.889,True,True,Responsible AI,English,https://example.org/learnbridge/resources/R0139,0.417
R0140,Mathematics Foundations 140,An original beginner learning resource that develops mathematics concepts through project activities and connects them with python practice.,Mathematics|Python,Beginner,Project,60,Free,0.0,Willow Learning,0.636,0.916,True,True,None,English,https://example.org/learnbridge/resources/R0140,0.168
R0141,Responsible AI Practice Lab 141,An original advanced learning resource that develops responsible ai concepts through interactive exercise activities and connects them with mathematics practice.,Responsible AI|Mathematics,Advanced,Interactive exercise,180,Paid,9.0,Nexus Learning,0.522,0.89,True,True,Statistics,English,https://example.org/learnbridge/resources/R0141,0.111
R0142,SQL Practice Lab 142,An original intermediate learning resource that develops sql concepts through tutorial activities and connects them with cloud computing practice.,SQL|Cloud computing,Intermediate,Tutorial,180,Free,0.0,Mosaic Learning,0.534,0.965,True,True,Python,English,https://example.org/learnbridge/resources/R0142,0.198
R0143,Python Foundations 143,An original beginner learning resource that develops python concepts through video activities and connects them with sql practice.,Python|SQL,Beginner,Video,240,Free,0.0,Pixel Learning,0.85,0.941,True,True,None,English,https://example.org/learnbridge/resources/R0143,0.512
R0144,Python Workshop 144,An original intermediate learning resource that develops python concepts through interactive exercise activities and connects them with statistics practice.,Python|Statistics,Intermediate,Interactive exercise,480,Free,0.0,Harbor Learning,0.923,0.864,True,True,Mathematics,English,https://example.org/learnbridge/resources/R0144,0.354
R0145,Mathematics Concept Clinic 145,An original intermediate learning resource that develops mathematics concepts through course activities and connects them with machine learning practice.,Mathematics|Machine learning,Intermediate,Course,20,Free,0.0,Compass Learning,0.622,0.994,True,True,Statistics,English,https://example.org/learnbridge/resources/R0145,0.433
R0146,Deep learning Essentials 146,An original advanced learning resource that develops deep learning concepts through interactive exercise activities and connects them with statistics practice.,Deep learning|Statistics,Advanced,Interactive exercise,45,Paid,39.0,Willow Learning,0.751,0.961,True,True,Deep learning,English,https://example.org/learnbridge/resources/R0146,0.329
R0147,Deep learning Applied Path 147,An original beginner learning resource that develops deep learning concepts through practice quiz activities and connects them with nlp practice.,Deep learning|NLP,Beginner,Practice quiz,20,Paid,59.0,Orbit Learning,0.922,0.854,True,True,None,English,https://example.org/learnbridge/resources/R0147,0.177
R0148,Deep learning Applied Path 148,An original advanced learning resource that develops deep learning concepts through interactive exercise activities and connects them with statistics practice.,Deep learning|Statistics,Advanced,Interactive exercise,20,Free,0.0,Nova Learning,0.853,0.842,True,True,Python,English,https://example.org/learnbridge/resources/R0148,0.482
R0149,Computer vision Field Guide 149,An original intermediate learning resource that develops computer vision concepts through project activities and connects them with statistics practice.,Computer vision|Statistics,Intermediate,Project,240,Free,0.0,Summit Learning,0.644,0.907,True,True,Mathematics,English,https://example.org/learnbridge/resources/R0149,0.483
R0150,Statistics Essentials 150,An original beginner learning resource that develops statistics concepts through video activities and connects them with computer vision practice.,Statistics|Computer vision,Beginner,Video,60,Free,0.0,Willow Learning,0.609,0.803,True,True,None,English,https://example.org/learnbridge/resources/R0150,0.231
R0151,Cloud computing Practice Lab 151,An original advanced learning resource that develops cloud computing concepts through interactive exercise activities and connects them with mathematics practice.,Cloud computing|Mathematics,Advanced,Interactive exercise,240,Free,0.0,Lumen Learning,0.846,0.993,True,True,Statistics,English,https://example.org/learnbridge/resources/R0151,0.326
R0152,Cloud computing Concept Clinic 152,An original advanced learning resource that develops cloud computing concepts through tutorial activities and connects them with mathematics practice.,Cloud computing|Mathematics,Advanced,Tutorial,30,Free,0.0,Bridge Learning,0.673,0.989,True,True,Cloud computing,English,https://example.org/learnbridge/resources/R0152,0.375
R0153,Software engineering Essentials 153,An original intermediate learning resource that develops software engineering concepts through video activities and connects them with deep learning practice.,Software engineering|Deep learning,Intermediate,Video,360,Free,0.0,Harbor Learning,0.459,0.803,True,True,Mathematics,English,https://example.org/learnbridge/resources/R0153,0.463
R0154,Data science Field Guide 154,An original intermediate learning resource that develops data science concepts through article activities and connects them with machine learning practice.,Data science|Machine learning,Intermediate,Article,360,Free,0.0,Circuit Learning,0.493,0.85,True,True,Mathematics,English,https://example.org/learnbridge/resources/R0154,0.367
R0155,Data science Essentials 155,An original advanced learning resource that develops data science concepts through practice quiz activities and connects them with mathematics practice.,Data science|Mathematics,Advanced,Practice quiz,30,Paid,39.0,Orbit Learning,0.794,0.881,True,True,Statistics,English,https://example.org/learnbridge/resources/R0155,0.716
R0156,Data science Foundations 156,An original advanced learning resource that develops data science concepts through article activities and connects them with software engineering practice.,Data science|Software engineering,Advanced,Article,480,Free,0.0,Summit Learning,0.936,0.895,True,True,Data science,English,https://example.org/learnbridge/resources/R0156,0.339
R0157,Computer vision Essentials 157,An original beginner learning resource that develops computer vision concepts through tutorial activities and connects them with data science practice.,Computer vision|Data science,Beginner,Tutorial,180,Free,0.0,Quill Learning,0.657,0.935,True,True,None,English,https://example.org/learnbridge/resources/R0157,0.475
R0158,Mathematics Concept Clinic 158,An original beginner learning resource that develops mathematics concepts through course activities and connects them with nlp practice.,Mathematics|NLP,Beginner,Course,30,Free,0.0,Circuit Learning,0.973,0.868,True,True,None,English,https://example.org/learnbridge/resources/R0158,0.218
R0159,Statistics Concept Clinic 159,An original intermediate learning resource that develops statistics concepts through course activities and connects them with computer vision practice.,Statistics|Computer vision,Intermediate,Course,480,Free,0.0,Harbor Learning,0.881,0.932,True,True,Statistics,English,https://example.org/learnbridge/resources/R0159,0.186
R0160,NLP Workshop 160,An original beginner learning resource that develops nlp concepts through video activities and connects them with computer vision practice.,NLP|Computer vision,Beginner,Video,240,Paid,9.0,Lumen Learning,0.683,0.854,True,True,None,English,https://example.org/learnbridge/resources/R0160,0.686
R0161,Cloud computing Practice Lab 161,An original intermediate learning resource that develops cloud computing concepts through project activities and connects them with data science practice.,Cloud computing|Data science,Intermediate,Project,180,Free,0.0,Cedar Learning,0.841,0.802,True,True,Statistics,English,https://example.org/learnbridge/resources/R0161,0.581
R0162,Responsible AI Workshop 162,An original beginner learning resource that develops responsible ai concepts through interactive exercise activities and connects them with computer vision practice.,Responsible AI|Computer vision,Beginner,Interactive exercise,240,Free,0.0,Willow Learning,0.599,0.829,True,True,None,English,https://example.org/learnbridge/resources/R0162,0.374
R0163,Mathematics Practice Lab 163,An original intermediate learning resource that develops mathematics concepts through tutorial activities and connects them with responsible ai practice.,Mathematics|Responsible AI,Intermediate,Tutorial,30,Free,0.0,Quill Learning,0.904,0.827,True,True,Mathematics,English,https://example.org/learnbridge/resources/R0163,0.385
R0164,Responsible AI Workshop 164,An original beginner learning resource that develops responsible ai concepts through interactive exercise activities and connects them with software engineering practice.,Responsible AI|Software engineering,Beginner,Interactive exercise,60,Free,0.0,Circuit Learning,0.973,0.896,True,True,None,English,https://example.org/learnbridge/resources/R0164,0.315
R0165,Statistics Essentials 165,An original beginner learning resource that develops statistics concepts through project activities and connects them with computer vision practice.,Statistics|Computer vision,Beginner,Project,120,Paid,15.0,Nexus Learning,0.547,0.823,True,True,None,English,https://example.org/learnbridge/resources/R0165,0.693
R0166,Mathematics Workshop 166,An original advanced learning resource that develops mathematics concepts through project activities and connects them with data science practice.,Mathematics|Data science,Advanced,Project,240,Paid,25.0,Atlas Learning,0.836,0.828,True,True,Mathematics,English,https://example.org/learnbridge/resources/R0166,0.353
R0167,NLP Essentials 167,An original intermediate learning resource that develops nlp concepts through video activities and connects them with software engineering practice.,NLP|Software engineering,Intermediate,Video,60,Free,0.0,Circuit Learning,0.972,0.871,True,True,NLP,English,https://example.org/learnbridge/resources/R0167,0.566
R0168,Statistics Practice Lab 168,An original intermediate learning resource that develops statistics concepts through tutorial activities and connects them with software engineering practice.,Statistics|Software engineering,Intermediate,Tutorial,480,Free,0.0,Beacon Learning,0.867,0.844,True,True,Mathematics,English,https://example.org/learnbridge/resources/R0168,0.543
R0169,Data science Concept Clinic 169,An original beginner learning resource that develops data science concepts through video activities and connects them with nlp practice.,Data science|NLP,Beginner,Video,45,Free,0.0,Sprout Learning,0.731,0.869,True,True,None,English,https://example.org/learnbridge/resources/R0169,0.254
R0170,Data science Applied Path 170,An original beginner learning resource that develops data science concepts through practice quiz activities and connects them with nlp practice.,Data science|NLP,Beginner,Practice quiz,120,Free,0.0,Lumen Learning,0.952,0.93,True,True,None,English,https://example.org/learnbridge/resources/R0170,0.541
R0171,Computer vision Practice Lab 171,An original beginner learning resource that develops computer vision concepts through course activities and connects them with cloud computing practice.,Computer vision|Cloud computing,Beginner,Course,45,Free,0.0,Circuit Learning,0.466,0.928,True,True,None,English,https://example.org/learnbridge/resources/R0171,0.444
R0172,Mathematics Concept Clinic 172,An original beginner learning resource that develops mathematics concepts through project activities and connects them with statistics practice.,Mathematics|Statistics,Beginner,Project,30,Paid,59.0,Lumen Learning,0.648,0.915,True,True,None,English,https://example.org/learnbridge/resources/R0172,0.199
R0173,Responsible AI Essentials 173,An original intermediate learning resource that develops responsible ai concepts through tutorial activities and connects them with nlp practice.,Responsible AI|NLP,Intermediate,Tutorial,30,Free,0.0,Lumen Learning,0.889,0.87,True,True,Statistics,English,https://example.org/learnbridge/resources/R0173,0.489
R0174,Machine learning Essentials 174,An original beginner learning resource that develops machine learning concepts through interactive exercise activities and connects them with computer vision practice.,Machine learning|Computer vision,Beginner,Interactive exercise,120,Free,0.0,Circuit Learning,0.676,0.939,True,True,None,English,https://example.org/learnbridge/resources/R0174,0.344
R0175,Mathematics Field Guide 175,An original advanced learning resource that develops mathematics concepts through article activities and connects them with responsible ai practice.,Mathematics|Responsible AI,Advanced,Article,240,Free,0.0,Beacon Learning,0.784,0.858,True,True,Python,English,https://example.org/learnbridge/resources/R0175,0.674
R0176,Computer vision Practice Lab 176,An original intermediate learning resource that develops computer vision concepts through course activities and connects them with software engineering practice.,Computer vision|Software engineering,Intermediate,Course,240,Free,0.0,Lumen Learning,0.495,0.883,True,True,Statistics,English,https://example.org/learnbridge/resources/R0176,0.144
R0177,Cloud computing Foundations 177,An original beginner learning resource that develops cloud computing concepts through course activities and connects them with sql practice.,Cloud computing|SQL,Beginner,Course,240,Free,0.0,Nova Learning,0.595,0.91,True,True,None,English,https://example.org/learnbridge/resources/R0177,0.428
R0178,Mathematics Practice Lab 178,An original intermediate learning resource that develops mathematics concepts through course activities and connects them with deep learning practice.,Mathematics|Deep learning,Intermediate,Course,60,Free,0.0,Summit Learning,0.638,0.86,True,True,Mathematics,English,https://example.org/learnbridge/resources/R0178,0.736
R0179,Software engineering Concept Clinic 179,An original advanced learning resource that develops software engineering concepts through tutorial activities and connects them with nlp practice.,Software engineering|NLP,Advanced,Tutorial,45,Free,0.0,Sprout Learning,0.885,0.923,True,True,Python,English,https://example.org/learnbridge/resources/R0179,0.418
R0180,Mathematics Applied Path 180,An original beginner learning resource that develops mathematics concepts through interactive exercise activities and connects them with sql practice.,Mathematics|SQL,Beginner,Interactive exercise,360,Paid,9.0,Atlas Learning,0.97,0.997,True,True,None,English,https://example.org/learnbridge/resources/R0180,0.779
R0181,Statistics Applied Path 181,An original intermediate learning resource that develops statistics concepts through project activities and connects them with machine learning practice.,Statistics|Machine learning,Intermediate,Project,180,Free,0.0,Willow Learning,0.653,0.898,True,True,Mathematics,English,https://example.org/learnbridge/resources/R0181,0.099
R0182,Mathematics Concept Clinic 182,An original intermediate learning resource that develops mathematics concepts through interactive exercise activities and connects them with sql practice.,Mathematics|SQL,Intermediate,Interactive exercise,240,Free,0.0,Cedar Learning,0.845,0.865,True,True,Mathematics,English,https://example.org/learnbridge/resources/R0182,0.465
R0183,Cloud computing Concept Clinic 183,An original beginner learning resource that develops cloud computing concepts through course activities and connects them with computer vision practice.,Cloud computing|Computer vision,Beginner,Course,240,Paid,25.0,Quill Learning,0.746,0.854,True,True,None,English,https://example.org/learnbridge/resources/R0183,0.127
R0184,Python Concept Clinic 184,An original beginner learning resource that develops python concepts through project activities and connects them with data science practice.,Python|Data science,Beginner,Project,20,Paid,15.0,Beacon Learning,0.697,0.825,True,True,None,English,https://example.org/learnbridge/resources/R0184,0.853
R0185,Data science Practice Lab 185,An original intermediate learning resource that develops data science concepts through practice quiz activities and connects them with computer vision practice.,Data science|Computer vision,Intermediate,Practice quiz,180,Free,0.0,Cedar Learning,0.83,0.925,True,True,Python,English,https://example.org/learnbridge/resources/R0185,0.04
R0186,Responsible AI Practice Lab 186,An original beginner learning resource that develops responsible ai concepts through practice quiz activities and connects them with deep learning practice.,Responsible AI|Deep learning,Beginner,Practice quiz,30,Free,0.0,Atlas Learning,0.708,0.998,True,True,None,English,https://example.org/learnbridge/resources/R0186,0.326
R0187,Computer vision Practice Lab 187,An original intermediate learning resource that develops computer vision concepts through practice quiz activities and connects them with machine learning practice.,Computer vision|Machine learning,Intermediate,Practice quiz,360,Free,0.0,Mosaic Learning,0.84,0.913,True,True,Python,English,https://example.org/learnbridge/resources/R0187,0.533
R0188,Statistics Practice Lab 188,An original advanced learning resource that develops statistics concepts through article activities and connects them with data science practice.,Statistics|Data science,Advanced,Article,480,Paid,25.0,Atlas Learning,0.584,0.946,True,True,Mathematics,English,https://example.org/learnbridge/resources/R0188,0.458
R0189,SQL Applied Path 189,An original advanced learning resource that develops sql concepts through practice quiz activities and connects them with python practice.,SQL|Python,Advanced,Practice quiz,60,Paid,39.0,Harbor Learning,0.799,0.904,True,True,Python,English,https://example.org/learnbridge/resources/R0189,0.712
R0190,Statistics Field Guide 190,An original intermediate learning resource that develops statistics concepts through video activities and connects them with cloud computing practice.,Statistics|Cloud computing,Intermediate,Video,20,Free,0.0,Nexus Learning,0.819,0.376,False,False,Statistics,English,https://example.org/learnbridge/resources/R0190,0.817
R0191,Python Applied Path 191,An original advanced learning resource that develops python concepts through course activities and connects them with data science practice.,Python|Data science,Advanced,Course,360,Free,0.0,Circuit Learning,0.495,0.953,True,True,Statistics,English,https://example.org/learnbridge/resources/R0191,0.549
R0192,Cloud computing Field Guide 192,An original advanced learning resource that develops cloud computing concepts through article activities and connects them with statistics practice.,Cloud computing|Statistics,Advanced,Article,180,Free,0.0,Willow Learning,0.844,0.917,True,True,Cloud computing,English,https://example.org/learnbridge/resources/R0192,0.181
R0193,SQL Workshop 193,An original intermediate learning resource that develops sql concepts through practice quiz activities and connects them with mathematics practice.,SQL|Mathematics,Intermediate,Practice quiz,20,Free,0.0,Forge Learning,0.965,0.942,True,True,SQL,English,https://example.org/learnbridge/resources/R0193,0.335
R0194,Machine learning Field Guide 194,An original intermediate learning resource that develops machine learning concepts through video activities and connects them with nlp practice.,Machine learning|NLP,Intermediate,Video,20,Paid,59.0,Cedar Learning,0.718,0.886,True,True,Machine learning,English,https://example.org/learnbridge/resources/R0194,0.614
R0195,Software engineering Workshop 195,An original intermediate learning resource that develops software engineering concepts through article activities and connects them with mathematics practice.,Software engineering|Mathematics,Intermediate,Article,20,Paid,9.0,Forge Learning,0.647,0.809,True,True,Software engineering,English,https://example.org/learnbridge/resources/R0195,0.541
R0196,Statistics Essentials 196,An original advanced learning resource that develops statistics concepts through interactive exercise activities and connects them with deep learning practice.,Statistics|Deep learning,Advanced,Interactive exercise,30,Free,0.0,Orbit Learning,0.547,0.914,True,True,Statistics,English,https://example.org/learnbridge/resources/R0196,0.627
R0197,SQL Concept Clinic 197,An original beginner learning resource that develops sql concepts through course activities and connects them with computer vision practice.,SQL|Computer vision,Beginner,Course,60,Free,0.0,Harbor Learning,0.849,0.858,True,True,None,English,https://example.org/learnbridge/resources/R0197,0.075
R0198,Statistics Applied Path 198,An original intermediate learning resource that develops statistics concepts through article activities and connects them with software engineering practice.,Statistics|Software engineering,Intermediate,Article,180,Free,0.0,Bridge Learning,0.964,0.805,True,True,Mathematics,English,https://example.org/learnbridge/resources/R0198,0.01
R0199,Data science Applied Path 199,An original intermediate learning resource that develops data science concepts through article activities and connects them with sql practice.,Data science|SQL,Intermediate,Article,20,Free,0.0,Summit Learning,0.5,0.995,True,True,Python,English,https://example.org/learnbridge/resources/R0199,0.729
R0200,NLP Essentials 200,An original advanced learning resource that develops nlp concepts through video activities and connects them with cloud computing practice.,NLP|Cloud computing,Advanced,Video,360,Free,0.0,Orbit Learning,0.685,0.964,True,True,NLP,English,https://example.org/learnbridge/resources/R0200,0.183
R0201,Mathematics Concept Clinic 201,An original beginner learning resource that develops mathematics concepts through interactive exercise activities and connects them with nlp practice.,Mathematics|NLP,Beginner,Interactive exercise,60,Free,0.0,Nova Learning,0.534,0.827,True,True,None,English,https://example.org/learnbridge/resources/R0201,0.264
R0202,Statistics Applied Path 202,An original beginner learning resource that develops statistics concepts through interactive exercise activities and connects them with cloud computing practice.,Statistics|Cloud computing,Beginner,Interactive exercise,30,Paid,25.0,Orbit Learning,0.566,0.832,True,True,None,English,https://example.org/learnbridge/resources/R0202,0.591
R0203,SQL Foundations 203,An original advanced learning resource that develops sql concepts through article activities and connects them with nlp practice.,SQL|NLP,Advanced,Article,180,Free,0.0,Beacon Learning,0.505,0.971,True,True,Python,English,https://example.org/learnbridge/resources/R0203,0.227
R0204,Computer vision Foundations 204,An original intermediate learning resource that develops computer vision concepts through practice quiz activities and connects them with nlp practice.,Computer vision|NLP,Intermediate,Practice quiz,480,Free,0.0,Cedar Learning,0.557,0.852,True,True,Computer vision,English,https://example.org/learnbridge/resources/R0204,0.739
R0205,NLP Applied Path 205,An original beginner learning resource that develops nlp concepts through course activities and connects them with data science practice.,NLP|Data science,Beginner,Course,480,Free,0.0,Circuit Learning,0.718,0.887,True,True,None,English,https://example.org/learnbridge/resources/R0205,0.425
R0206,SQL Practice Lab 206,An original intermediate learning resource that develops sql concepts through article activities and connects them with nlp practice.,SQL|NLP,Intermediate,Article,480,Free,0.0,Willow Learning,0.927,0.923,True,True,Mathematics,English,https://example.org/learnbridge/resources/R0206,0.464
R0207,Responsible AI Concept Clinic 207,An original beginner learning resource that develops responsible ai concepts through project activities and connects them with cloud computing practice.,Responsible AI|Cloud computing,Beginner,Project,20,Free,0.0,Mosaic Learning,0.709,0.998,True,True,None,English,https://example.org/learnbridge/resources/R0207,0.565
R0208,SQL Practice Lab 208,An original beginner learning resource that develops sql concepts through tutorial activities and connects them with machine learning practice.,SQL|Machine learning,Beginner,Tutorial,90,Free,0.0,Compass Learning,0.643,0.812,True,True,None,English,https://example.org/learnbridge/resources/R0208,0.649
R0209,Statistics Essentials 209,An original intermediate learning resource that develops statistics concepts through project activities and connects them with nlp practice.,Statistics|NLP,Intermediate,Project,20,Paid,39.0,Mosaic Learning,0.955,0.953,True,True,Python,English,https://example.org/learnbridge/resources/R0209,0.196
R0210,Software engineering Concept Clinic 210,An original intermediate learning resource that develops software engineering concepts through interactive exercise activities and connects them with python practice.,Software engineering|Python,Intermediate,Interactive exercise,480,Paid,39.0,Nexus Learning,0.617,0.828,True,True,Python,English,https://example.org/learnbridge/resources/R0210,0.551
R0211,Cloud computing Workshop 211,An original beginner learning resource that develops cloud computing concepts through tutorial activities and connects them with deep learning practice.,Cloud computing|Deep learning,Beginner,Tutorial,45,Free,0.0,Quill Learning,0.482,0.868,True,True,None,English,https://example.org/learnbridge/resources/R0211,0.388
R0212,Cloud computing Field Guide 212,An original advanced learning resource that develops cloud computing concepts through interactive exercise activities and connects them with nlp practice.,Cloud computing|NLP,Advanced,Interactive exercise,180,Paid,25.0,Atlas Learning,0.977,0.917,True,True,Mathematics,English,https://example.org/learnbridge/resources/R0212,0.495
R0213,NLP Applied Path 213,An original intermediate learning resource that develops nlp concepts through tutorial activities and connects them with machine learning practice.,NLP|Machine learning,Intermediate,Tutorial,480,Paid,59.0,Lumen Learning,0.654,0.957,True,True,Python,English,https://example.org/learnbridge/resources/R0213,0.464
R0214,Software engineering Essentials 214,An original beginner learning resource that develops software engineering concepts through interactive exercise activities and connects them with python practice.,Software engineering|Python,Beginner,Interactive exercise,480,Paid,9.0,Forge Learning,0.526,0.844,True,True,None,English,https://example.org/learnbridge/resources/R0214,0.469
R0215,NLP Concept Clinic 215,An original beginner learning resource that develops nlp concepts through article activities and connects them with cloud computing practice.,NLP|Cloud computing,Beginner,Article,30,Free,0.0,Nova Learning,0.839,0.87,True,True,None,English,https://example.org/learnbridge/resources/R0215,0.144
R0216,Computer vision Workshop 216,An original advanced learning resource that develops computer vision concepts through interactive exercise activities and connects them with cloud computing practice.,Computer vision|Cloud computing,Advanced,Interactive exercise,30,Free,0.0,Beacon Learning,0.49,0.966,True,True,Python,English,https://example.org/learnbridge/resources/R0216,0.6
R0217,Computer vision Applied Path 217,An original intermediate learning resource that develops computer vision concepts through tutorial activities and connects them with machine learning practice.,Computer vision|Machine learning,Intermediate,Tutorial,30,Paid,9.0,Willow Learning,0.959,0.868,True,True,Statistics,English,https://example.org/learnbridge/resources/R0217,0.392
R0218,Statistics Field Guide 218,An original beginner learning resource that develops statistics concepts through tutorial activities and connects them with sql practice.,Statistics|SQL,Beginner,Tutorial,360,Paid,25.0,Pixel Learning,0.502,0.853,True,True,None,English,https://example.org/learnbridge/resources/R0218,0.371
R0219,Python Foundations 219,An original beginner learning resource that develops python concepts through project activities and connects them with deep learning practice.,Python|Deep learning,Beginner,Project,480,Free,0.0,Bridge Learning,0.562,0.896,True,True,None,English,https://example.org/learnbridge/resources/R0219,0.511
R0220,Computer vision Practice Lab 220,An original intermediate learning resource that develops computer vision concepts through practice quiz activities and connects them with cloud computing practice.,Computer vision|Cloud computing,Intermediate,Practice quiz,360,Free,0.0,Mosaic Learning,0.551,0.878,True,True,Mathematics,English,https://example.org/learnbridge/resources/R0220,0.181
R0221,Software engineering Concept Clinic 221,An original beginner learning resource that develops software engineering concepts through practice quiz activities and connects them with python practice.,Software engineering|Python,Beginner,Practice quiz,30,Free,0.0,Nexus Learning,0.674,0.934,True,True,None,English,https://example.org/learnbridge/resources/R0221,0.822
R0222,Cloud computing Practice Lab 222,An original advanced learning resource that develops cloud computing concepts through practice quiz activities and connects them with computer vision practice.,Cloud computing|Computer vision,Advanced,Practice quiz,240,Paid,25.0,Cedar Learning,0.663,0.915,True,True,Python,English,https://example.org/learnbridge/resources/R0222,0.43
R0223,Machine learning Workshop 223,An original advanced learning resource that develops machine learning concepts through course activities and connects them with data science practice.,Machine learning|Data science,Advanced,Course,45,Free,0.0,Orbit Learning,0.679,0.994,True,True,Python,English,https://example.org/learnbridge/resources/R0223,0.894
R0224,Computer vision Essentials 224,An original beginner learning resource that develops computer vision concepts through interactive exercise activities and connects them with software engineering practice.,Computer vision|Software engineering,Beginner,Interactive exercise,20,Free,0.0,Compass Learning,0.872,0.957,True,True,None,English,https://example.org/learnbridge/resources/R0224,0.175
R0225,Data science Essentials 225,An original intermediate learning resource that develops data science concepts through video activities and connects them with machine learning practice.,Data science|Machine learning,Intermediate,Video,360,Paid,59.0,Forge Learning,0.47,0.403,False,False,Statistics,English,https://example.org/learnbridge/resources/R0225,0.263
R0226,Python Field Guide 226,An original advanced learning resource that develops python concepts through interactive exercise activities and connects them with deep learning practice.,Python|Deep learning,Advanced,Interactive exercise,20,Paid,9.0,Quill Learning,0.891,0.949,True,True,Mathematics,English,https://example.org/learnbridge/resources/R0226,0.322
R0227,Data science Practice Lab 227,An original beginner learning resource that develops data science concepts through practice quiz activities and connects them with sql practice.,Data science|SQL,Beginner,Practice quiz,120,Free,0.0,Cedar Learning,0.551,0.854,True,True,None,English,https://example.org/learnbridge/resources/R0227,0.183
R0228,NLP Workshop 228,An original intermediate learning resource that develops nlp concepts through article activities and connects them with python practice.,NLP|Python,Intermediate,Article,360,Free,0.0,Sprout Learning,0.923,0.881,True,True,NLP,English,https://example.org/learnbridge/resources/R0228,0.309
R0229,NLP Essentials 229,An original intermediate learning resource that develops nlp concepts through practice quiz activities and connects them with cloud computing practice.,NLP|Cloud computing,Intermediate,Practice quiz,20,Paid,39.0,Lumen Learning,0.969,0.848,True,True,Statistics,English,https://example.org/learnbridge/resources/R0229,0.481
R0230,SQL Workshop 230,An original beginner learning resource that develops sql concepts through course activities and connects them with data science practice.,SQL|Data science,Beginner,Course,480,Free,0.0,Pixel Learning,0.8,0.956,True,True,None,English,https://example.org/learnbridge/resources/R0230,0.564
R0231,Responsible AI Field Guide 231,An original intermediate learning resource that develops responsible ai concepts through article activities and connects them with python practice.,Responsible AI|Python,Intermediate,Article,480,Free,0.0,Harbor Learning,0.835,0.96,True,True,Python,English,https://example.org/learnbridge/resources/R0231,0.313
R0232,Deep learning Foundations 232,An original beginner learning resource that develops deep learning concepts through interactive exercise activities and connects them with sql practice.,Deep learning|SQL,Beginner,Interactive exercise,480,Free,0.0,Bridge Learning,0.726,0.879,True,True,None,English,https://example.org/learnbridge/resources/R0232,0.571
R0233,Software engineering Field Guide 233,An original beginner learning resource that develops software engineering concepts through video activities and connects them with sql practice.,Software engineering|SQL,Beginner,Video,120,Free,0.0,Harbor Learning,0.552,0.522,False,False,None,English,https://example.org/learnbridge/resources/R0233,0.728
R0234,Software engineering Field Guide 234,An original intermediate learning resource that develops software engineering concepts through practice quiz activities and connects them with computer vision practice.,Software engineering|Computer vision,Intermediate,Practice quiz,20,Free,0.0,Willow Learning,0.668,0.931,True,True,Mathematics,English,https://example.org/learnbridge/resources/R0234,0.631
R0235,Responsible AI Concept Clinic 235,An original intermediate learning resource that develops responsible ai concepts through course activities and connects them with cloud computing practice.,Responsible AI|Cloud computing,Intermediate,Course,120,Paid,59.0,Lumen Learning,0.609,0.901,True,True,Python,English,https://example.org/learnbridge/resources/R0235,0.308
R0236,Machine learning Practice Lab 236,An original advanced learning resource that develops machine learning concepts through practice quiz activities and connects them with mathematics practice.,Machine learning|Mathematics,Advanced,Practice quiz,120,Free,0.0,Quill Learning,0.651,0.845,True,True,Mathematics,English,https://example.org/learnbridge/resources/R0236,0.685
R0237,Responsible AI Essentials 237,An original intermediate learning resource that develops responsible ai concepts through tutorial activities and connects them with software engineering practice.,Responsible AI|Software engineering,Intermediate,Tutorial,60,Free,0.0,Harbor Learning,0.673,0.9,True,True,Statistics,English,https://example.org/learnbridge/resources/R0237,0.406
R0238,Statistics Applied Path 238,An original intermediate learning resource that develops statistics concepts through article activities and connects them with machine learning practice.,Statistics|Machine learning,Intermediate,Article,30,Free,0.0,Willow Learning,0.668,0.826,True,True,Statistics,English,https://example.org/learnbridge/resources/R0238,0.138
R0239,NLP Field Guide 239,An original beginner learning resource that develops nlp concepts through practice quiz activities and connects them with software engineering practice.,NLP|Software engineering,Beginner,Practice quiz,60,Free,0.0,Harbor Learning,0.52,0.845,True,True,None,English,https://example.org/learnbridge/resources/R0239,0.538
R0240,SQL Field Guide 240,An original intermediate learning resource that develops sql concepts through tutorial activities and connects them with nlp practice.,SQL|NLP,Intermediate,Tutorial,120,Free,0.0,Forge Learning,0.644,0.887,True,True,Python,English,https://example.org/learnbridge/resources/R0240,0.364
R0241,Machine learning Practice Lab 241,An original intermediate learning resource that develops machine learning concepts through tutorial activities and connects them with sql practice.,Machine learning|SQL,Intermediate,Tutorial,30,Free,0.0,Summit Learning,0.866,0.873,True,True,Machine learning,English,https://example.org/learnbridge/resources/R0241,0.786
R0242,Python Applied Path 242,An original intermediate learning resource that develops python concepts through course activities and connects them with data science practice.,Python|Data science,Intermediate,Course,30,Free,0.0,Atlas Learning,0.561,0.909,True,True,Statistics,English,https://example.org/learnbridge/resources/R0242,0.373
R0243,Mathematics Foundations 243,An original beginner learning resource that develops mathematics concepts through video activities and connects them with machine learning practice.,Mathematics|Machine learning,Beginner,Video,480,Free,0.0,Forge Learning,0.557,0.823,True,True,None,English,https://example.org/learnbridge/resources/R0243,0.249
R0244,Mathematics Workshop 244,An original beginner learning resource that develops mathematics concepts through video activities and connects them with computer vision practice.,Mathematics|Computer vision,Beginner,Video,60,Free,0.0,Bridge Learning,0.457,0.896,True,True,None,English,https://example.org/learnbridge/resources/R0244,0.154
R0245,Data science Practice Lab 245,An original beginner learning resource that develops data science concepts through practice quiz activities and connects them with software engineering practice.,Data science|Software engineering,Beginner,Practice quiz,90,Free,0.0,Harbor Learning,0.593,0.929,True,True,None,English,https://example.org/learnbridge/resources/R0245,0.059
R0246,NLP Workshop 246,An original beginner learning resource that develops nlp concepts through practice quiz activities and connects them with mathematics practice.,NLP|Mathematics,Beginner,Practice quiz,20,Free,0.0,Lumen Learning,0.627,0.802,True,True,None,English,https://example.org/learnbridge/resources/R0246,0.785
R0247,NLP Practice Lab 247,An original beginner learning resource that develops nlp concepts through course activities and connects them with computer vision practice.,NLP|Computer vision,Beginner,Course,240,Free,0.0,Forge Learning,0.882,0.854,True,True,None,English,https://example.org/learnbridge/resources/R0247,0.72
R0248,Python Workshop 248,An original beginner learning resource that develops python concepts through tutorial activities and connects them with statistics practice.,Python|Statistics,Beginner,Tutorial,480,Free,0.0,Circuit Learning,0.871,0.936,True,True,None,English,https://example.org/learnbridge/resources/R0248,0.278
R0249,Machine learning Foundations 249,An original advanced learning resource that develops machine learning concepts through video activities and connects them with cloud computing practice.,Machine learning|Cloud computing,Advanced,Video,240,Paid,59.0,Pixel Learning,0.978,0.852,True,True,Mathematics,English,https://example.org/learnbridge/resources/R0249,0.508
R0250,Data science Foundations 250,An original intermediate learning resource that develops data science concepts through article activities and connects them with deep learning practice.,Data science|Deep learning,Intermediate,Article,180,Free,0.0,Lumen Learning,0.723,0.83,True,True,Data science,English,https://example.org/learnbridge/resources/R0250,0.586
R0251,NLP Practice Lab 251,An original beginner learning resource that develops nlp concepts through interactive exercise activities and connects them with statistics practice.,NLP|Statistics,Beginner,Interactive exercise,60,Free,0.0,Circuit Learning,0.891,0.91,True,True,None,English,https://example.org/learnbridge/resources/R0251,0.145
R0252,Deep learning Practice Lab 252,An original beginner learning resource that develops deep learning concepts through course activities and connects them with cloud computing practice.,Deep learning|Cloud computing,Beginner,Course,20,Paid,9.0,Nexus Learning,0.747,0.821,True,True,None,English,https://example.org/learnbridge/resources/R0252,0.562
R0253,NLP Applied Path 253,An original advanced learning resource that develops nlp concepts through project activities and connects them with computer vision practice.,NLP|Computer vision,Advanced,Project,240,Free,0.0,Mosaic Learning,0.837,0.866,True,True,Statistics,English,https://example.org/learnbridge/resources/R0253,0.297
R0254,Responsible AI Workshop 254,An original intermediate learning resource that develops responsible ai concepts through interactive exercise activities and connects them with sql practice.,Responsible AI|SQL,Intermediate,Interactive exercise,20,Paid,39.0,Nova Learning,0.587,0.979,True,True,Statistics,English,https://example.org/learnbridge/resources/R0254,0.315
R0255,Python Practice Lab 255,An original advanced learning resource that develops python concepts through tutorial activities and connects them with mathematics practice.,Python|Mathematics,Advanced,Tutorial,240,Free,0.0,Bridge Learning,0.736,0.891,True,True,Python,English,https://example.org/learnbridge/resources/R0255,0.065
R0256,Cloud computing Essentials 256,An original intermediate learning resource that develops cloud computing concepts through article activities and connects them with machine learning practice.,Cloud computing|Machine learning,Intermediate,Article,45,Paid,39.0,Willow Learning,0.979,0.821,True,True,Mathematics,English,https://example.org/learnbridge/resources/R0256,0.499
R0257,Mathematics Essentials 257,An original beginner learning resource that develops mathematics concepts through practice quiz activities and connects them with cloud computing practice.,Mathematics|Cloud computing,Beginner,Practice quiz,120,Free,0.0,Sprout Learning,0.558,0.942,True,True,None,English,https://example.org/learnbridge/resources/R0257,0.562
R0258,Mathematics Essentials 258,An original advanced learning resource that develops mathematics concepts through article activities and connects them with responsible ai practice.,Mathematics|Responsible AI,Advanced,Article,120,Free,0.0,Forge Learning,0.765,0.942,True,True,Mathematics,English,https://example.org/learnbridge/resources/R0258,0.506
R0259,Computer vision Field Guide 259,An original intermediate learning resource that develops computer vision concepts through video activities and connects them with python practice.,Computer vision|Python,Intermediate,Video,20,Free,0.0,Summit Learning,0.529,0.84,True,True,Python,English,https://example.org/learnbridge/resources/R0259,0.236
R0260,NLP Applied Path 260,An original beginner learning resource that develops nlp concepts through project activities and connects them with cloud computing practice.,NLP|Cloud computing,Beginner,Project,360,Free,0.0,Nexus Learning,0.66,0.973,True,True,None,English,https://example.org/learnbridge/resources/R0260,0.341
R0261,Python Foundations 261,An original beginner learning resource that develops python concepts through project activities and connects them with deep learning practice.,Python|Deep learning,Beginner,Project,120,Paid,9.0,Summit Learning,0.56,0.993,True,True,None,English,https://example.org/learnbridge/resources/R0261,0.694
R0262,Responsible AI Applied Path 262,An original beginner learning resource that develops responsible ai concepts through tutorial activities and connects them with mathematics practice.,Responsible AI|Mathematics,Beginner,Tutorial,480,Free,0.0,Sprout Learning,0.609,0.839,True,True,None,English,https://example.org/learnbridge/resources/R0262,0.381
R0263,Cloud computing Essentials 263,An original beginner learning resource that develops cloud computing concepts through course activities and connects them with data science practice.,Cloud computing|Data science,Beginner,Course,90,Free,0.0,Summit Learning,0.453,0.826,True,True,None,English,https://example.org/learnbridge/resources/R0263,0.739
R0264,Software engineering Foundations 264,An original intermediate learning resource that develops software engineering concepts through practice quiz activities and connects them with python practice.,Software engineering|Python,Intermediate,Practice quiz,90,Free,0.0,Quill Learning,0.734,0.898,True,True,Mathematics,English,https://example.org/learnbridge/resources/R0264,0.515
R0265,Responsible AI Essentials 265,An original beginner learning resource that develops responsible ai concepts through interactive exercise activities and connects them with nlp practice.,Responsible AI|NLP,Beginner,Interactive exercise,480,Free,0.0,Bridge Learning,0.512,0.906,True,True,None,English,https://example.org/learnbridge/resources/R0265,0.286
R0266,Statistics Foundations 266,An original intermediate learning resource that develops statistics concepts through interactive exercise activities and connects them with python practice.,Statistics|Python,Intermediate,Interactive exercise,30,Free,0.0,Compass Learning,0.894,0.877,True,True,Mathematics,English,https://example.org/learnbridge/resources/R0266,0.38
R0267,Responsible AI Applied Path 267,An original beginner learning resource that develops responsible ai concepts through video activities and connects them with statistics practice.,Responsible AI|Statistics,Beginner,Video,45,Paid,9.0,Sprout Learning,0.812,0.457,False,False,None,English,https://example.org/learnbridge/resources/R0267,0.621
R0268,Cloud computing Foundations 268,An original intermediate learning resource that develops cloud computing concepts through video activities and connects them with computer vision practice.,Cloud computing|Computer vision,Intermediate,Video,45,Paid,9.0,Orbit Learning,0.546,0.943,True,True,Cloud computing,English,https://example.org/learnbridge/resources/R0268,0.17
R0269,Computer vision Essentials 269,An original intermediate learning resource that develops computer vision concepts through course activities and connects them with deep learning practice.,Computer vision|Deep learning,Intermediate,Course,20,Free,0.0,Bridge Learning,0.796,0.878,True,True,Computer vision,English,https://example.org/learnbridge/resources/R0269,0.449
R0270,Data science Practice Lab 270,An original advanced learning resource that develops data science concepts through video activities and connects them with computer vision practice.,Data science|Computer vision,Advanced,Video,90,Free,0.0,Circuit Learning,0.894,0.856,True,True,Statistics,English,https://example.org/learnbridge/resources/R0270,0.166
R0271,Cloud computing Essentials 271,An original advanced learning resource that develops cloud computing concepts through article activities and connects them with sql practice.,Cloud computing|SQL,Advanced,Article,120,Free,0.0,Nexus Learning,0.526,0.991,True,True,Cloud computing,English,https://example.org/learnbridge/resources/R0271,0.14
R0272,Data science Applied Path 272,An original beginner learning resource that develops data science concepts through practice quiz activities and connects them with nlp practice.,Data science|NLP,Beginner,Practice quiz,120,Paid,59.0,Atlas Learning,0.537,0.842,True,True,None,English,https://example.org/learnbridge/resources/R0272,0.411
R0273,Software engineering Field Guide 273,An original advanced learning resource that develops software engineering concepts through tutorial activities and connects them with python practice.,Software engineering|Python,Advanced,Tutorial,360,Free,0.0,Nova Learning,0.557,0.815,True,True,Software engineering,English,https://example.org/learnbridge/resources/R0273,0.532
R0274,Statistics Applied Path 274,An original beginner learning resource that develops statistics concepts through video activities and connects them with data science practice.,Statistics|Data science,Beginner,Video,120,Paid,25.0,Atlas Learning,0.755,0.866,True,True,None,English,https://example.org/learnbridge/resources/R0274,0.382
R0275,Statistics Practice Lab 275,An original intermediate learning resource that develops statistics concepts through practice quiz activities and connects them with sql practice.,Statistics|SQL,Intermediate,Practice quiz,120,Free,0.0,Beacon Learning,0.69,0.827,True,True,Mathematics,English,https://example.org/learnbridge/resources/R0275,0.786
R0276,Data science Applied Path 276,An original advanced learning resource that develops data science concepts through article activities and connects them with nlp practice.,Data science|NLP,Advanced,Article,60,Paid,9.0,Bridge Learning,0.909,0.853,True,True,Data science,English,https://example.org/learnbridge/resources/R0276,0.46
R0277,Statistics Field Guide 277,An original intermediate learning resource that develops statistics concepts through tutorial activities and connects them with python practice.,Statistics|Python,Intermediate,Tutorial,360,Paid,39.0,Pixel Learning,0.931,0.894,True,True,Python,English,https://example.org/learnbridge/resources/R0277,0.673
R0278,Data science Workshop 278,An original beginner learning resource that develops data science concepts through video activities and connects them with deep learning practice.,Data science|Deep learning,Beginner,Video,480,Free,0.0,Beacon Learning,0.536,0.951,True,True,None,English,https://example.org/learnbridge/resources/R0278,0.351
R0279,Python Essentials 279,An original intermediate learning resource that develops python concepts through article activities and connects them with sql practice.,Python|SQL,Intermediate,Article,120,Free,0.0,Mosaic Learning,0.66,0.847,True,True,Python,English,https://example.org/learnbridge/resources/R0279,0.918
R0280,Data science Practice Lab 280,An original intermediate learning resource that develops data science concepts through interactive exercise activities and connects them with software engineering practice.,Data science|Software engineering,Intermediate,Interactive exercise,90,Paid,39.0,Mosaic Learning,0.767,0.916,True,True,Python,English,https://example.org/learnbridge/resources/R0280,0.415
R0281,NLP Foundations 281,An original intermediate learning resource that develops nlp concepts through tutorial activities and connects them with cloud computing practice.,NLP|Cloud computing,Intermediate,Tutorial,45,Free,0.0,Compass Learning,0.797,0.888,True,True,Python,English,https://example.org/learnbridge/resources/R0281,0.316
R0282,Data science Practice Lab 282,An original beginner learning resource that develops data science concepts through project activities and connects them with mathematics practice.,Data science|Mathematics,Beginner,Project,30,Free,0.0,Forge Learning,0.564,0.896,True,True,None,English,https://example.org/learnbridge/resources/R0282,0.208
R0283,Responsible AI Workshop 283,An original beginner learning resource that develops responsible ai concepts through tutorial activities and connects them with cloud computing practice.,Responsible AI|Cloud computing,Beginner,Tutorial,45,Free,0.0,Compass Learning,0.967,0.852,True,True,None,English,https://example.org/learnbridge/resources/R0283,0.843
R0284,Responsible AI Workshop 284,An original advanced learning resource that develops responsible ai concepts through article activities and connects them with sql practice.,Responsible AI|SQL,Advanced,Article,240,Free,0.0,Willow Learning,0.774,0.973,True,True,Python,English,https://example.org/learnbridge/resources/R0284,0.75
R0285,SQL Practice Lab 285,An original intermediate learning resource that develops sql concepts through interactive exercise activities and connects them with machine learning practice.,SQL|Machine learning,Intermediate,Interactive exercise,480,Paid,39.0,Atlas Learning,0.509,0.918,True,True,Python,English,https://example.org/learnbridge/resources/R0285,0.257
R0286,Machine learning Concept Clinic 286,An original beginner learning resource that develops machine learning concepts through course activities and connects them with responsible ai practice.,Machine learning|Responsible AI,Beginner,Course,480,Paid,59.0,Compass Learning,0.856,0.808,True,True,None,English,https://example.org/learnbridge/resources/R0286,0.812
R0287,Responsible AI Workshop 287,An original intermediate learning resource that develops responsible ai concepts through course activities and connects them with mathematics practice.,Responsible AI|Mathematics,Intermediate,Course,20,Free,0.0,Forge Learning,0.876,0.94,True,True,Statistics,English,https://example.org/learnbridge/resources/R0287,0.26
R0288,Mathematics Foundations 288,An original beginner learning resource that develops mathematics concepts through article activities and connects them with software engineering practice.,Mathematics|Software engineering,Beginner,Article,60,Free,0.0,Harbor Learning,0.773,0.982,True,True,None,English,https://example.org/learnbridge/resources/R0288,0.892
R0289,Python Practice Lab 289,An original intermediate learning resource that develops python concepts through tutorial activities and connects them with responsible ai practice.,Python|Responsible AI,Intermediate,Tutorial,60,Free,0.0,Mosaic Learning,0.508,0.938,True,True,Mathematics,English,https://example.org/learnbridge/resources/R0289,0.498
R0290,Software engineering Workshop 290,An original intermediate learning resource that develops software engineering concepts through practice quiz activities and connects them with nlp practice.,Software engineering|NLP,Intermediate,Practice quiz,60,Free,0.0,Mosaic Learning,0.752,0.883,True,True,Statistics,English,https://example.org/learnbridge/resources/R0290,0.381
R0291,Computer vision Foundations 291,An original advanced learning resource that develops computer vision concepts through practice quiz activities and connects them with machine learning practice.,Computer vision|Machine learning,Advanced,Practice quiz,60,Free,0.0,Sprout Learning,0.725,0.889,True,True,Python,English,https://example.org/learnbridge/resources/R0291,0.547
R0292,Python Practice Lab 292,An original beginner learning resource that develops python concepts through practice quiz activities and connects them with statistics practice.,Python|Statistics,Beginner,Practice quiz,30,Free,0.0,Willow Learning,0.498,0.965,True,True,None,English,https://example.org/learnbridge/resources/R0292,0.256
R0293,Computer vision Applied Path 293,An original intermediate learning resource that develops computer vision concepts through interactive exercise activities and connects them with responsible ai practice.,Computer vision|Responsible AI,Intermediate,Interactive exercise,480,Paid,39.0,Beacon Learning,0.456,0.811,True,True,Python,English,https://example.org/learnbridge/resources/R0293,0.646
R0294,Software engineering Workshop 294,An original intermediate learning resource that develops software engineering concepts through article activities and connects them with cloud computing practice.,Software engineering|Cloud computing,Intermediate,Article,20,Free,0.0,Cedar Learning,0.988,0.872,True,True,Software engineering,English,https://example.org/learnbridge/resources/R0294,0.638
R0295,Cloud computing Field Guide 295,An original intermediate learning resource that develops cloud computing concepts through video activities and connects them with python practice.,Cloud computing|Python,Intermediate,Video,360,Paid,25.0,Pixel Learning,0.777,0.966,True,True,Mathematics,English,https://example.org/learnbridge/resources/R0295,0.229
R0296,Computer vision Essentials 296,An original beginner learning resource that develops computer vision concepts through video activities and connects them with software engineering practice.,Computer vision|Software engineering,Beginner,Video,120,Free,0.0,Summit Learning,0.825,0.541,False,False,None,English,https://example.org/learnbridge/resources/R0296,0.602
R0297,Python Field Guide 297,An original beginner learning resource that develops python concepts through video activities and connects them with cloud computing practice.,Python|Cloud computing,Beginner,Video,60,Free,0.0,Willow Learning,0.966,0.846,True,True,None,English,https://example.org/learnbridge/resources/R0297,0.678
R0298,NLP Workshop 298,An original intermediate learning resource that develops nlp concepts through article activities and connects them with data science practice.,NLP|Data science,Intermediate,Article,120,Free,0.0,Sprout Learning,0.719,0.844,True,True,Mathematics,English,https://example.org/learnbridge/resources/R0298,0.389
R0299,Software engineering Essentials 299,An original beginner learning resource that develops software engineering concepts through video activities and connects them with nlp practice.,Software engineering|NLP,Beginner,Video,30,Free,0.0,Bridge Learning,0.863,0.933,True,True,None,English,https://example.org/learnbridge/resources/R0299,0.453
R0300,Deep learning Concept Clinic 300,An original advanced learning resource that develops deep learning concepts through course activities and connects them with responsible ai practice.,Deep learning|Responsible AI,Advanced,Course,360,Free,0.0,Atlas Learning,0.479,0.856,True,True,Python,English,https://example.org/learnbridge/resources/R0300,0.591
R0301,Computer vision Foundations 301,An original intermediate learning resource that develops computer vision concepts through course activities and connects them with mathematics practice.,Computer vision|Mathematics,Intermediate,Course,360,Paid,15.0,Circuit Learning,0.764,0.892,True,True,Computer vision,English,https://example.org/learnbridge/resources/R0301,0.441
R0302,Statistics Practice Lab 302,An original intermediate learning resource that develops statistics concepts through tutorial activities and connects them with nlp practice.,Statistics|NLP,Intermediate,Tutorial,45,Free,0.0,Mosaic Learning,0.647,0.9,True,True,Python,English,https://example.org/learnbridge/resources/R0302,0.341
R0303,Responsible AI Workshop 303,An original advanced learning resource that develops responsible ai concepts through practice quiz activities and connects them with statistics practice.,Responsible AI|Statistics,Advanced,Practice quiz,60,Free,0.0,Atlas Learning,0.882,0.911,True,True,Statistics,English,https://example.org/learnbridge/resources/R0303,0.911
R0304,Machine learning Practice Lab 304,An original intermediate learning resource that develops machine learning concepts through practice quiz activities and connects them with mathematics practice.,Machine learning|Mathematics,Intermediate,Practice quiz,240,Free,0.0,Nova Learning,0.823,0.86,True,True,Machine learning,English,https://example.org/learnbridge/resources/R0304,0.147
R0305,Deep learning Practice Lab 305,An original beginner learning resource that develops deep learning concepts through interactive exercise activities and connects them with nlp practice.,Deep learning|NLP,Beginner,Interactive exercise,90,Free,0.0,Nova Learning,0.64,0.869,True,True,None,English,https://example.org/learnbridge/resources/R0305,0.49
R0306,Cloud computing Foundations 306,An original advanced learning resource that develops cloud computing concepts through interactive exercise activities and connects them with machine learning practice.,Cloud computing|Machine learning,Advanced,Interactive exercise,360,Free,0.0,Circuit Learning,0.781,0.897,True,True,Statistics,English,https://example.org/learnbridge/resources/R0306,0.226
R0307,NLP Workshop 307,An original intermediate learning resource that develops nlp concepts through tutorial activities and connects them with deep learning practice.,NLP|Deep learning,Intermediate,Tutorial,30,Free,0.0,Quill Learning,0.621,0.816,True,True,Mathematics,English,https://example.org/learnbridge/resources/R0307,0.258
R0308,Deep learning Workshop 308,An original intermediate learning resource that develops deep learning concepts through tutorial activities and connects them with nlp practice.,Deep learning|NLP,Intermediate,Tutorial,180,Paid,15.0,Summit Learning,0.958,0.833,True,True,Deep learning,English,https://example.org/learnbridge/resources/R0308,0.505
R0309,Cloud computing Essentials 309,An original beginner learning resource that develops cloud computing concepts through course activities and connects them with python practice.,Cloud computing|Python,Beginner,Course,30,Free,0.0,Atlas Learning,0.496,0.821,True,True,None,English,https://example.org/learnbridge/resources/R0309,0.296
R0310,Cloud computing Practice Lab 310,An original beginner learning resource that develops cloud computing concepts through practice quiz activities and connects them with machine learning practice.,Cloud computing|Machine learning,Beginner,Practice quiz,120,Free,0.0,Nexus Learning,0.955,0.973,True,True,None,English,https://example.org/learnbridge/resources/R0310,0.409
R0311,Mathematics Practice Lab 311,An original advanced learning resource that develops mathematics concepts through course activities and connects them with responsible ai practice.,Mathematics|Responsible AI,Advanced,Course,360,Free,0.0,Nexus Learning,0.573,0.862,True,True,Mathematics,English,https://example.org/learnbridge/resources/R0311,0.196
R0312,Python Applied Path 312,An original intermediate learning resource that develops python concepts through project activities and connects them with data science practice.,Python|Data science,Intermediate,Project,120,Paid,39.0,Forge Learning,0.612,0.857,True,True,Python,English,https://example.org/learnbridge/resources/R0312,0.539
R0313,Cloud computing Applied Path 313,An original beginner learning resource that develops cloud computing concepts through tutorial activities and connects them with nlp practice.,Cloud computing|NLP,Beginner,Tutorial,60,Free,0.0,Circuit Learning,0.897,0.833,True,True,None,English,https://example.org/learnbridge/resources/R0313,0.227
R0314,Software engineering Concept Clinic 314,An original beginner learning resource that develops software engineering concepts through practice quiz activities and connects them with mathematics practice.,Software engineering|Mathematics,Beginner,Practice quiz,90,Paid,9.0,Lumen Learning,0.524,0.883,True,True,None,English,https://example.org/learnbridge/resources/R0314,0.205
R0315,Deep learning Foundations 315,An original beginner learning resource that develops deep learning concepts through article activities and connects them with statistics practice.,Deep learning|Statistics,Beginner,Article,360,Free,0.0,Harbor Learning,0.595,0.804,True,True,None,English,https://example.org/learnbridge/resources/R0315,0.673
R0316,Deep learning Practice Lab 316,An original beginner learning resource that develops deep learning concepts through interactive exercise activities and connects them with statistics practice.,Deep learning|Statistics,Beginner,Interactive exercise,240,Paid,9.0,Quill Learning,0.493,1.0,True,True,None,English,https://example.org/learnbridge/resources/R0316,0.282
R0317,SQL Applied Path 317,An original advanced learning resource that develops sql concepts through video activities and connects them with deep learning practice.,SQL|Deep learning,Advanced,Video,60,Paid,9.0,Sprout Learning,0.699,0.995,True,True,Python,English,https://example.org/learnbridge/resources/R0317,0.502
R0318,NLP Workshop 318,An original intermediate learning resource that develops nlp concepts through video activities and connects them with machine learning practice.,NLP|Machine learning,Intermediate,Video,360,Paid,25.0,Orbit Learning,0.916,0.851,True,True,Mathematics,English,https://example.org/learnbridge/resources/R0318,0.223
R0319,Machine learning Applied Path 319,An original intermediate learning resource that develops machine learning concepts through course activities and connects them with nlp practice.,Machine learning|NLP,Intermediate,Course,20,Paid,59.0,Atlas Learning,0.651,0.994,True,True,Statistics,English,https://example.org/learnbridge/resources/R0319,0.368
R0320,Responsible AI Workshop 320,An original beginner learning resource that develops responsible ai concepts through practice quiz activities and connects them with python practice.,Responsible AI|Python,Beginner,Practice quiz,360,Free,0.0,Forge Learning,0.576,0.958,True,True,None,English,https://example.org/learnbridge/resources/R0320,0.602
R0321,Mathematics Practice Lab 321,An original beginner learning resource that develops mathematics concepts through article activities and connects them with computer vision practice.,Mathematics|Computer vision,Beginner,Article,20,Free,0.0,Nexus Learning,0.609,0.897,True,True,None,English,https://example.org/learnbridge/resources/R0321,0.69
R0322,Mathematics Essentials 322,An original beginner learning resource that develops mathematics concepts through project activities and connects them with deep learning practice.,Mathematics|Deep learning,Beginner,Project,360,Free,0.0,Atlas Learning,0.693,0.832,True,True,None,English,https://example.org/learnbridge/resources/R0322,0.644
R0323,Cloud computing Applied Path 323,An original intermediate learning resource that develops cloud computing concepts through video activities and connects them with computer vision practice.,Cloud computing|Computer vision,Intermediate,Video,120,Free,0.0,Nexus Learning,0.892,0.848,True,True,Cloud computing,English,https://example.org/learnbridge/resources/R0323,0.336
R0324,NLP Foundations 324,An original beginner learning resource that develops nlp concepts through practice quiz activities and connects them with data science practice.,NLP|Data science,Beginner,Practice quiz,45,Free,0.0,Sprout Learning,0.508,0.836,True,True,None,English,https://example.org/learnbridge/resources/R0324,0.506
R0325,Software engineering Workshop 325,An original beginner learning resource that develops software engineering concepts through article activities and connects them with sql practice.,Software engineering|SQL,Beginner,Article,30,Free,0.0,Forge Learning,0.951,0.803,True,True,None,English,https://example.org/learnbridge/resources/R0325,0.575
R0326,Mathematics Applied Path 326,An original advanced learning resource that develops mathematics concepts through project activities and connects them with computer vision practice.,Mathematics|Computer vision,Advanced,Project,480,Paid,9.0,Harbor Learning,0.492,0.853,True,True,Mathematics,English,https://example.org/learnbridge/resources/R0326,0.492
R0327,Computer vision Essentials 327,An original beginner learning resource that develops computer vision concepts through practice quiz activities and connects them with statistics practice.,Computer vision|Statistics,Beginner,Practice quiz,45,Free,0.0,Willow Learning,0.853,0.912,True,True,None,English,https://example.org/learnbridge/resources/R0327,0.502
R0328,Computer vision Workshop 328,An original beginner learning resource that develops computer vision concepts through article activities and connects them with data science practice.,Computer vision|Data science,Beginner,Article,360,Free,0.0,Nexus Learning,0.989,0.868,True,True,None,English,https://example.org/learnbridge/resources/R0328,0.478
R0329,NLP Essentials 329,An original beginner learning resource that develops nlp concepts through practice quiz activities and connects them with computer vision practice.,NLP|Computer vision,Beginner,Practice quiz,120,Free,0.0,Nexus Learning,0.566,0.922,True,True,None,English,https://example.org/learnbridge/resources/R0329,0.693
R0330,Deep learning Field Guide 330,An original beginner learning resource that develops deep learning concepts through video activities and connects them with computer vision practice.,Deep learning|Computer vision,Beginner,Video,480,Paid,9.0,Harbor Learning,0.982,0.827,True,True,None,English,https://example.org/learnbridge/resources/R0330,0.174
R0331,SQL Field Guide 331,An original intermediate learning resource that develops sql concepts through tutorial activities and connects them with software engineering practice.,SQL|Software engineering,Intermediate,Tutorial,45,Paid,15.0,Atlas Learning,0.593,0.819,True,True,Statistics,English,https://example.org/learnbridge/resources/R0331,0.266
R0332,Statistics Essentials 332,An original intermediate learning resource that develops statistics concepts through project activities and connects them with data science practice.,Statistics|Data science,Intermediate,Project,240,Free,0.0,Harbor Learning,0.47,0.965,True,True,Statistics,English,https://example.org/learnbridge/resources/R0332,0.476
R0333,NLP Applied Path 333,An original advanced learning resource that develops nlp concepts through course activities and connects them with computer vision practice.,NLP|Computer vision,Advanced,Course,30,Free,0.0,Bridge Learning,0.792,0.974,True,True,Python,English,https://example.org/learnbridge/resources/R0333,0.485
R0334,Software engineering Practice Lab 334,An original beginner learning resource that develops software engineering concepts through practice quiz activities and connects them with machine learning practice.,Software engineering|Machine learning,Beginner,Practice quiz,20,Free,0.0,Beacon Learning,0.857,0.935,True,True,None,English,https://example.org/learnbridge/resources/R0334,0.494
R0335,Machine learning Field Guide 335,An original beginner learning resource that develops machine learning concepts through course activities and connects them with statistics practice.,Machine learning|Statistics,Beginner,Course,20,Free,0.0,Cedar Learning,0.665,0.91,True,True,None,English,https://example.org/learnbridge/resources/R0335,0.274
R0336,Statistics Essentials 336,An original beginner learning resource that develops statistics concepts through tutorial activities and connects them with cloud computing practice.,Statistics|Cloud computing,Beginner,Tutorial,480,Free,0.0,Pixel Learning,0.581,0.999,True,True,None,English,https://example.org/learnbridge/resources/R0336,0.23
R0337,Data science Applied Path 337,An original beginner learning resource that develops data science concepts through interactive exercise activities and connects them with mathematics practice.,Data science|Mathematics,Beginner,Interactive exercise,120,Free,0.0,Bridge Learning,0.866,0.869,True,True,None,English,https://example.org/learnbridge/resources/R0337,0.135
R0338,Software engineering Foundations 338,An original intermediate learning resource that develops software engineering concepts through project activities and connects them with machine learning practice.,Software engineering|Machine learning,Intermediate,Project,120,Free,0.0,Orbit Learning,0.581,0.831,True,True,Software engineering,English,https://example.org/learnbridge/resources/R0338,0.562
R0339,SQL Essentials 339,An original intermediate learning resource that develops sql concepts through interactive exercise activities and connects them with cloud computing practice.,SQL|Cloud computing,Intermediate,Interactive exercise,360,Free,0.0,Forge Learning,0.786,0.842,True,True,Mathematics,English,https://example.org/learnbridge/resources/R0339,0.634
R0340,Statistics Applied Path 340,An original beginner learning resource that develops statistics concepts through course activities and connects them with responsible ai practice.,Statistics|Responsible AI,Beginner,Course,20,Free,0.0,Summit Learning,0.808,0.813,True,True,None,English,https://example.org/learnbridge/resources/R0340,0.135
R0341,Deep learning Foundations 341,An original intermediate learning resource that develops deep learning concepts through article activities and connects them with responsible ai practice.,Deep learning|Responsible AI,Intermediate,Article,240,Free,0.0,Pixel Learning,0.948,0.912,True,True,Deep learning,English,https://example.org/learnbridge/resources/R0341,0.249
R0342,SQL Concept Clinic 342,An original advanced learning resource that develops sql concepts through tutorial activities and connects them with statistics practice.,SQL|Statistics,Advanced,Tutorial,20,Free,0.0,Bridge Learning,0.96,0.925,True,True,Statistics,English,https://example.org/learnbridge/resources/R0342,0.539
R0343,Cloud computing Practice Lab 343,An original intermediate learning resource that develops cloud computing concepts through practice quiz activities and connects them with mathematics practice.,Cloud computing|Mathematics,Intermediate,Practice quiz,180,Paid,25.0,Quill Learning,0.693,0.848,True,True,Python,English,https://example.org/learnbridge/resources/R0343,0.186
R0344,Statistics Concept Clinic 344,An original beginner learning resource that develops statistics concepts through practice quiz activities and connects them with machine learning practice.,Statistics|Machine learning,Beginner,Practice quiz,45,Paid,15.0,Lumen Learning,0.621,0.886,True,True,None,English,https://example.org/learnbridge/resources/R0344,0.671
R0345,Machine learning Workshop 345,An original intermediate learning resource that develops machine learning concepts through course activities and connects them with python practice.,Machine learning|Python,Intermediate,Course,90,Paid,15.0,Nova Learning,0.521,0.889,True,True,Mathematics,English,https://example.org/learnbridge/resources/R0345,0.077
R0346,Software engineering Workshop 346,An original intermediate learning resource that develops software engineering concepts through article activities and connects them with statistics practice.,Software engineering|Statistics,Intermediate,Article,120,Paid,59.0,Forge Learning,0.834,0.816,True,True,Statistics,English,https://example.org/learnbridge/resources/R0346,0.36
R0347,Statistics Workshop 347,An original beginner learning resource that develops statistics concepts through project activities and connects them with sql practice.,Statistics|SQL,Beginner,Project,90,Paid,15.0,Sprout Learning,0.486,0.99,True,True,None,English,https://example.org/learnbridge/resources/R0347,0.557
R0348,NLP Applied Path 348,An original advanced learning resource that develops nlp concepts through course activities and connects them with cloud computing practice.,NLP|Cloud computing,Advanced,Course,20,Free,0.0,Quill Learning,0.663,0.922,True,True,Statistics,English,https://example.org/learnbridge/resources/R0348,0.67
R0349,Python Workshop 349,An original intermediate learning resource that develops python concepts through course activities and connects them with sql practice.,Python|SQL,Intermediate,Course,20,Paid,25.0,Beacon Learning,0.665,0.912,True,True,Python,English,https://example.org/learnbridge/resources/R0349,0.334
R0350,Software engineering Workshop 350,An original intermediate learning resource that develops software engineering concepts through article activities and connects them with python practice.,Software engineering|Python,Intermediate,Article,240,Free,0.0,Nexus Learning,0.523,0.818,True,True,Software engineering,English,https://example.org/learnbridge/resources/R0350,0.545
R0351,Mathematics Applied Path 351,An original advanced learning resource that develops mathematics concepts through video activities and connects them with statistics practice.,Mathematics|Statistics,Advanced,Video,45,Free,0.0,Beacon Learning,0.792,0.825,True,True,Mathematics,English,https://example.org/learnbridge/resources/R0351,0.116
R0352,Software engineering Essentials 352,An original beginner learning resource that develops software engineering concepts through course activities and connects them with machine learning practice.,Software engineering|Machine learning,Beginner,Course,45,Free,0.0,Atlas Learning,0.538,0.982,True,True,None,English,https://example.org/learnbridge/resources/R0352,0.508
R0353,Mathematics Foundations 353,An original beginner learning resource that develops mathematics concepts through article activities and connects them with deep learning practice.,Mathematics|Deep learning,Beginner,Article,45,Free,0.0,Summit Learning,0.457,0.992,True,True,None,English,https://example.org/learnbridge/resources/R0353,0.278
R0354,Deep learning Essentials 354,An original beginner learning resource that develops deep learning concepts through practice quiz activities and connects them with statistics practice.,Deep learning|Statistics,Beginner,Practice quiz,180,Free,0.0,Bridge Learning,0.582,0.888,True,True,None,English,https://example.org/learnbridge/resources/R0354,0.423
R0355,Python Applied Path 355,An original beginner learning resource that develops python concepts through practice quiz activities and connects them with statistics practice.,Python|Statistics,Beginner,Practice quiz,45,Free,0.0,Harbor Learning,0.629,0.971,True,True,None,English,https://example.org/learnbridge/resources/R0355,0.237
R0356,Mathematics Foundations 356,An original intermediate learning resource that develops mathematics concepts through tutorial activities and connects them with software engineering practice.,Mathematics|Software engineering,Intermediate,Tutorial,240,Free,0.0,Cedar Learning,0.865,0.95,True,True,Mathematics,English,https://example.org/learnbridge/resources/R0356,0.199
R0357,Cloud computing Practice Lab 357,An original beginner learning resource that develops cloud computing concepts through article activities and connects them with data science practice.,Cloud computing|Data science,Beginner,Article,90,Free,0.0,Compass Learning,0.563,0.866,True,True,None,English,https://example.org/learnbridge/resources/R0357,0.239
R0358,Cloud computing Field Guide 358,An original intermediate learning resource that develops cloud computing concepts through practice quiz activities and connects them with data science practice.,Cloud computing|Data science,Intermediate,Practice quiz,90,Free,0.0,Compass Learning,0.761,0.885,True,True,Mathematics,English,https://example.org/learnbridge/resources/R0358,0.439
R0359,Mathematics Workshop 359,An original intermediate learning resource that develops mathematics concepts through project activities and connects them with responsible ai practice.,Mathematics|Responsible AI,Intermediate,Project,480,Free,0.0,Bridge Learning,0.514,0.847,True,True,Mathematics,English,https://example.org/learnbridge/resources/R0359,0.3
R0360,Software engineering Workshop 360,An original beginner learning resource that develops software engineering concepts through interactive exercise activities and connects them with computer vision practice.,Software engineering|Computer vision,Beginner,Interactive exercise,60,Free,0.0,Harbor Learning,0.587,0.802,True,True,None,English,https://example.org/learnbridge/resources/R0360,0.139
R0361,Data science Concept Clinic 361,An original beginner learning resource that develops data science concepts through course activities and connects them with mathematics practice.,Data science|Mathematics,Beginner,Course,480,Paid,15.0,Sprout Learning,0.628,0.992,True,True,None,English,https://example.org/learnbridge/resources/R0361,0.149
R0362,Responsible AI Concept Clinic 362,An original intermediate learning resource that develops responsible ai concepts through practice quiz activities and connects them with machine learning practice.,Responsible AI|Machine learning,Intermediate,Practice quiz,360,Free,0.0,Willow Learning,0.951,0.979,True,True,Statistics,English,https://example.org/learnbridge/resources/R0362,0.124
R0363,Cloud computing Workshop 363,An original beginner learning resource that develops cloud computing concepts through tutorial activities and connects them with software engineering practice.,Cloud computing|Software engineering,Beginner,Tutorial,120,Paid,25.0,Bridge Learning,0.633,0.813,True,True,None,English,https://example.org/learnbridge/resources/R0363,0.534
R0364,Machine learning Field Guide 364,An original beginner learning resource that develops machine learning concepts through project activities and connects them with responsible ai practice.,Machine learning|Responsible AI,Beginner,Project,120,Paid,39.0,Cedar Learning,0.718,0.942,True,True,None,English,https://example.org/learnbridge/resources/R0364,0.362
R0365,Python Workshop 365,An original advanced learning resource that develops python concepts through course activities and connects them with sql practice.,Python|SQL,Advanced,Course,240,Free,0.0,Quill Learning,0.949,0.981,True,True,Python,English,https://example.org/learnbridge/resources/R0365,0.349
R0366,Cloud computing Foundations 366,An original advanced learning resource that develops cloud computing concepts through article activities and connects them with mathematics practice.,Cloud computing|Mathematics,Advanced,Article,240,Paid,25.0,Orbit Learning,0.821,0.878,True,True,Cloud computing,English,https://example.org/learnbridge/resources/R0366,0.489
R0367,Cloud computing Workshop 367,An original intermediate learning resource that develops cloud computing concepts through video activities and connects them with mathematics practice.,Cloud computing|Mathematics,Intermediate,Video,90,Free,0.0,Harbor Learning,0.599,0.842,True,True,Python,English,https://example.org/learnbridge/resources/R0367,0.545
R0368,SQL Field Guide 368,An original beginner learning resource that develops sql concepts through tutorial activities and connects them with data science practice.,SQL|Data science,Beginner,Tutorial,30,Free,0.0,Nexus Learning,0.622,0.841,True,True,None,English,https://example.org/learnbridge/resources/R0368,0.295
R0369,Data science Applied Path 369,An original intermediate learning resource that develops data science concepts through interactive exercise activities and connects them with nlp practice.,Data science|NLP,Intermediate,Interactive exercise,20,Free,0.0,Orbit Learning,0.507,0.826,True,True,Statistics,English,https://example.org/learnbridge/resources/R0369,0.234
R0370,Software engineering Applied Path 370,An original advanced learning resource that develops software engineering concepts through practice quiz activities and connects them with mathematics practice.,Software engineering|Mathematics,Advanced,Practice quiz,120,Free,0.0,Nexus Learning,0.492,0.862,True,True,Python,English,https://example.org/learnbridge/resources/R0370,0.312
R0371,Data science Workshop 371,An original beginner learning resource that develops data science concepts through practice quiz activities and connects them with cloud computing practice.,Data science|Cloud computing,Beginner,Practice quiz,240,Paid,15.0,Summit Learning,0.943,0.894,True,True,None,English,https://example.org/learnbridge/resources/R0371,0.298
R0372,NLP Concept Clinic 372,An original intermediate learning resource that develops nlp concepts through video activities and connects them with cloud computing practice.,NLP|Cloud computing,Intermediate,Video,120,Free,0.0,Mosaic Learning,0.776,0.969,True,True,Mathematics,English,https://example.org/learnbridge/resources/R0372,0.117
R0373,NLP Workshop 373,An original intermediate learning resource that develops nlp concepts through project activities and connects them with software engineering practice.,NLP|Software engineering,Intermediate,Project,240,Free,0.0,Pixel Learning,0.746,0.88,True,True,Statistics,English,https://example.org/learnbridge/resources/R0373,0.303
R0374,Computer vision Applied Path 374,An original intermediate learning resource that develops computer vision concepts through tutorial activities and connects them with responsible ai practice.,Computer vision|Responsible AI,Intermediate,Tutorial,45,Paid,59.0,Forge Learning,0.512,0.933,True,True,Computer vision,English,https://example.org/learnbridge/resources/R0374,0.71
R0375,SQL Practice Lab 375,An original beginner learning resource that develops sql concepts through video activities and connects them with deep learning practice.,SQL|Deep learning,Beginner,Video,480,Paid,9.0,Cedar Learning,0.568,0.876,True,True,None,English,https://example.org/learnbridge/resources/R0375,0.142
R0376,Machine learning Workshop 376,An original beginner learning resource that develops machine learning concepts through tutorial activities and connects them with mathematics practice.,Machine learning|Mathematics,Beginner,Tutorial,480,Free,0.0,Sprout Learning,0.818,0.916,True,True,None,English,https://example.org/learnbridge/resources/R0376,0.533
R0377,NLP Workshop 377,An original advanced learning resource that develops nlp concepts through video activities and connects them with software engineering practice.,NLP|Software engineering,Advanced,Video,120,Paid,39.0,Circuit Learning,0.788,0.856,True,True,NLP,English,https://example.org/learnbridge/resources/R0377,0.574
R0378,Machine learning Workshop 378,An original beginner learning resource that develops machine learning concepts through tutorial activities and connects them with cloud computing practice.,Machine learning|Cloud computing,Beginner,Tutorial,120,Free,0.0,Harbor Learning,0.989,0.968,True,True,None,English,https://example.org/learnbridge/resources/R0378,0.413
R0379,Computer vision Applied Path 379,An original beginner learning resource that develops computer vision concepts through practice quiz activities and connects them with machine learning practice.,Computer vision|Machine learning,Beginner,Practice quiz,240,Paid,59.0,Willow Learning,0.787,0.979,True,True,None,English,https://example.org/learnbridge/resources/R0379,0.252
R0380,Statistics Foundations 380,An original intermediate learning resource that develops statistics concepts through video activities and connects them with machine learning practice.,Statistics|Machine learning,Intermediate,Video,60,Free,0.0,Orbit Learning,0.757,0.854,True,True,Mathematics,English,https://example.org/learnbridge/resources/R0380,0.549
R0381,Machine learning Workshop 381,An original advanced learning resource that develops machine learning concepts through project activities and connects them with software engineering practice.,Machine learning|Software engineering,Advanced,Project,240,Paid,39.0,Cedar Learning,0.819,0.903,True,True,Machine learning,English,https://example.org/learnbridge/resources/R0381,0.394
R0382,Cloud computing Field Guide 382,An original intermediate learning resource that develops cloud computing concepts through tutorial activities and connects them with python practice.,Cloud computing|Python,Intermediate,Tutorial,480,Paid,25.0,Harbor Learning,0.54,0.947,True,True,Statistics,English,https://example.org/learnbridge/resources/R0382,0.624
R0383,SQL Concept Clinic 383,An original intermediate learning resource that develops sql concepts through tutorial activities and connects them with python practice.,SQL|Python,Intermediate,Tutorial,20,Free,0.0,Bridge Learning,0.605,0.931,True,True,Mathematics,English,https://example.org/learnbridge/resources/R0383,0.315
R0384,SQL Field Guide 384,An original intermediate learning resource that develops sql concepts through tutorial activities and connects them with python practice.,SQL|Python,Intermediate,Tutorial,480,Free,0.0,Lumen Learning,0.591,0.948,True,True,Statistics,English,https://example.org/learnbridge/resources/R0384,0.385
R0385,NLP Concept Clinic 385,An original advanced learning resource that develops nlp concepts through tutorial activities and connects them with data science practice.,NLP|Data science,Advanced,Tutorial,45,Paid,39.0,Pixel Learning,0.807,0.968,True,True,Statistics,English,https://example.org/learnbridge/resources/R0385,0.52
R0386,Python Practice Lab 386,An original beginner learning resource that develops python concepts through project activities and connects them with mathematics practice.,Python|Mathematics,Beginner,Project,45,Free,0.0,Harbor Learning,0.707,0.893,True,True,None,English,https://example.org/learnbridge/resources/R0386,0.32
R0387,Cloud computing Applied Path 387,An original beginner learning resource that develops cloud computing concepts through project activities and connects them with computer vision practice.,Cloud computing|Computer vision,Beginner,Project,120,Free,0.0,Orbit Learning,0.503,0.992,True,True,None,English,https://example.org/learnbridge/resources/R0387,0.269
R0388,Responsible AI Practice Lab 388,An original beginner learning resource that develops responsible ai concepts through interactive exercise activities and connects them with sql practice.,Responsible AI|SQL,Beginner,Interactive exercise,90,Paid,39.0,Pixel Learning,0.847,0.931,True,True,None,English,https://example.org/learnbridge/resources/R0388,0.546
R0389,Machine learning Essentials 389,An original intermediate learning resource that develops machine learning concepts through practice quiz activities and connects them with computer vision practice.,Machine learning|Computer vision,Intermediate,Practice quiz,30,Free,0.0,Nova Learning,0.82,0.802,True,True,Machine learning,English,https://example.org/learnbridge/resources/R0389,0.461
R0390,Software engineering Applied Path 390,An original beginner learning resource that develops software engineering concepts through tutorial activities and connects them with data science practice.,Software engineering|Data science,Beginner,Tutorial,60,Free,0.0,Nova Learning,0.832,0.99,True,True,None,English,https://example.org/learnbridge/resources/R0390,0.368
R0391,Responsible AI Applied Path 391,An original advanced learning resource that develops responsible ai concepts through article activities and connects them with software engineering practice.,Responsible AI|Software engineering,Advanced,Article,45,Paid,9.0,Beacon Learning,0.948,0.851,True,True,Statistics,English,https://example.org/learnbridge/resources/R0391,0.138
R0392,NLP Foundations 392,An original beginner learning resource that develops nlp concepts through video activities and connects them with sql practice.,NLP|SQL,Beginner,Video,20,Free,0.0,Summit Learning,0.966,0.867,True,True,None,English,https://example.org/learnbridge/resources/R0392,0.3
R0393,Software engineering Workshop 393,An original beginner learning resource that develops software engineering concepts through course activities and connects them with computer vision practice.,Software engineering|Computer vision,Beginner,Course,360,Free,0.0,Nova Learning,0.943,0.954,True,True,None,English,https://example.org/learnbridge/resources/R0393,0.232
R0394,Deep learning Essentials 394,An original intermediate learning resource that develops deep learning concepts through video activities and connects them with machine learning practice.,Deep learning|Machine learning,Intermediate,Video,180,Paid,9.0,Compass Learning,0.832,0.94,True,True,Statistics,English,https://example.org/learnbridge/resources/R0394,0.628
R0395,Data science Essentials 395,An original beginner learning resource that develops data science concepts through course activities and connects them with software engineering practice.,Data science|Software engineering,Beginner,Course,240,Paid,25.0,Quill Learning,0.818,0.824,True,True,None,English,https://example.org/learnbridge/resources/R0395,0.356
R0396,Data science Applied Path 396,An original intermediate learning resource that develops data science concepts through interactive exercise activities and connects them with cloud computing practice.,Data science|Cloud computing,Intermediate,Interactive exercise,45,Free,0.0,Sprout Learning,0.611,0.911,True,True,Statistics,English,https://example.org/learnbridge/resources/R0396,0.287
R0397,Responsible AI Practice Lab 397,An original intermediate learning resource that develops responsible ai concepts through article activities and connects them with deep learning practice.,Responsible AI|Deep learning,Intermediate,Article,20,Free,0.0,Circuit Learning,0.484,0.944,True,True,Python,English,https://example.org/learnbridge/resources/R0397,0.43
R0398,Deep learning Applied Path 398,An original beginner learning resource that develops deep learning concepts through video activities and connects them with python practice.,Deep learning|Python,Beginner,Video,20,Free,0.0,Compass Learning,0.698,0.842,True,True,None,English,https://example.org/learnbridge/resources/R0398,0.705
R0399,Data science Workshop 399,An original intermediate learning resource that develops data science concepts through course activities and connects them with python practice.,Data science|Python,Intermediate,Course,240,Free,0.0,Atlas Learning,0.458,0.981,True,True,Data science,English,https://example.org/learnbridge/resources/R0399,0.446
R0400,Data science Workshop 400,An original beginner learning resource that develops data science concepts through tutorial activities and connects them with machine learning practice.,Data science|Machine learning,Beginner,Tutorial,60,Paid,39.0,Quill Learning,0.888,0.813,True,True,None,English,https://example.org/learnbridge/resources/R0400,0.3
R0401,Statistics Workshop 401,An original intermediate learning resource that develops statistics concepts through interactive exercise activities and connects them with python practice.,Statistics|Python,Intermediate,Interactive exercise,90,Free,0.0,Mosaic Learning,0.749,0.828,True,True,Statistics,English,https://example.org/learnbridge/resources/R0401,0.23
R0402,Machine learning Practice Lab 402,An original advanced learning resource that develops machine learning concepts through video activities and connects them with python practice.,Machine learning|Python,Advanced,Video,45,Free,0.0,Forge Learning,0.824,0.469,False,False,Mathematics,English,https://example.org/learnbridge/resources/R0402,0.253
R0403,Machine learning Applied Path 403,An original intermediate learning resource that develops machine learning concepts through tutorial activities and connects them with responsible ai practice.,Machine learning|Responsible AI,Intermediate,Tutorial,240,Free,0.0,Harbor Learning,0.638,0.922,True,True,Machine learning,English,https://example.org/learnbridge/resources/R0403,0.402
R0404,Cloud computing Workshop 404,An original beginner learning resource that develops cloud computing concepts through project activities and connects them with software engineering practice.,Cloud computing|Software engineering,Beginner,Project,60,Free,0.0,Nova Learning,0.88,0.855,True,True,None,English,https://example.org/learnbridge/resources/R0404,0.539
R0405,Responsible AI Essentials 405,An original beginner learning resource that develops responsible ai concepts through interactive exercise activities and connects them with python practice.,Responsible AI|Python,Beginner,Interactive exercise,180,Free,0.0,Beacon Learning,0.473,0.85,True,True,None,English,https://example.org/learnbridge/resources/R0405,0.721
R0406,Deep learning Practice Lab 406,An original beginner learning resource that develops deep learning concepts through article activities and connects them with software engineering practice.,Deep learning|Software engineering,Beginner,Article,480,Paid,15.0,Quill Learning,0.574,0.916,True,True,None,English,https://example.org/learnbridge/resources/R0406,0.285
R0407,Statistics Essentials 407,An original advanced learning resource that develops statistics concepts through video activities and connects them with deep learning practice.,Statistics|Deep learning,Advanced,Video,240,Free,0.0,Beacon Learning,0.546,0.887,True,True,Python,English,https://example.org/learnbridge/resources/R0407,0.511
R0408,SQL Practice Lab 408,An original beginner learning resource that develops sql concepts through video activities and connects them with statistics practice.,SQL|Statistics,Beginner,Video,20,Paid,39.0,Willow Learning,0.542,0.822,True,True,None,English,https://example.org/learnbridge/resources/R0408,0.3
R0409,Responsible AI Concept Clinic 409,An original advanced learning resource that develops responsible ai concepts through tutorial activities and connects them with software engineering practice.,Responsible AI|Software engineering,Advanced,Tutorial,60,Paid,15.0,Forge Learning,0.902,0.817,True,True,Statistics,English,https://example.org/learnbridge/resources/R0409,0.217
R0410,NLP Foundations 410,An original intermediate learning resource that develops nlp concepts through tutorial activities and connects them with deep learning practice.,NLP|Deep learning,Intermediate,Tutorial,480,Paid,9.0,Forge Learning,0.846,0.98,True,True,Statistics,English,https://example.org/learnbridge/resources/R0410,0.473
R0411,Mathematics Workshop 411,An original intermediate learning resource that develops mathematics concepts through article activities and connects them with data science practice.,Mathematics|Data science,Intermediate,Article,20,Free,0.0,Atlas Learning,0.644,0.939,True,True,Statistics,English,https://example.org/learnbridge/resources/R0411,0.712
R0412,Machine learning Concept Clinic 412,An original advanced learning resource that develops machine learning concepts through practice quiz activities and connects them with cloud computing practice.,Machine learning|Cloud computing,Advanced,Practice quiz,240,Free,0.0,Circuit Learning,0.55,0.893,True,True,Python,English,https://example.org/learnbridge/resources/R0412,0.621
R0413,Mathematics Concept Clinic 413,An original intermediate learning resource that develops mathematics concepts through interactive exercise activities and connects them with nlp practice.,Mathematics|NLP,Intermediate,Interactive exercise,90,Free,0.0,Cedar Learning,0.785,0.94,True,True,Python,English,https://example.org/learnbridge/resources/R0413,0.33
R0414,NLP Workshop 414,An original beginner learning resource that develops nlp concepts through interactive exercise activities and connects them with python practice.,NLP|Python,Beginner,Interactive exercise,20,Free,0.0,Nexus Learning,0.831,0.873,True,True,None,English,https://example.org/learnbridge/resources/R0414,0.655
R0415,Cloud computing Concept Clinic 415,An original intermediate learning resource that develops cloud computing concepts through practice quiz activities and connects them with data science practice.,Cloud computing|Data science,Intermediate,Practice quiz,480,Paid,15.0,Quill Learning,0.64,0.974,True,True,Python,English,https://example.org/learnbridge/resources/R0415,0.395
R0416,NLP Practice Lab 416,An original intermediate learning resource that develops nlp concepts through tutorial activities and connects them with cloud computing practice.,NLP|Cloud computing,Intermediate,Tutorial,240,Paid,59.0,Mosaic Learning,0.882,0.942,True,True,Mathematics,English,https://example.org/learnbridge/resources/R0416,0.226
R0417,Data science Essentials 417,An original beginner learning resource that develops data science concepts through practice quiz activities and connects them with statistics practice.,Data science|Statistics,Beginner,Practice quiz,45,Free,0.0,Bridge Learning,0.608,0.975,True,True,None,English,https://example.org/learnbridge/resources/R0417,0.226
R0418,SQL Practice Lab 418,An original beginner learning resource that develops sql concepts through project activities and connects them with statistics practice.,SQL|Statistics,Beginner,Project,360,Paid,59.0,Quill Learning,0.804,0.929,True,True,None,English,https://example.org/learnbridge/resources/R0418,0.522
R0419,Cloud computing Workshop 419,An original intermediate learning resource that develops cloud computing concepts through tutorial activities and connects them with deep learning practice.,Cloud computing|Deep learning,Intermediate,Tutorial,90,Free,0.0,Forge Learning,0.651,0.834,True,True,Mathematics,English,https://example.org/learnbridge/resources/R0419,0.495
R0420,Machine learning Workshop 420,An original advanced learning resource that develops machine learning concepts through practice quiz activities and connects them with responsible ai practice.,Machine learning|Responsible AI,Advanced,Practice quiz,45,Free,0.0,Pixel Learning,0.513,0.995,True,True,Python,English,https://example.org/learnbridge/resources/R0420,0.542
R0421,Responsible AI Foundations 421,An original advanced learning resource that develops responsible ai concepts through article activities and connects them with nlp practice.,Responsible AI|NLP,Advanced,Article,360,Free,0.0,Bridge Learning,0.668,0.995,True,True,Mathematics,English,https://example.org/learnbridge/resources/R0421,0.441
R0422,Python Concept Clinic 422,An original advanced learning resource that develops python concepts through interactive exercise activities and connects them with software engineering practice.,Python|Software engineering,Advanced,Interactive exercise,90,Free,0.0,Atlas Learning,0.882,0.895,True,True,Mathematics,English,https://example.org/learnbridge/resources/R0422,0.628
R0423,Deep learning Concept Clinic 423,An original beginner learning resource that develops deep learning concepts through tutorial activities and connects them with python practice.,Deep learning|Python,Beginner,Tutorial,20,Free,0.0,Pixel Learning,0.691,0.88,True,True,None,English,https://example.org/learnbridge/resources/R0423,0.638
R0424,SQL Practice Lab 424,An original beginner learning resource that develops sql concepts through tutorial activities and connects them with statistics practice.,SQL|Statistics,Beginner,Tutorial,30,Paid,15.0,Forge Learning,0.622,0.995,True,True,None,English,https://example.org/learnbridge/resources/R0424,0.669
R0425,NLP Concept Clinic 425,An original beginner learning resource that develops nlp concepts through interactive exercise activities and connects them with deep learning practice.,NLP|Deep learning,Beginner,Interactive exercise,90,Free,0.0,Nexus Learning,0.497,0.996,True,True,None,English,https://example.org/learnbridge/resources/R0425,0.652
R0426,Computer vision Practice Lab 426,An original beginner learning resource that develops computer vision concepts through tutorial activities and connects them with deep learning practice.,Computer vision|Deep learning,Beginner,Tutorial,45,Free,0.0,Compass Learning,0.983,0.842,True,True,None,English,https://example.org/learnbridge/resources/R0426,0.17
R0427,Computer vision Field Guide 427,An original intermediate learning resource that develops computer vision concepts through practice quiz activities and connects them with machine learning practice.,Computer vision|Machine learning,Intermediate,Practice quiz,45,Free,0.0,Nexus Learning,0.715,0.84,True,True,Statistics,English,https://example.org/learnbridge/resources/R0427,0.356
R0428,Python Applied Path 428,An original beginner learning resource that develops python concepts through practice quiz activities and connects them with statistics practice.,Python|Statistics,Beginner,Practice quiz,240,Paid,25.0,Willow Learning,0.547,0.825,True,True,None,English,https://example.org/learnbridge/resources/R0428,0.099
R0429,Software engineering Applied Path 429,An original intermediate learning resource that develops software engineering concepts through tutorial activities and connects them with nlp practice.,Software engineering|NLP,Intermediate,Tutorial,90,Free,0.0,Nova Learning,0.652,0.926,True,True,Statistics,English,https://example.org/learnbridge/resources/R0429,0.478
R0430,Mathematics Foundations 430,An original beginner learning resource that develops mathematics concepts through video activities and connects them with machine learning practice.,Mathematics|Machine learning,Beginner,Video,180,Free,0.0,Harbor Learning,0.607,0.991,True,True,None,English,https://example.org/learnbridge/resources/R0430,0.654
R0431,Data science Field Guide 431,An original intermediate learning resource that develops data science concepts through tutorial activities and connects them with responsible ai practice.,Data science|Responsible AI,Intermediate,Tutorial,120,Free,0.0,Mosaic Learning,0.502,0.965,True,True,Mathematics,English,https://example.org/learnbridge/resources/R0431,0.859
R0432,NLP Concept Clinic 432,An original beginner learning resource that develops nlp concepts through article activities and connects them with cloud computing practice.,NLP|Cloud computing,Beginner,Article,45,Free,0.0,Sprout Learning,0.879,0.901,True,True,None,English,https://example.org/learnbridge/resources/R0432,0.357
R0433,Data science Workshop 433,An original intermediate learning resource that develops data science concepts through video activities and connects them with deep learning practice.,Data science|Deep learning,Intermediate,Video,45,Free,0.0,Beacon Learning,0.93,0.412,False,False,Mathematics,English,https://example.org/learnbridge/resources/R0433,0.549
R0434,Python Workshop 434,An original beginner learning resource that develops python concepts through project activities and connects them with machine learning practice.,Python|Machine learning,Beginner,Project,60,Paid,15.0,Cedar Learning,0.679,0.861,True,True,None,English,https://example.org/learnbridge/resources/R0434,0.089
R0435,Python Concept Clinic 435,An original intermediate learning resource that develops python concepts through video activities and connects them with mathematics practice.,Python|Mathematics,Intermediate,Video,90,Free,0.0,Nova Learning,0.872,0.86,True,True,Python,English,https://example.org/learnbridge/resources/R0435,0.197
R0436,Software engineering Essentials 436,An original beginner learning resource that develops software engineering concepts through project activities and connects them with nlp practice.,Software engineering|NLP,Beginner,Project,480,Free,0.0,Cedar Learning,0.504,0.848,True,True,None,English,https://example.org/learnbridge/resources/R0436,0.607
R0437,SQL Field Guide 437,An original advanced learning resource that develops sql concepts through tutorial activities and connects them with machine learning practice.,SQL|Machine learning,Advanced,Tutorial,30,Free,0.0,Lumen Learning,0.687,0.985,True,True,Statistics,English,https://example.org/learnbridge/resources/R0437,0.487
R0438,Data science Essentials 438,An original beginner learning resource that develops data science concepts through video activities and connects them with computer vision practice.,Data science|Computer vision,Beginner,Video,240,Free,0.0,Orbit Learning,0.494,0.941,True,True,None,English,https://example.org/learnbridge/resources/R0438,0.439
R0439,Responsible AI Foundations 439,An original beginner learning resource that develops responsible ai concepts through course activities and connects them with deep learning practice.,Responsible AI|Deep learning,Beginner,Course,180,Free,0.0,Forge Learning,0.957,0.838,True,True,None,English,https://example.org/learnbridge/resources/R0439,0.568
R0440,Responsible AI Applied Path 440,An original beginner learning resource that develops responsible ai concepts through course activities and connects them with data science practice.,Responsible AI|Data science,Beginner,Course,480,Free,0.0,Lumen Learning,0.485,0.996,True,True,None,English,https://example.org/learnbridge/resources/R0440,0.685
R0441,Mathematics Concept Clinic 441,An original beginner learning resource that develops mathematics concepts through practice quiz activities and connects them with deep learning practice.,Mathematics|Deep learning,Beginner,Practice quiz,480,Paid,39.0,Mosaic Learning,0.707,0.855,True,True,None,English,https://example.org/learnbridge/resources/R0441,0.486
R0442,Deep learning Applied Path 442,An original beginner learning resource that develops deep learning concepts through course activities and connects them with data science practice.,Deep learning|Data science,Beginner,Course,45,Free,0.0,Orbit Learning,0.898,0.806,True,True,None,English,https://example.org/learnbridge/resources/R0442,0.591
R0443,NLP Essentials 443,An original beginner learning resource that develops nlp concepts through tutorial activities and connects them with machine learning practice.,NLP|Machine learning,Beginner,Tutorial,30,Free,0.0,Forge Learning,0.878,0.932,True,True,None,English,https://example.org/learnbridge/resources/R0443,0.262
R0444,NLP Practice Lab 444,An original intermediate learning resource that develops nlp concepts through project activities and connects them with software engineering practice.,NLP|Software engineering,Intermediate,Project,180,Free,0.0,Beacon Learning,0.62,0.976,True,True,NLP,English,https://example.org/learnbridge/resources/R0444,0.717
R0445,SQL Essentials 445,An original intermediate learning resource that develops sql concepts through article activities and connects them with machine learning practice.,SQL|Machine learning,Intermediate,Article,180,Free,0.0,Forge Learning,0.806,0.897,True,True,SQL,English,https://example.org/learnbridge/resources/R0445,0.539
R0446,Cloud computing Field Guide 446,An original beginner learning resource that develops cloud computing concepts through course activities and connects them with python practice.,Cloud computing|Python,Beginner,Course,180,Free,0.0,Harbor Learning,0.623,0.923,True,True,None,English,https://example.org/learnbridge/resources/R0446,0.222
R0447,Responsible AI Foundations 447,An original beginner learning resource that develops responsible ai concepts through practice quiz activities and connects them with statistics practice.,Responsible AI|Statistics,Beginner,Practice quiz,30,Free,0.0,Harbor Learning,0.512,0.982,True,True,None,English,https://example.org/learnbridge/resources/R0447,0.57
R0448,Computer vision Practice Lab 448,An original intermediate learning resource that develops computer vision concepts through course activities and connects them with responsible ai practice.,Computer vision|Responsible AI,Intermediate,Course,240,Free,0.0,Circuit Learning,0.624,0.918,True,True,Mathematics,English,https://example.org/learnbridge/resources/R0448,0.133
R0449,Deep learning Workshop 449,An original advanced learning resource that develops deep learning concepts through practice quiz activities and connects them with software engineering practice.,Deep learning|Software engineering,Advanced,Practice quiz,480,Free,0.0,Forge Learning,0.793,0.86,True,True,Statistics,English,https://example.org/learnbridge/resources/R0449,0.27
R0450,Software engineering Practice Lab 450,An original intermediate learning resource that develops software engineering concepts through tutorial activities and connects them with data science practice.,Software engineering|Data science,Intermediate,Tutorial,120,Free,0.0,Sprout Learning,0.638,0.855,True,True,Statistics,English,https://example.org/learnbridge/resources/R0450,0.159
R0451,Responsible AI Applied Path 451,An original beginner learning resource that develops responsible ai concepts through course activities and connects them with cloud computing practice.,Responsible AI|Cloud computing,Beginner,Course,480,Free,0.0,Nexus Learning,0.548,0.903,True,True,None,English,https://example.org/learnbridge/resources/R0451,0.036
R0452,Statistics Essentials 452,An original advanced learning resource that develops statistics concepts through practice quiz activities and connects them with mathematics practice.,Statistics|Mathematics,Advanced,Practice quiz,90,Paid,9.0,Compass Learning,0.558,0.987,True,True,Statistics,English,https://example.org/learnbridge/resources/R0452,0.294
R0453,Computer vision Field Guide 453,An original beginner learning resource that develops computer vision concepts through project activities and connects them with deep learning practice.,Computer vision|Deep learning,Beginner,Project,60,Paid,25.0,Lumen Learning,0.588,0.969,True,True,None,English,https://example.org/learnbridge/resources/R0453,0.697
R0454,Statistics Workshop 454,An original intermediate learning resource that develops statistics concepts through tutorial activities and connects them with nlp practice.,Statistics|NLP,Intermediate,Tutorial,180,Paid,15.0,Summit Learning,0.524,0.929,True,True,Statistics,English,https://example.org/learnbridge/resources/R0454,0.236
R0455,Python Practice Lab 455,An original intermediate learning resource that develops python concepts through video activities and connects them with cloud computing practice.,Python|Cloud computing,Intermediate,Video,30,Paid,25.0,Cedar Learning,0.664,0.86,True,True,Python,English,https://example.org/learnbridge/resources/R0455,0.753
R0456,Cloud computing Workshop 456,An original intermediate learning resource that develops cloud computing concepts through project activities and connects them with data science practice.,Cloud computing|Data science,Intermediate,Project,360,Free,0.0,Nova Learning,0.868,0.85,True,True,Cloud computing,English,https://example.org/learnbridge/resources/R0456,0.232
R0457,Mathematics Practice Lab 457,An original advanced learning resource that develops mathematics concepts through article activities and connects them with statistics practice.,Mathematics|Statistics,Advanced,Article,45,Free,0.0,Willow Learning,0.587,0.843,True,True,Mathematics,English,https://example.org/learnbridge/resources/R0457,0.529
R0458,NLP Field Guide 458,An original intermediate learning resource that develops nlp concepts through practice quiz activities and connects them with software engineering practice.,NLP|Software engineering,Intermediate,Practice quiz,90,Free,0.0,Forge Learning,0.836,0.976,True,True,Python,English,https://example.org/learnbridge/resources/R0458,0.501
R0459,Cloud computing Workshop 459,An original beginner learning resource that develops cloud computing concepts through practice quiz activities and connects them with computer vision practice.,Cloud computing|Computer vision,Beginner,Practice quiz,30,Free,0.0,Beacon Learning,0.66,0.907,True,True,None,English,https://example.org/learnbridge/resources/R0459,0.262
R0460,Machine learning Concept Clinic 460,An original intermediate learning resource that develops machine learning concepts through project activities and connects them with cloud computing practice.,Machine learning|Cloud computing,Intermediate,Project,180,Paid,9.0,Forge Learning,0.704,0.958,True,True,Mathematics,English,https://example.org/learnbridge/resources/R0460,0.285
R0461,Data science Practice Lab 461,An original intermediate learning resource that develops data science concepts through tutorial activities and connects them with statistics practice.,Data science|Statistics,Intermediate,Tutorial,180,Free,0.0,Bridge Learning,0.861,0.92,True,True,Mathematics,English,https://example.org/learnbridge/resources/R0461,0.527
R0462,Python Workshop 462,An original beginner learning resource that develops python concepts through interactive exercise activities and connects them with deep learning practice.,Python|Deep learning,Beginner,Interactive exercise,30,Free,0.0,Compass Learning,0.835,0.822,True,True,None,English,https://example.org/learnbridge/resources/R0462,0.766
R0463,Computer vision Concept Clinic 463,An original intermediate learning resource that develops computer vision concepts through project activities and connects them with nlp practice.,Computer vision|NLP,Intermediate,Project,90,Paid,25.0,Sprout Learning,0.496,0.835,True,True,Mathematics,English,https://example.org/learnbridge/resources/R0463,0.406
R0464,Software engineering Practice Lab 464,An original beginner learning resource that develops software engineering concepts through video activities and connects them with statistics practice.,Software engineering|Statistics,Beginner,Video,480,Paid,15.0,Summit Learning,0.829,0.981,True,True,None,English,https://example.org/learnbridge/resources/R0464,0.26
R0465,Data science Practice Lab 465,An original beginner learning resource that develops data science concepts through tutorial activities and connects them with computer vision practice.,Data science|Computer vision,Beginner,Tutorial,360,Free,0.0,Forge Learning,0.514,0.887,True,True,None,English,https://example.org/learnbridge/resources/R0465,0.347
R0466,SQL Concept Clinic 466,An original beginner learning resource that develops sql concepts through course activities and connects them with cloud computing practice.,SQL|Cloud computing,Beginner,Course,480,Paid,25.0,Sprout Learning,0.676,0.843,True,True,None,English,https://example.org/learnbridge/resources/R0466,0.472
R0467,Software engineering Workshop 467,An original advanced learning resource that develops software engineering concepts through interactive exercise activities and connects them with deep learning practice.,Software engineering|Deep learning,Advanced,Interactive exercise,240,Free,0.0,Quill Learning,0.976,0.817,True,True,Statistics,English,https://example.org/learnbridge/resources/R0467,0.42
R0468,Software engineering Practice Lab 468,An original beginner learning resource that develops software engineering concepts through tutorial activities and connects them with sql practice.,Software engineering|SQL,Beginner,Tutorial,120,Free,0.0,Mosaic Learning,0.988,0.986,True,True,None,English,https://example.org/learnbridge/resources/R0468,0.731
R0469,Python Workshop 469,An original beginner learning resource that develops python concepts through tutorial activities and connects them with data science practice.,Python|Data science,Beginner,Tutorial,180,Free,0.0,Nexus Learning,0.472,0.934,True,True,None,English,https://example.org/learnbridge/resources/R0469,0.246
R0470,Deep learning Field Guide 470,An original beginner learning resource that develops deep learning concepts through practice quiz activities and connects them with machine learning practice.,Deep learning|Machine learning,Beginner,Practice quiz,45,Free,0.0,Orbit Learning,0.978,0.852,True,True,None,English,https://example.org/learnbridge/resources/R0470,0.527
R0471,Computer vision Workshop 471,An original advanced learning resource that develops computer vision concepts through interactive exercise activities and connects them with sql practice.,Computer vision|SQL,Advanced,Interactive exercise,90,Free,0.0,Quill Learning,0.848,0.903,True,True,Statistics,English,https://example.org/learnbridge/resources/R0471,0.394
R0472,Responsible AI Field Guide 472,An original beginner learning resource that develops responsible ai concepts through article activities and connects them with deep learning practice.,Responsible AI|Deep learning,Beginner,Article,45,Free,0.0,Lumen Learning,0.831,0.807,True,True,None,English,https://example.org/learnbridge/resources/R0472,0.454
R0473,Deep learning Workshop 473,An original intermediate learning resource that develops deep learning concepts through project activities and connects them with cloud computing practice.,Deep learning|Cloud computing,Intermediate,Project,45,Paid,25.0,Lumen Learning,0.901,0.825,True,True,Deep learning,English,https://example.org/learnbridge/resources/R0473,0.543
R0474,Statistics Concept Clinic 474,An original advanced learning resource that develops statistics concepts through video activities and connects them with responsible ai practice.,Statistics|Responsible AI,Advanced,Video,480,Free,0.0,Forge Learning,0.816,0.984,True,True,Python,English,https://example.org/learnbridge/resources/R0474,0.573
R0475,Data science Essentials 475,An original beginner learning resource that develops data science concepts through video activities and connects them with computer vision practice.,Data science|Computer vision,Beginner,Video,240,Free,0.0,Bridge Learning,0.628,0.991,True,True,None,English,https://example.org/learnbridge/resources/R0475,0.13
R0476,Mathematics Foundations 476,An original beginner learning resource that develops mathematics concepts through project activities and connects them with software engineering practice.,Mathematics|Software engineering,Beginner,Project,90,Free,0.0,Cedar Learning,0.745,0.865,True,True,None,English,https://example.org/learnbridge/resources/R0476,0.597
R0477,Computer vision Concept Clinic 477,An original beginner learning resource that develops computer vision concepts through article activities and connects them with data science practice.,Computer vision|Data science,Beginner,Article,180,Free,0.0,Atlas Learning,0.515,0.857,True,True,None,English,https://example.org/learnbridge/resources/R0477,0.275
R0478,Responsible AI Practice Lab 478,An original beginner learning resource that develops responsible ai concepts through practice quiz activities and connects them with software engineering practice.,Responsible AI|Software engineering,Beginner,Practice quiz,120,Free,0.0,Beacon Learning,0.928,0.903,True,True,None,English,https://example.org/learnbridge/resources/R0478,0.445
R0479,NLP Practice Lab 479,An original beginner learning resource that develops nlp concepts through practice quiz activities and connects them with responsible ai practice.,NLP|Responsible AI,Beginner,Practice quiz,20,Free,0.0,Pixel Learning,0.8,0.903,True,True,None,English,https://example.org/learnbridge/resources/R0479,0.534
R0480,Data science Concept Clinic 480,An original intermediate learning resource that develops data science concepts through video activities and connects them with nlp practice.,Data science|NLP,Intermediate,Video,240,Paid,15.0,Compass Learning,0.681,0.997,True,True,Mathematics,English,https://example.org/learnbridge/resources/R0480,0.455
R0481,Deep learning Foundations 481,An original intermediate learning resource that develops deep learning concepts through project activities and connects them with mathematics practice.,Deep learning|Mathematics,Intermediate,Project,90,Free,0.0,Beacon Learning,0.547,0.917,True,True,Deep learning,English,https://example.org/learnbridge/resources/R0481,0.487
R0482,SQL Field Guide 482,An original intermediate learning resource that develops sql concepts through course activities and connects them with computer vision practice.,SQL|Computer vision,Intermediate,Course,240,Paid,15.0,Sprout Learning,0.55,0.925,True,True,Mathematics,English,https://example.org/learnbridge/resources/R0482,0.554
R0483,Data science Applied Path 483,An original beginner learning resource that develops data science concepts through course activities and connects them with python practice.,Data science|Python,Beginner,Course,180,Free,0.0,Forge Learning,0.614,0.974,True,True,None,English,https://example.org/learnbridge/resources/R0483,0.532
R0484,Responsible AI Concept Clinic 484,An original advanced learning resource that develops responsible ai concepts through video activities and connects them with computer vision practice.,Responsible AI|Computer vision,Advanced,Video,20,Free,0.0,Bridge Learning,0.563,0.963,True,True,Python,English,https://example.org/learnbridge/resources/R0484,0.534
R0485,Cloud computing Foundations 485,An original beginner learning resource that develops cloud computing concepts through project activities and connects them with statistics practice.,Cloud computing|Statistics,Beginner,Project,240,Free,0.0,Lumen Learning,0.937,0.884,True,True,None,English,https://example.org/learnbridge/resources/R0485,0.57
R0486,Deep learning Foundations 486,An original beginner learning resource that develops deep learning concepts through interactive exercise activities and connects them with responsible ai practice.,Deep learning|Responsible AI,Beginner,Interactive exercise,180,Free,0.0,Nova Learning,0.79,0.81,True,True,None,English,https://example.org/learnbridge/resources/R0486,0.357
R0487,Software engineering Workshop 487,An original advanced learning resource that develops software engineering concepts through video activities and connects them with cloud computing practice.,Software engineering|Cloud computing,Advanced,Video,240,Free,0.0,Orbit Learning,0.735,0.945,True,True,Statistics,English,https://example.org/learnbridge/resources/R0487,0.673
R0488,Computer vision Practice Lab 488,An original beginner learning resource that develops computer vision concepts through tutorial activities and connects them with cloud computing practice.,Computer vision|Cloud computing,Beginner,Tutorial,120,Paid,9.0,Lumen Learning,0.606,0.89,True,True,None,English,https://example.org/learnbridge/resources/R0488,0.365
R0489,Responsible AI Applied Path 489,An original advanced learning resource that develops responsible ai concepts through project activities and connects them with nlp practice.,Responsible AI|NLP,Advanced,Project,240,Paid,39.0,Willow Learning,0.9,0.826,True,True,Mathematics,English,https://example.org/learnbridge/resources/R0489,0.371
R0490,Machine learning Workshop 490,An original beginner learning resource that develops machine learning concepts through practice quiz activities and connects them with responsible ai practice.,Machine learning|Responsible AI,Beginner,Practice quiz,240,Paid,15.0,Forge Learning,0.504,0.826,True,True,None,English,https://example.org/learnbridge/resources/R0490,0.469
R0491,Python Concept Clinic 491,An original beginner learning resource that develops python concepts through interactive exercise activities and connects them with data science practice.,Python|Data science,Beginner,Interactive exercise,45,Free,0.0,Compass Learning,0.467,0.835,True,True,None,English,https://example.org/learnbridge/resources/R0491,0.121
R0492,Statistics Essentials 492,An original beginner learning resource that develops statistics concepts through interactive exercise activities and connects them with cloud computing practice.,Statistics|Cloud computing,Beginner,Interactive exercise,20,Paid,25.0,Atlas Learning,0.911,0.954,True,True,None,English,https://example.org/learnbridge/resources/R0492,0.712
R0493,Cloud computing Practice Lab 493,An original beginner learning resource that develops cloud computing concepts through video activities and connects them with data science practice.,Cloud computing|Data science,Beginner,Video,120,Paid,59.0,Forge Learning,0.846,0.858,True,True,None,English,https://example.org/learnbridge/resources/R0493,0.232
R0494,Statistics Field Guide 494,An original advanced learning resource that develops statistics concepts through project activities and connects them with cloud computing practice.,Statistics|Cloud computing,Advanced,Project,60,Paid,25.0,Compass Learning,0.542,0.967,True,True,Statistics,English,https://example.org/learnbridge/resources/R0494,0.33
R0495,Statistics Practice Lab 495,An original intermediate learning resource that develops statistics concepts through tutorial activities and connects them with machine learning practice.,Statistics|Machine learning,Intermediate,Tutorial,60,Free,0.0,Willow Learning,0.935,0.828,True,True,Statistics,English,https://example.org/learnbridge/resources/R0495,0.552
R0496,Mathematics Applied Path 496,An original advanced learning resource that develops mathematics concepts through video activities and connects them with cloud computing practice.,Mathematics|Cloud computing,Advanced,Video,180,Free,0.0,Atlas Learning,0.937,0.562,False,True,Mathematics,English,https://example.org/learnbridge/resources/R0496,0.097
R0497,Cloud computing Field Guide 497,An original beginner learning resource that develops cloud computing concepts through practice quiz activities and connects them with sql practice.,Cloud computing|SQL,Beginner,Practice quiz,90,Paid,25.0,Bridge Learning,0.897,0.944,True,True,None,English,https://example.org/learnbridge/resources/R0497,0.178
R0498,Software engineering Foundations 498,An original intermediate learning resource that develops software engineering concepts through practice quiz activities and connects them with responsible ai practice.,Software engineering|Responsible AI,Intermediate,Practice quiz,180,Free,0.0,Orbit Learning,0.74,0.955,True,True,Mathematics,English,https://example.org/learnbridge/resources/R0498,0.348
R0499,Cloud computing Concept Clinic 499,An original beginner learning resource that develops cloud computing concepts through interactive exercise activities and connects them with software engineering practice.,Cloud computing|Software engineering,Beginner,Interactive exercise,45,Paid,59.0,Summit Learning,0.58,0.805,True,True,None,English,https://example.org/learnbridge/resources/R0499,0.83
R0500,Responsible AI Foundations 500,An original beginner learning resource that develops responsible ai concepts through video activities and connects them with cloud computing practice.,Responsible AI|Cloud computing,Beginner,Video,30,Paid,39.0,Quill Learning,0.981,0.914,True,True,None,English,https://example.org/learnbridge/resources/R0500,0.585
R0501,Responsible AI Applied Path 501,An original intermediate learning resource that develops responsible ai concepts through tutorial activities and connects them with mathematics practice.,Responsible AI|Mathematics,Intermediate,Tutorial,90,Free,0.0,Circuit Learning,0.731,0.857,True,True,Python,English,https://example.org/learnbridge/resources/R0501,0.257
R0502,NLP Foundations 502,An original beginner learning resource that develops nlp concepts through practice quiz activities and connects them with cloud computing practice.,NLP|Cloud computing,Beginner,Practice quiz,180,Free,0.0,Willow Learning,0.93,0.816,True,True,None,English,https://example.org/learnbridge/resources/R0502,0.469
R0503,Software engineering Practice Lab 503,An original intermediate learning resource that develops software engineering concepts through course activities and connects them with cloud computing practice.,Software engineering|Cloud computing,Intermediate,Course,480,Paid,39.0,Willow Learning,0.895,0.9,True,True,Statistics,English,https://example.org/learnbridge/resources/R0503,0.157
R0504,Mathematics Foundations 504,An original advanced learning resource that develops mathematics concepts through video activities and connects them with cloud computing practice.,Mathematics|Cloud computing,Advanced,Video,240,Paid,59.0,Willow Learning,0.51,0.949,True,True,Mathematics,English,https://example.org/learnbridge/resources/R0504,0.345
R0505,SQL Essentials 505,An original beginner learning resource that develops sql concepts through course activities and connects them with computer vision practice.,SQL|Computer vision,Beginner,Course,45,Free,0.0,Willow Learning,0.476,0.828,True,True,None,English,https://example.org/learnbridge/resources/R0505,0.806
R0506,Deep learning Essentials 506,An original beginner learning resource that develops deep learning concepts through interactive exercise activities and connects them with python practice.,Deep learning|Python,Beginner,Interactive exercise,20,Free,0.0,Harbor Learning,0.756,0.884,True,True,None,English,https://example.org/learnbridge/resources/R0506,0.717
R0507,Software engineering Concept Clinic 507,An original intermediate learning resource that develops software engineering concepts through tutorial activities and connects them with machine learning practice.,Software engineering|Machine learning,Intermediate,Tutorial,240,Free,0.0,Quill Learning,0.498,0.933,True,True,Python,English,https://example.org/learnbridge/resources/R0507,0.543
R0508,NLP Concept Clinic 508,An original beginner learning resource that develops nlp concepts through practice quiz activities and connects them with software engineering practice.,NLP|Software engineering,Beginner,Practice quiz,90,Paid,15.0,Bridge Learning,0.759,0.929,True,True,None,English,https://example.org/learnbridge/resources/R0508,0.579
R0509,Cloud computing Essentials 509,An original beginner learning resource that develops cloud computing concepts through tutorial activities and connects them with data science practice.,Cloud computing|Data science,Beginner,Tutorial,20,Free,0.0,Sprout Learning,0.855,0.991,True,True,None,English,https://example.org/learnbridge/resources/R0509,0.355
R0510,Python Practice Lab 510,An original intermediate learning resource that develops python concepts through article activities and connects them with nlp practice.,Python|NLP,Intermediate,Article,480,Paid,59.0,Orbit Learning,0.715,0.889,True,True,Mathematics,English,https://example.org/learnbridge/resources/R0510,0.686
R0511,Cloud computing Practice Lab 511,An original beginner learning resource that develops cloud computing concepts through article activities and connects them with machine learning practice.,Cloud computing|Machine learning,Beginner,Article,30,Free,0.0,Lumen Learning,0.482,0.831,True,True,None,English,https://example.org/learnbridge/resources/R0511,0.764
R0512,NLP Concept Clinic 512,An original beginner learning resource that develops nlp concepts through project activities and connects them with sql practice.,NLP|SQL,Beginner,Project,20,Paid,59.0,Pixel Learning,0.716,0.841,True,True,None,English,https://example.org/learnbridge/resources/R0512,0.769
R0513,Deep learning Foundations 513,An original beginner learning resource that develops deep learning concepts through course activities and connects them with software engineering practice.,Deep learning|Software engineering,Beginner,Course,60,Free,0.0,Summit Learning,0.749,0.983,True,True,None,English,https://example.org/learnbridge/resources/R0513,0.344
R0514,Machine learning Field Guide 514,An original intermediate learning resource that develops machine learning concepts through course activities and connects them with nlp practice.,Machine learning|NLP,Intermediate,Course,360,Free,0.0,Nexus Learning,0.982,0.841,True,True,Python,English,https://example.org/learnbridge/resources/R0514,0.627
R0515,Deep learning Workshop 515,An original beginner learning resource that develops deep learning concepts through course activities and connects them with python practice.,Deep learning|Python,Beginner,Course,480,Paid,9.0,Orbit Learning,0.954,0.858,True,True,None,English,https://example.org/learnbridge/resources/R0515,0.252
R0516,NLP Essentials 516,An original beginner learning resource that develops nlp concepts through project activities and connects them with mathematics practice.,NLP|Mathematics,Beginner,Project,20,Free,0.0,Cedar Learning,0.612,0.832,True,True,None,English,https://example.org/learnbridge/resources/R0516,0.568
R0517,SQL Field Guide 517,An original beginner learning resource that develops sql concepts through tutorial activities and connects them with deep learning practice.,SQL|Deep learning,Beginner,Tutorial,120,Paid,25.0,Beacon Learning,0.597,0.977,True,True,None,English,https://example.org/learnbridge/resources/R0517,0.656
R0518,NLP Foundations 518,An original advanced learning resource that develops nlp concepts through article activities and connects them with python practice.,NLP|Python,Advanced,Article,20,Free,0.0,Lumen Learning,0.673,0.922,True,True,NLP,English,https://example.org/learnbridge/resources/R0518,0.435
R0519,Data science Field Guide 519,An original beginner learning resource that develops data science concepts through project activities and connects them with software engineering practice.,Data science|Software engineering,Beginner,Project,240,Paid,39.0,Mosaic Learning,0.659,0.934,True,True,None,English,https://example.org/learnbridge/resources/R0519,0.695
R0520,Python Concept Clinic 520,An original intermediate learning resource that develops python concepts through project activities and connects them with sql practice.,Python|SQL,Intermediate,Project,120,Free,0.0,Pixel Learning,0.576,0.838,True,True,Mathematics,English,https://example.org/learnbridge/resources/R0520,0.524
R0521,Mathematics Field Guide 521,An original beginner learning resource that develops mathematics concepts through article activities and connects them with software engineering practice.,Mathematics|Software engineering,Beginner,Article,180,Paid,59.0,Compass Learning,0.717,0.822,True,True,None,English,https://example.org/learnbridge/resources/R0521,0.422
R0522,Software engineering Essentials 522,An original beginner learning resource that develops software engineering concepts through article activities and connects them with machine learning practice.,Software engineering|Machine learning,Beginner,Article,45,Paid,15.0,Compass Learning,0.844,0.852,True,True,None,English,https://example.org/learnbridge/resources/R0522,0.698
R0523,Responsible AI Applied Path 523,An original intermediate learning resource that develops responsible ai concepts through practice quiz activities and connects them with cloud computing practice.,Responsible AI|Cloud computing,Intermediate,Practice quiz,240,Free,0.0,Orbit Learning,0.911,0.8,True,True,Statistics,English,https://example.org/learnbridge/resources/R0523,0.368
R0524,Cloud computing Essentials 524,An original intermediate learning resource that develops cloud computing concepts through tutorial activities and connects them with deep learning practice.,Cloud computing|Deep learning,Intermediate,Tutorial,60,Paid,39.0,Quill Learning,0.453,0.809,True,True,Statistics,English,https://example.org/learnbridge/resources/R0524,0.23
R0525,Mathematics Field Guide 525,An original advanced learning resource that develops mathematics concepts through course activities and connects them with statistics practice.,Mathematics|Statistics,Advanced,Course,60,Paid,9.0,Nova Learning,0.465,0.839,True,True,Mathematics,English,https://example.org/learnbridge/resources/R0525,0.255
R0526,SQL Essentials 526,An original beginner learning resource that develops sql concepts through article activities and connects them with statistics practice.,SQL|Statistics,Beginner,Article,20,Paid,15.0,Cedar Learning,0.869,0.964,True,True,None,English,https://example.org/learnbridge/resources/R0526,0.432
R0527,Data science Concept Clinic 527,An original advanced learning resource that develops data science concepts through course activities and connects them with python practice.,Data science|Python,Advanced,Course,30,Free,0.0,Beacon Learning,0.48,0.957,True,True,Data science,English,https://example.org/learnbridge/resources/R0527,0.713
R0528,Python Practice Lab 528,An original advanced learning resource that develops python concepts through course activities and connects them with nlp practice.,Python|NLP,Advanced,Course,180,Free,0.0,Circuit Learning,0.701,0.847,True,True,Python,English,https://example.org/learnbridge/resources/R0528,0.625
R0529,Responsible AI Essentials 529,An original intermediate learning resource that develops responsible ai concepts through interactive exercise activities and connects them with python practice.,Responsible AI|Python,Intermediate,Interactive exercise,30,Free,0.0,Sprout Learning,0.938,0.821,True,True,Responsible AI,English,https://example.org/learnbridge/resources/R0529,0.251
R0530,Software engineering Essentials 530,An original beginner learning resource that develops software engineering concepts through article activities and connects them with deep learning practice.,Software engineering|Deep learning,Beginner,Article,20,Paid,39.0,Compass Learning,0.968,0.826,True,True,None,English,https://example.org/learnbridge/resources/R0530,0.351
R0531,Machine learning Applied Path 531,An original beginner learning resource that develops machine learning concepts through interactive exercise activities and connects them with cloud computing practice.,Machine learning|Cloud computing,Beginner,Interactive exercise,20,Free,0.0,Atlas Learning,0.481,0.904,True,True,None,English,https://example.org/learnbridge/resources/R0531,0.584
R0532,Statistics Field Guide 532,An original beginner learning resource that develops statistics concepts through practice quiz activities and connects them with data science practice.,Statistics|Data science,Beginner,Practice quiz,240,Free,0.0,Quill Learning,0.783,0.92,True,True,None,English,https://example.org/learnbridge/resources/R0532,0.4
R0533,Python Practice Lab 533,An original beginner learning resource that develops python concepts through video activities and connects them with cloud computing practice.,Python|Cloud computing,Beginner,Video,60,Free,0.0,Quill Learning,0.886,0.843,True,True,None,English,https://example.org/learnbridge/resources/R0533,0.814
R0534,Cloud computing Field Guide 534,An original beginner learning resource that develops cloud computing concepts through course activities and connects them with data science practice.,Cloud computing|Data science,Beginner,Course,480,Free,0.0,Orbit Learning,0.977,0.983,True,True,None,English,https://example.org/learnbridge/resources/R0534,0.378
R0535,Machine learning Foundations 535,An original advanced learning resource that develops machine learning concepts through article activities and connects them with computer vision practice.,Machine learning|Computer vision,Advanced,Article,20,Free,0.0,Bridge Learning,0.899,0.835,True,True,Mathematics,English,https://example.org/learnbridge/resources/R0535,0.328
R0536,NLP Foundations 536,An original intermediate learning resource that develops nlp concepts through tutorial activities and connects them with computer vision practice.,NLP|Computer vision,Intermediate,Tutorial,480,Paid,15.0,Atlas Learning,0.879,0.976,True,True,NLP,English,https://example.org/learnbridge/resources/R0536,0.297
R0537,Responsible AI Concept Clinic 537,An original advanced learning resource that develops responsible ai concepts through project activities and connects them with statistics practice.,Responsible AI|Statistics,Advanced,Project,60,Free,0.0,Atlas Learning,0.627,0.971,True,True,Mathematics,English,https://example.org/learnbridge/resources/R0537,0.061
R0538,Software engineering Concept Clinic 538,An original beginner learning resource that develops software engineering concepts through video activities and connects them with deep learning practice.,Software engineering|Deep learning,Beginner,Video,480,Paid,59.0,Mosaic Learning,0.719,0.902,True,True,None,English,https://example.org/learnbridge/resources/R0538,0.461
R0539,Mathematics Workshop 539,An original intermediate learning resource that develops mathematics concepts through tutorial activities and connects them with deep learning practice.,Mathematics|Deep learning,Intermediate,Tutorial,480,Free,0.0,Sprout Learning,0.694,0.93,True,True,Python,English,https://example.org/learnbridge/resources/R0539,0.306
R0540,Machine learning Workshop 540,An original beginner learning resource that develops machine learning concepts through video activities and connects them with computer vision practice.,Machine learning|Computer vision,Beginner,Video,30,Free,0.0,Orbit Learning,0.701,0.904,True,True,None,English,https://example.org/learnbridge/resources/R0540,0.504
R0541,Deep learning Foundations 541,An original beginner learning resource that develops deep learning concepts through video activities and connects them with nlp practice.,Deep learning|NLP,Beginner,Video,60,Free,0.0,Harbor Learning,0.905,0.815,True,True,None,English,https://example.org/learnbridge/resources/R0541,0.297
R0542,Data science Field Guide 542,An original beginner learning resource that develops data science concepts through video activities and connects them with machine learning practice.,Data science|Machine learning,Beginner,Video,120,Free,0.0,Summit Learning,0.553,0.866,True,True,None,English,https://example.org/learnbridge/resources/R0542,0.294
R0543,Cloud computing Practice Lab 543,An original beginner learning resource that develops cloud computing concepts through interactive exercise activities and connects them with sql practice.,Cloud computing|SQL,Beginner,Interactive exercise,120,Free,0.0,Circuit Learning,0.894,0.957,True,True,None,English,https://example.org/learnbridge/resources/R0543,0.641
R0544,Statistics Practice Lab 544,An original beginner learning resource that develops statistics concepts through tutorial activities and connects them with cloud computing practice.,Statistics|Cloud computing,Beginner,Tutorial,240,Paid,25.0,Cedar Learning,0.619,0.945,True,True,None,English,https://example.org/learnbridge/resources/R0544,0.186
R0545,Deep learning Applied Path 545,An original beginner learning resource that develops deep learning concepts through article activities and connects them with software engineering practice.,Deep learning|Software engineering,Beginner,Article,45,Free,0.0,Bridge Learning,0.72,0.861,True,True,None,English,https://example.org/learnbridge/resources/R0545,0.645
R0546,Computer vision Workshop 546,An original beginner learning resource that develops computer vision concepts through tutorial activities and connects them with software engineering practice.,Computer vision|Software engineering,Beginner,Tutorial,20,Free,0.0,Quill Learning,0.757,0.984,True,True,None,English,https://example.org/learnbridge/resources/R0546,0.576
R0547,Computer vision Applied Path 547,An original advanced learning resource that develops computer vision concepts through video activities and connects them with statistics practice.,Computer vision|Statistics,Advanced,Video,60,Free,0.0,Harbor Learning,0.5,0.866,True,True,Statistics,English,https://example.org/learnbridge/resources/R0547,0.512
R0548,Deep learning Applied Path 548,An original beginner learning resource that develops deep learning concepts through video activities and connects them with python practice.,Deep learning|Python,Beginner,Video,180,Paid,59.0,Cedar Learning,0.696,0.847,True,True,None,English,https://example.org/learnbridge/resources/R0548,0.377
R0549,Machine learning Workshop 549,An original beginner learning resource that develops machine learning concepts through practice quiz activities and connects them with software engineering practice.,Machine learning|Software engineering,Beginner,Practice quiz,60,Free,0.0,Harbor Learning,0.683,0.826,True,True,None,English,https://example.org/learnbridge/resources/R0549,0.497
R0550,Software engineering Practice Lab 550,An original intermediate learning resource that develops software engineering concepts through practice quiz activities and connects them with statistics practice.,Software engineering|Statistics,Intermediate,Practice quiz,60,Free,0.0,Cedar Learning,0.895,0.801,True,True,Python,English,https://example.org/learnbridge/resources/R0550,0.56
R0551,Deep learning Applied Path 551,An original intermediate learning resource that develops deep learning concepts through video activities and connects them with cloud computing practice.,Deep learning|Cloud computing,Intermediate,Video,90,Paid,25.0,Circuit Learning,0.781,0.984,True,True,Mathematics,English,https://example.org/learnbridge/resources/R0551,0.204
R0552,Responsible AI Applied Path 552,An original intermediate learning resource that develops responsible ai concepts through video activities and connects them with machine learning practice.,Responsible AI|Machine learning,Intermediate,Video,20,Free,0.0,Nexus Learning,0.608,0.974,True,True,Mathematics,English,https://example.org/learnbridge/resources/R0552,0.555
R0553,Cloud computing Workshop 553,An original advanced learning resource that develops cloud computing concepts through video activities and connects them with data science practice.,Cloud computing|Data science,Advanced,Video,360,Paid,25.0,Sprout Learning,0.723,0.865,True,True,Statistics,English,https://example.org/learnbridge/resources/R0553,0.319
R0554,Computer vision Applied Path 554,An original intermediate learning resource that develops computer vision concepts through project activities and connects them with nlp practice.,Computer vision|NLP,Intermediate,Project,20,Free,0.0,Atlas Learning,0.627,0.802,True,True,Computer vision,English,https://example.org/learnbridge/resources/R0554,0.81
R0555,Statistics Foundations 555,An original beginner learning resource that develops statistics concepts through project activities and connects them with cloud computing practice.,Statistics|Cloud computing,Beginner,Project,45,Free,0.0,Nova Learning,0.546,0.834,True,True,None,English,https://example.org/learnbridge/resources/R0555,0.342
R0556,Python Applied Path 556,An original beginner learning resource that develops python concepts through course activities and connects them with mathematics practice.,Python|Mathematics,Beginner,Course,60,Free,0.0,Nexus Learning,0.567,0.943,True,True,None,English,https://example.org/learnbridge/resources/R0556,0.375
R0557,Mathematics Foundations 557,An original advanced learning resource that develops mathematics concepts through course activities and connects them with responsible ai practice.,Mathematics|Responsible AI,Advanced,Course,240,Paid,39.0,Sprout Learning,0.952,0.81,True,True,Mathematics,English,https://example.org/learnbridge/resources/R0557,0.608
R0558,Python Concept Clinic 558,An original advanced learning resource that develops python concepts through practice quiz activities and connects them with computer vision practice.,Python|Computer vision,Advanced,Practice quiz,60,Free,0.0,Lumen Learning,0.841,0.992,True,True,Python,English,https://example.org/learnbridge/resources/R0558,0.066
R0559,Responsible AI Foundations 559,An original intermediate learning resource that develops responsible ai concepts through tutorial activities and connects them with statistics practice.,Responsible AI|Statistics,Intermediate,Tutorial,180,Free,0.0,Mosaic Learning,0.625,0.824,True,True,Python,English,https://example.org/learnbridge/resources/R0559,0.118
R0560,SQL Foundations 560,An original intermediate learning resource that develops sql concepts through video activities and connects them with mathematics practice.,SQL|Mathematics,Intermediate,Video,60,Free,0.0,Nexus Learning,0.877,0.954,True,True,Statistics,English,https://example.org/learnbridge/resources/R0560,0.361
R0561,Computer vision Concept Clinic 561,An original advanced learning resource that develops computer vision concepts through project activities and connects them with mathematics practice.,Computer vision|Mathematics,Advanced,Project,120,Paid,39.0,Cedar Learning,0.631,0.835,True,True,Mathematics,English,https://example.org/learnbridge/resources/R0561,0.536
R0562,Statistics Applied Path 562,An original intermediate learning resource that develops statistics concepts through video activities and connects them with software engineering practice.,Statistics|Software engineering,Intermediate,Video,480,Free,0.0,Willow Learning,0.859,0.825,True,True,Python,English,https://example.org/learnbridge/resources/R0562,0.546
R0563,Machine learning Workshop 563,An original beginner learning resource that develops machine learning concepts through video activities and connects them with deep learning practice.,Machine learning|Deep learning,Beginner,Video,480,Free,0.0,Summit Learning,0.621,0.525,False,False,None,English,https://example.org/learnbridge/resources/R0563,0.44
R0564,Statistics Applied Path 564,An original beginner learning resource that develops statistics concepts through article activities and connects them with computer vision practice.,Statistics|Computer vision,Beginner,Article,60,Free,0.0,Pixel Learning,0.778,0.96,True,True,None,English,https://example.org/learnbridge/resources/R0564,0.385
R0565,Deep learning Workshop 565,An original advanced learning resource that develops deep learning concepts through video activities and connects them with data science practice.,Deep learning|Data science,Advanced,Video,45,Free,0.0,Compass Learning,0.492,0.585,False,True,Python,English,https://example.org/learnbridge/resources/R0565,0.448
R0566,Machine learning Concept Clinic 566,An original beginner learning resource that develops machine learning concepts through interactive exercise activities and connects them with responsible ai practice.,Machine learning|Responsible AI,Beginner,Interactive exercise,60,Free,0.0,Forge Learning,0.493,0.854,True,True,None,English,https://example.org/learnbridge/resources/R0566,0.234
R0567,Machine learning Field Guide 567,An original beginner learning resource that develops machine learning concepts through course activities and connects them with cloud computing practice.,Machine learning|Cloud computing,Beginner,Course,30,Free,0.0,Nexus Learning,0.533,0.952,True,True,None,English,https://example.org/learnbridge/resources/R0567,0.571
R0568,Computer vision Foundations 568,An original intermediate learning resource that develops computer vision concepts through video activities and connects them with software engineering practice.,Computer vision|Software engineering,Intermediate,Video,240,Free,0.0,Compass Learning,0.844,0.983,True,True,Computer vision,English,https://example.org/learnbridge/resources/R0568,0.392
R0569,Mathematics Foundations 569,An original beginner learning resource that develops mathematics concepts through interactive exercise activities and connects them with nlp practice.,Mathematics|NLP,Beginner,Interactive exercise,480,Free,0.0,Nova Learning,0.658,0.814,True,True,None,English,https://example.org/learnbridge/resources/R0569,0.487
R0570,Mathematics Practice Lab 570,An original intermediate learning resource that develops mathematics concepts through course activities and connects them with nlp practice.,Mathematics|NLP,Intermediate,Course,120,Free,0.0,Pixel Learning,0.581,0.939,True,True,Statistics,English,https://example.org/learnbridge/resources/R0570,0.087
R0571,Mathematics Foundations 571,An original intermediate learning resource that develops mathematics concepts through interactive exercise activities and connects them with responsible ai practice.,Mathematics|Responsible AI,Intermediate,Interactive exercise,45,Free,0.0,Nova Learning,0.866,0.851,True,True,Python,English,https://example.org/learnbridge/resources/R0571,0.549
R0572,Data science Essentials 572,An original advanced learning resource that develops data science concepts through course activities and connects them with software engineering practice.,Data science|Software engineering,Advanced,Course,180,Free,0.0,Nexus Learning,0.806,0.851,True,True,Mathematics,English,https://example.org/learnbridge/resources/R0572,0.399
R0573,Mathematics Field Guide 573,An original beginner learning resource that develops mathematics concepts through tutorial activities and connects them with data science practice.,Mathematics|Data science,Beginner,Tutorial,120,Paid,15.0,Circuit Learning,0.827,0.963,True,True,None,English,https://example.org/learnbridge/resources/R0573,0.294
R0574,Computer vision Workshop 574,An original beginner learning resource that develops computer vision concepts through course activities and connects them with mathematics practice.,Computer vision|Mathematics,Beginner,Course,120,Free,0.0,Sprout Learning,0.713,0.837,True,True,None,English,https://example.org/learnbridge/resources/R0574,0.395
R0575,Statistics Practice Lab 575,An original intermediate learning resource that develops statistics concepts through project activities and connects them with python practice.,Statistics|Python,Intermediate,Project,90,Paid,59.0,Nova Learning,0.919,0.997,True,True,Statistics,English,https://example.org/learnbridge/resources/R0575,0.277
R0576,NLP Concept Clinic 576,An original intermediate learning resource that develops nlp concepts through course activities and connects them with python practice.,NLP|Python,Intermediate,Course,30,Free,0.0,Bridge Learning,0.809,0.802,True,True,Mathematics,English,https://example.org/learnbridge/resources/R0576,0.31
R0577,SQL Field Guide 577,An original intermediate learning resource that develops sql concepts through interactive exercise activities and connects them with cloud computing practice.,SQL|Cloud computing,Intermediate,Interactive exercise,120,Free,0.0,Pixel Learning,0.958,0.874,True,True,Mathematics,English,https://example.org/learnbridge/resources/R0577,0.788
R0578,NLP Foundations 578,An original beginner learning resource that develops nlp concepts through project activities and connects them with data science practice.,NLP|Data science,Beginner,Project,45,Paid,59.0,Summit Learning,0.964,0.805,True,True,None,English,https://example.org/learnbridge/resources/R0578,0.593
R0579,Deep learning Field Guide 579,An original beginner learning resource that develops deep learning concepts through article activities and connects them with software engineering practice.,Deep learning|Software engineering,Beginner,Article,120,Free,0.0,Orbit Learning,0.974,0.803,True,True,None,English,https://example.org/learnbridge/resources/R0579,0.685
R0580,Mathematics Applied Path 580,An original intermediate learning resource that develops mathematics concepts through interactive exercise activities and connects them with software engineering practice.,Mathematics|Software engineering,Intermediate,Interactive exercise,240,Free,0.0,Circuit Learning,0.609,0.997,True,True,Mathematics,English,https://example.org/learnbridge/resources/R0580,0.247
R0581,Mathematics Essentials 581,An original beginner learning resource that develops mathematics concepts through course activities and connects them with cloud computing practice.,Mathematics|Cloud computing,Beginner,Course,90,Paid,39.0,Lumen Learning,0.934,0.966,True,True,None,English,https://example.org/learnbridge/resources/R0581,0.619
R0582,Mathematics Concept Clinic 582,An original beginner learning resource that develops mathematics concepts through practice quiz activities and connects them with data science practice.,Mathematics|Data science,Beginner,Practice quiz,120,Free,0.0,Summit Learning,0.569,0.981,True,True,None,English,https://example.org/learnbridge/resources/R0582,0.486
R0583,Mathematics Concept Clinic 583,An original beginner learning resource that develops mathematics concepts through practice quiz activities and connects them with deep learning practice.,Mathematics|Deep learning,Beginner,Practice quiz,60,Free,0.0,Cedar Learning,0.798,0.986,True,True,None,English,https://example.org/learnbridge/resources/R0583,0.261
R0584,Responsible AI Foundations 584,An original advanced learning resource that develops responsible ai concepts through course activities and connects them with cloud computing practice.,Responsible AI|Cloud computing,Advanced,Course,60,Paid,9.0,Cedar Learning,0.634,0.852,True,True,Mathematics,English,https://example.org/learnbridge/resources/R0584,0.68
R0585,Computer vision Practice Lab 585,An original intermediate learning resource that develops computer vision concepts through interactive exercise activities and connects them with responsible ai practice.,Computer vision|Responsible AI,Intermediate,Interactive exercise,360,Free,0.0,Quill Learning,0.866,0.838,True,True,Statistics,English,https://example.org/learnbridge/resources/R0585,0.786
R0586,Software engineering Field Guide 586,An original beginner learning resource that develops software engineering concepts through video activities and connects them with statistics practice.,Software engineering|Statistics,Beginner,Video,240,Free,0.0,Pixel Learning,0.72,0.963,True,True,None,English,https://example.org/learnbridge/resources/R0586,0.595
R0587,Mathematics Applied Path 587,An original intermediate learning resource that develops mathematics concepts through interactive exercise activities and connects them with python practice.,Mathematics|Python,Intermediate,Interactive exercise,30,Free,0.0,Sprout Learning,0.717,0.855,True,True,Statistics,English,https://example.org/learnbridge/resources/R0587,0.428
R0588,Mathematics Concept Clinic 588,An original advanced learning resource that develops mathematics concepts through project activities and connects them with python practice.,Mathematics|Python,Advanced,Project,240,Free,0.0,Lumen Learning,0.985,0.945,True,True,Mathematics,English,https://example.org/learnbridge/resources/R0588,0.369
R0589,Computer vision Essentials 589,An original beginner learning resource that develops computer vision concepts through practice quiz activities and connects them with deep learning practice.,Computer vision|Deep learning,Beginner,Practice quiz,60,Free,0.0,Circuit Learning,0.503,0.94,True,True,None,English,https://example.org/learnbridge/resources/R0589,0.27
R0590,Deep learning Foundations 590,An original beginner learning resource that develops deep learning concepts through article activities and connects them with cloud computing practice.,Deep learning|Cloud computing,Beginner,Article,60,Free,0.0,Mosaic Learning,0.842,0.947,True,True,None,English,https://example.org/learnbridge/resources/R0590,0.291
R0591,Data science Essentials 591,An original advanced learning resource that develops data science concepts through article activities and connects them with computer vision practice.,Data science|Computer vision,Advanced,Article,30,Paid,39.0,Atlas Learning,0.789,0.996,True,True,Mathematics,English,https://example.org/learnbridge/resources/R0591,0.498
R0592,Mathematics Field Guide 592,An original advanced learning resource that develops mathematics concepts through practice quiz activities and connects them with software engineering practice.,Mathematics|Software engineering,Advanced,Practice quiz,30,Paid,39.0,Mosaic Learning,0.456,0.956,True,True,Statistics,English,https://example.org/learnbridge/resources/R0592,0.159
R0593,Statistics Practice Lab 593,An original intermediate learning resource that develops statistics concepts through tutorial activities and connects them with python practice.,Statistics|Python,Intermediate,Tutorial,30,Free,0.0,Forge Learning,0.99,0.959,True,True,Python,English,https://example.org/learnbridge/resources/R0593,0.736
R0594,Mathematics Essentials 594,An original beginner learning resource that develops mathematics concepts through project activities and connects them with cloud computing practice.,Mathematics|Cloud computing,Beginner,Project,180,Paid,59.0,Forge Learning,0.485,0.911,True,True,None,English,https://example.org/learnbridge/resources/R0594,0.476
R0595,Statistics Concept Clinic 595,An original advanced learning resource that develops statistics concepts through article activities and connects them with mathematics practice.,Statistics|Mathematics,Advanced,Article,45,Paid,25.0,Nova Learning,0.471,0.801,True,True,Statistics,English,https://example.org/learnbridge/resources/R0595,0.711
R0596,Python Workshop 596,An original advanced learning resource that develops python concepts through tutorial activities and connects them with machine learning practice.,Python|Machine learning,Advanced,Tutorial,360,Free,0.0,Harbor Learning,0.475,0.834,True,True,Python,English,https://example.org/learnbridge/resources/R0596,0.506
R0597,NLP Applied Path 597,An original advanced learning resource that develops nlp concepts through interactive exercise activities and connects them with software engineering practice.,NLP|Software engineering,Advanced,Interactive exercise,360,Free,0.0,Orbit Learning,0.578,0.842,True,True,NLP,English,https://example.org/learnbridge/resources/R0597,0.139
R0598,Software engineering Essentials 598,An original beginner learning resource that develops software engineering concepts through interactive exercise activities and connects them with cloud computing practice.,Software engineering|Cloud computing,Beginner,Interactive exercise,480,Free,0.0,Summit Learning,0.591,0.884,True,True,None,English,https://example.org/learnbridge/resources/R0598,0.526
R0599,Responsible AI Applied Path 599,An original advanced learning resource that develops responsible ai concepts through article activities and connects them with computer vision practice.,Responsible AI|Computer vision,Advanced,Article,30,Free,0.0,Sprout Learning,0.836,0.926,True,True,Mathematics,English,https://example.org/learnbridge/resources/R0599,0.452
R0600,Machine learning Foundations 600,An original advanced learning resource that develops machine learning concepts through course activities and connects them with computer vision practice.,Machine learning|Computer vision,Advanced,Course,480,Free,0.0,Nexus Learning,0.509,0.849,True,True,Mathematics,English,https://example.org/learnbridge/resources/R0600,0.386
